elevation_m,slope_degree,soil_moisture_pct,ndvi,ANNUAL,landslide_risk_label
4005.2,25.09,93.0,0.873,2684.950757857667,1
241.4,8.68,37.71,0.765,2684.950757857667,0
2232.0,20.05,66.33,0.512,5486.3,0
1193.1,19.37,86.34,0.833,4693.9,1
775.4,38.67,81.83,0.817,4106.7,1
2167.7,13.98,66.59,0.872,5691.4,1
4184.5,30.32,45.1,0.521,4187.2,0
360.1,30.43,61.93,0.605,3507.5,1
4048.1,40.55,68.01,0.508,4450.5,0
317.6,24.0,79.11,0.521,4439.8,0
1309.5,15.82,35.47,0.493,3521.6,0
231.2,15.63,51.34,0.508,5253.2,0
737.4,22.24,81.2,0.631,5272.7,1
2265.2,43.55,48.04,0.415,4320.2,1
840.7,25.18,57.83,0.585,4334.1,1
189.4,11.85,48.88,0.741,4872.1,1
2541.8,11.35,53.27,0.429,4850.9,0
605.6,39.17,40.18,0.78,3773.3,1
1116.4,37.26,19.6,0.538,4575.7,0
254.3,10.0,39.17,0.629,4173.7,0
528.1,10.94,57.23,0.915,4788.9,1
264.1,17.43,6.58,0.391,3375.1,1
3488.7,21.14,29.27,0.559,6129.0,1
614.5,31.41,41.89,0.395,3898.7,1
3578.6,23.94,76.95,0.842,4099.3,0
540.3,5.38,52.64,0.904,4220.2,1
1226.3,17.06,31.74,0.516,3828.2,1
1288.1,30.37,50.01,0.448,4326.7,0
1601.1,24.27,35.94,0.549,3904.3,0
1725.3,12.83,53.0,0.677,3649.3,0
1700.4,24.52,86.51,0.821,4011.2,1
557.2,16.66,41.37,0.622,4369.1,0
3752.8,7.43,25.38,0.437,6331.1,0
170.0,1.78,40.79,0.619,4874.7,0
2325.7,21.28,95.13,0.877,2684.950757857667,0
1030.3,30.25,40.65,0.529,3354.2,1
660.2,9.09,61.9,0.742,2396.1,1
2171.8,34.42,70.59,0.318,2684.950757857667,1
3198.4,6.96,61.31,0.398,2684.950757857667,0
706.0,43.35,67.93,0.612,5063.5,1
4289.5,7.17,46.8,0.657,4195.5,1
247.0,1.73,35.73,0.822,3709.4,0
1082.4,11.69,55.32,0.654,3676.5,1
1469.2,33.83,83.93,0.418,2684.950757857667,0
577.8,16.42,24.15,0.402,4138.0,0
1535.8,14.04,74.6,0.379,4959.3,1
1987.5,23.76,66.91,0.772,2196.8,0
451.2,7.53,71.09,0.561,2209.6,1
2731.2,29.77,81.13,0.535,1668.5,1
780.2,5.06,83.71,0.573,2139.0,0
1539.0,38.11,50.62,0.57,1877.7,1
735.9,44.86,62.05,0.531,1973.4,0
904.7,22.31,35.78,0.462,2184.5,0
2033.2,16.55,67.97,0.639,2281.3,1
1005.6,12.21,58.15,0.316,2457.5,0
278.8,16.61,53.66,0.501,3063.9,0
1804.7,10.3,47.87,0.95,2213.3,1
343.1,4.02,88.58,0.894,2419.5,1
2079.4,5.16,88.46,0.433,3774.3,0
167.1,22.38,75.55,0.672,2531.0,0
699.6,38.64,27.24,0.477,2773.6,0
1932.4,20.03,70.31,0.644,3215.3,0
2924.5,18.78,35.4,0.876,2790.9,0
39.4,9.88,65.03,0.556,2779.5,1
2266.9,27.67,85.0,0.414,3335.3,1
701.1,3.88,6.72,0.531,3278.0,1
1476.6,49.41,25.9,0.658,3266.2,1
288.5,26.87,58.93,0.486,2495.6,1
1262.7,23.48,72.95,0.671,3433.2,0
2314.3,15.07,68.62,0.39,4155.3,0
2191.1,20.64,61.84,0.464,3281.6,0
167.1,9.83,72.68,0.591,3604.0,1
3624.6,20.68,70.14,0.607,3434.4,0
197.7,13.68,70.37,0.501,2707.0,0
1423.5,21.77,55.39,0.723,3348.9,1
1170.0,52.11,80.57,0.318,2287.4,1
375.9,21.24,41.91,0.712,3068.8,1
1879.7,37.46,41.61,0.579,2520.5,0
3608.7,24.37,77.89,0.508,2274.9,0
630.4,15.81,55.92,0.442,3616.7,1
4102.4,4.75,42.33,0.457,2316.6,0
664.3,20.64,66.92,0.643,2596.8,0
1567.2,9.02,63.92,0.614,2036.0,0
582.4,10.55,47.23,0.449,2389.2,1
508.3,11.02,40.09,0.737,2451.8,1
2075.9,23.78,77.33,0.468,2545.7,1
3338.9,12.15,60.87,0.246,2335.5,0
655.0,16.21,50.61,0.329,2259.6,1
2944.2,19.8,71.52,0.819,3020.7,0
269.7,12.53,23.8,0.722,2244.4,0
1906.8,8.1,58.11,0.435,1749.9,0
1053.1,15.6,64.33,0.124,2855.7,1
1432.4,15.61,38.82,0.805,2193.7,1
1313.0,21.55,72.85,0.854,3440.3,0
1045.7,11.61,62.53,0.584,2042.9,1
115.3,15.36,50.81,0.6,2403.2,0
2231.7,12.46,38.65,0.598,2767.5,1
572.5,23.7,64.67,0.495,2706.9,0
857.1,30.09,88.38,0.119,2745.3,1
1178.6,6.65,5.0,0.664,2498.6,0
1115.9,27.54,89.48,0.602,2952.1,1
282.6,8.75,38.3,0.741,2544.7,1
2866.5,14.6,55.68,0.673,2664.1,1
638.9,38.07,72.59,0.885,2790.6,0
2023.5,7.51,37.41,0.402,2663.4,1
293.8,17.08,29.62,0.3,2521.1,0
2013.8,36.98,11.63,0.856,2277.8,0
578.4,22.56,72.16,0.287,2377.0,1
722.6,32.24,57.02,0.406,2887.3,1
1795.9,23.59,66.63,0.888,3096.2,1
2964.5,6.98,70.89,0.451,2743.5,0
494.6,10.05,58.65,0.944,2760.5,1
2824.3,34.18,77.85,0.743,2343.8,1
282.7,12.62,77.17,0.71,3165.1,0
2085.5,23.99,67.07,0.594,2601.1,0
984.9,27.02,40.59,0.258,2519.9,0
675.2,28.7,69.66,0.494,3106.8,0
2488.4,32.54,23.71,0.658,2344.2,1
784.4,22.1,66.96,0.837,2623.6,0
46.1,14.7,43.89,0.546,2999.7,1
3476.5,42.57,92.55,0.557,2261.9,1
333.1,14.29,51.13,0.719,2440.6,0
1831.9,42.75,21.47,0.608,2691.4,0
1719.7,29.07,43.87,0.698,2550.5,1
325.0,19.85,43.95,0.633,2511.7,1
2307.8,30.27,68.19,0.95,2793.1,0
4154.4,28.5,80.3,0.064,2634.3,0
446.3,7.99,44.88,0.604,2953.8,1
1514.5,13.94,62.77,0.403,2550.7,1
774.7,4.14,43.94,0.513,2800.1,1
2176.4,23.16,36.46,0.738,2888.7,1
861.2,54.23,88.32,0.712,2339.1,1
824.9,8.53,20.43,0.356,3074.9,0
865.0,24.98,60.08,0.608,2678.4,1
1144.3,17.97,42.8,0.506,2671.3,0
284.8,8.62,76.17,0.745,2324.6,1
2333.3,19.15,71.05,0.95,2786.5,0
280.7,12.58,81.25,0.74,2401.6,1
862.9,45.51,41.45,0.408,2451.6,0
1033.4,7.45,83.67,0.597,2709.5,0
959.7,21.72,56.37,0.378,2677.0,1
2001.6,46.53,63.73,0.306,2703.7,1
4879.1,20.81,43.47,0.767,2524.3,0
379.2,8.95,48.7,0.434,2665.7,1
1657.2,26.26,62.48,0.491,2679.5,0
327.6,15.1,59.82,0.646,2643.3,1
2074.5,14.33,63.47,0.832,3185.4,0
1618.2,18.33,72.84,0.78,2983.4,0
1481.1,10.37,38.44,0.769,2392.4,0
2399.1,4.23,61.15,0.34,2613.8,0
2577.5,45.21,54.41,0.567,2851.3,1
182.9,24.93,47.71,0.95,2559.9,1
3983.0,6.85,100.0,0.548,2859.1,0
371.8,39.1,29.04,0.508,2761.2,0
1802.8,60.0,56.89,0.422,2802.9,1
1670.8,14.78,42.57,0.792,2257.2,1
699.3,18.89,58.17,0.704,2626.4,0
1626.7,27.88,44.48,0.223,2535.8,0
4358.2,23.19,47.96,0.791,2342.2,0
344.2,14.99,91.02,0.623,2195.3,1
3379.0,27.57,58.16,0.676,2295.9,1
582.4,5.33,73.62,0.432,2511.8,0
2110.7,28.41,88.92,0.684,2729.6,0
923.8,12.3,75.58,0.425,2398.9,0
1579.4,24.82,69.63,0.095,2789.3,0
1748.5,14.55,45.13,0.237,2123.4,0
3122.0,16.24,67.68,0.821,2530.8,0
347.4,26.08,37.2,0.503,2332.2,1
3984.1,40.05,53.3,0.266,3048.4,0
266.5,18.97,59.98,0.422,2315.1,0
1170.4,9.58,45.97,0.299,2379.1,0
1272.1,19.26,90.74,0.539,2672.1,1
543.7,17.24,69.18,0.827,3403.5,1
267.1,20.64,28.47,0.476,2270.6,0
2386.2,24.61,91.9,0.591,1956.0,1
586.9,11.15,79.88,0.724,2616.6,0
3419.2,25.15,62.29,0.673,2011.9,1
788.1,2.54,58.65,0.552,2188.5,1
1626.5,17.77,50.0,0.41,2289.2,1
644.0,44.75,46.2,0.337,2079.3,1
1348.2,25.75,32.51,0.423,2382.2,0
2362.0,35.3,39.09,0.231,2620.0,0
4532.4,33.32,19.44,0.586,3157.0,1
161.9,15.8,59.33,0.628,2801.6,1
3404.0,21.87,40.2,0.559,2592.8,0
239.1,4.0,20.71,0.274,2921.4,1
1924.3,21.65,23.25,0.884,3261.7,0
287.9,27.57,27.79,0.625,2682.1,0
1767.2,13.52,72.48,0.95,2771.2,0
1906.7,8.99,57.56,0.342,2838.0,1
2574.4,26.77,61.77,0.719,2259.8,1
278.8,4.25,25.73,0.633,2879.2,0
4292.4,7.61,64.89,0.664,2121.3,1
605.9,4.78,51.72,0.524,2886.1,0
724.8,25.33,48.09,0.95,2466.9,1
174.1,60.0,56.33,0.482,2372.2,1
382.4,18.5,11.31,0.507,2803.1,1
291.6,34.93,63.34,0.367,2594.2,1
1053.4,41.59,76.68,0.833,2487.0,1
301.2,7.15,44.44,0.432,2178.4,0
2516.5,41.96,27.8,0.701,2392.7,1
411.6,13.35,40.61,0.768,2434.1,1
952.3,25.8,27.48,0.565,2994.3,1
1770.8,3.97,68.2,0.608,2468.3,1
458.1,35.94,31.18,0.63,1898.6,0
1718.6,18.43,64.36,0.562,2752.8,0
1523.5,14.96,27.49,0.764,2339.7,0
143.8,41.12,68.7,0.533,2068.2,0
2893.8,3.61,48.54,0.637,2711.5,0
203.0,10.8,94.12,0.702,1743.4,1
1314.0,3.36,22.02,0.896,2609.4,0
1273.6,6.06,42.47,0.635,1816.4,0
1179.0,10.17,49.42,0.658,2206.1,1
1664.3,60.0,41.81,0.473,2470.9,1
3946.0,60.0,37.11,0.668,2266.9,1
36.3,30.44,43.23,0.684,2711.7,1
3923.7,9.82,78.98,0.204,2685.659256679832,0
463.0,8.67,64.96,0.442,2061.397520468671,0
1353.9,34.1,49.96,0.443,2189.4362941532304,1
1068.3,19.67,55.7,0.605,4352.844609566357,0
1465.0,24.78,49.66,0.619,2273.0512343848054,1
571.4,12.27,32.49,0.18,3593.561930529321,0
4210.9,19.81,69.82,0.785,2799.420587481283,1
93.9,7.48,68.05,0.559,4821.191928978767,0
2828.6,19.87,70.0,0.454,2667.2583869173627,0
369.0,23.45,43.35,0.426,2403.4310967882457,0
725.1,11.69,92.43,0.769,2638.476877881224,0
450.4,13.78,52.0,0.668,2214.985640766167,0
304.7,18.38,83.73,0.571,3353.5839438385897,1
321.8,13.86,46.09,0.52,3032.3527002312085,1
2306.2,18.04,53.52,0.14,2242.669611519476,1
776.5,3.22,59.59,0.554,3124.472902418456,1
3124.6,37.68,41.88,0.461,2465.408754395063,1
769.2,28.56,54.2,0.427,2781.3195458913096,1
1566.8,18.46,56.45,0.43,2584.307817898941,0
1179.3,25.24,60.08,0.654,2889.2172240181835,1
1186.8,26.44,42.42,0.719,2550.823130674169,1
2311.1,15.68,78.6,0.312,2174.0624939865065,1
2988.2,29.35,50.42,0.253,2684.950757857667,0
25.5,17.17,28.83,0.735,2254.859807753428,0
4203.3,12.98,24.12,0.484,2518.907161985229,0
113.5,44.49,66.01,0.674,2684.950757857667,1
2342.6,28.29,89.8,0.805,2780.943901636676,1
1437.3,36.03,29.73,0.642,2851.564782923694,0
1054.6,13.57,68.43,0.685,2686.784111228885,0
2270.3,10.75,52.26,0.825,4769.3404293675485,1
3677.8,3.35,41.4,0.51,2302.789473545217,0
770.9,60.0,53.6,0.504,2484.011038256434,1
3047.3,32.61,64.44,0.389,2457.528969153693,0
726.1,14.15,69.34,0.884,3380.497429721512,0
2116.6,10.44,48.99,0.625,3033.561059157864,1
681.9,4.77,72.4,0.757,1662.9636170775568,0
558.3,10.47,56.96,0.339,3751.721656872296,0
890.9,23.85,73.12,0.791,2329.5715933092383,1
2202.8,15.56,27.84,0.727,2685.6371713274707,0
580.8,21.18,68.03,0.644,2069.177662274698,1
2621.1,16.91,52.14,0.805,4332.6249883890105,0
663.7,3.83,53.95,0.912,2830.910841368712,0
1297.8,22.95,59.75,0.59,2822.5186668088863,0
697.9,18.8,62.77,0.666,1955.02979846008,0
444.8,24.09,34.97,0.8,2816.0110494920827,0
1593.7,20.23,49.86,0.564,1909.9643999672844,0
3467.3,23.89,34.99,0.644,2383.143345897145,1
467.5,17.65,67.61,0.467,2385.942183865746,1
3839.1,12.95,34.55,0.699,2811.374486974626,1
91.5,5.7,81.25,0.764,2923.6100067153707,0
1495.4,33.02,60.32,0.557,1872.9659301150868,1
1007.2,50.94,47.63,0.614,2661.813440380656,0
1149.2,38.76,100.0,0.902,4820.019726512721,1
1102.1,34.12,70.71,0.68,3467.251576484308,1
1475.5,9.21,68.06,0.408,2488.467483596218,1
508.6,16.73,68.84,0.552,3793.726731107691,1
2198.9,12.36,46.85,0.446,2369.2569666882487,1
212.8,16.23,66.42,0.419,3004.9361010329,0
1343.5,39.97,78.45,0.322,2508.361931868978,1
1883.8,26.27,40.63,0.376,4336.88702896279,1
996.3,23.92,44.82,0.551,4502.479252408107,0
2142.9,34.9,67.99,0.653,2280.510278761162,0
4469.9,14.55,100.0,0.409,2203.842679295996,0
659.4,11.89,44.75,0.571,2797.387979346825,0
2351.2,20.72,18.65,0.666,2390.5704204799777,0
135.0,9.42,29.14,0.798,2854.8248956274256,1
973.5,8.61,59.71,0.574,2736.543978162063,1
1432.6,17.62,63.04,0.699,2665.8105266431908,1
741.8,16.63,25.63,0.736,2505.0986926225687,0
1648.0,19.9,78.71,0.545,2637.4507587395806,1
4349.1,7.97,37.83,0.513,3529.1286289150894,1
214.3,13.16,65.92,0.541,1943.370507538218,0
1763.5,22.33,74.78,0.496,2684.950757857667,1
561.2,19.29,57.99,0.727,2733.780380782955,0
1587.9,10.81,71.05,0.741,2275.1133855664875,0
504.5,20.39,25.6,0.753,2436.263866539175,0
1618.4,13.92,65.84,0.384,2164.399785797284,1
635.8,29.13,23.3,0.385,2782.2902330867696,1
4274.5,16.58,18.87,0.74,2391.9975611375176,0
643.7,8.05,49.93,0.737,2684.950757857667,1
3284.1,19.04,30.39,0.741,2693.334505211358,0
641.0,12.41,38.44,0.29,2244.357485918228,1
1861.1,31.07,18.87,0.569,2486.795205402757,0
633.4,9.88,74.57,0.439,4698.529444909196,0
344.7,29.67,84.79,0.697,2307.799681322027,1
275.8,7.09,64.12,0.488,2303.660981756622,0
3493.8,33.06,29.73,0.529,2650.0408600745645,0
58.0,24.49,56.21,0.476,2684.950757857667,0
2594.5,17.15,71.13,0.793,2542.62625657266,0
406.9,20.7,55.69,0.62,2391.561877939758,1
1959.0,33.14,98.08,0.365,2823.312581719355,0
319.9,16.23,35.83,0.842,4331.333121723183,0
1309.3,13.91,49.17,0.715,2057.9077541832685,0
1116.3,24.81,80.61,0.859,2182.012275075969,1
2278.8,10.93,89.31,0.464,4352.069989854987,0
631.0,19.13,73.03,0.798,2199.106940673723,1
2142.3,33.62,37.22,0.683,2758.728536155216,1
358.4,30.54,57.58,0.374,2283.9883522405453,0
2166.3,28.07,31.27,0.488,2847.0044955486064,0
318.0,22.1,71.22,0.385,5076.1663329375215,0
493.8,17.13,21.43,0.557,2200.4821508047494,0
1255.3,10.42,48.94,0.595,2049.0490728887407,1
3051.5,14.14,36.81,0.696,2591.5431014636447,1
858.3,6.66,38.58,0.801,2752.043814022026,0
4156.4,23.5,45.87,0.279,2130.5033494533595,1
109.0,23.37,33.94,0.428,3869.197242807223,0
2166.7,45.53,31.14,0.56,2741.916337676123,1
659.8,29.03,37.71,0.615,2643.683697193413,1
618.2,25.03,50.18,0.692,2549.478228726483,0
1203.2,60.0,72.56,0.599,4135.059160694053,1
503.3,12.45,67.72,0.279,2636.6247449482203,1
110.6,19.55,51.65,0.495,4325.321686738902,1
3073.6,30.9,54.05,0.582,4142.919500210643,0
171.6,18.11,51.39,0.32,3364.3747088791624,0
1391.5,10.66,64.69,0.66,3040.7659783998447,0
1458.5,15.24,37.05,0.835,3250.4815312999563,0
516.3,24.94,89.74,0.873,4426.707325961715,0
1000.5,29.61,71.71,0.544,2238.3265750358687,1
2196.9,20.05,49.76,0.764,2620.7644344716787,1
591.4,17.96,78.13,0.95,2279.82934219492,1
1657.8,20.68,100.0,0.528,2703.736114317201,0
363.6,18.7,29.89,0.665,2819.096389581347,1
2206.9,26.35,50.12,0.789,2449.417892374216,1
1019.6,33.5,94.51,0.541,2309.486331440551,1
1789.6,13.26,67.6,0.633,2360.4814930978946,0
2461.9,10.79,8.59,0.901,2684.458214969975,0
1596.9,30.33,30.36,0.714,2742.6267488592894,0
757.5,16.74,28.23,0.448,6311.834278477912,1
3899.0,22.52,40.26,0.428,2697.035395315583,0
529.4,13.29,33.71,0.381,4135.057408542527,1
1808.7,47.34,49.6,0.926,4180.34933192658,1
541.1,8.89,69.2,0.568,4323.599275108623,0
1290.1,20.79,67.1,0.517,2698.3583458224143,1
682.8,44.34,58.21,0.635,2351.721685503757,0
3550.6,18.7,49.9,0.805,3623.001351533318,0
113.6,35.55,80.23,0.725,5238.462936454374,1
3989.9,22.48,48.31,0.7,2535.833605734109,1
173.9,25.42,74.78,0.766,6326.325498828966,0
1605.9,38.96,66.82,0.603,2195.98669060214,0
156.2,15.65,57.21,0.31,2855.4734020128785,1
721.5,17.63,67.8,0.363,3245.935801489769,0
1442.4,20.49,77.59,0.841,2700.531728248073,1
4864.7,16.79,45.09,0.664,2383.2725654621345,1
809.5,20.29,40.45,0.304,2775.4985270499988,0
2818.2,27.93,28.51,0.728,2669.4259514570767,0
317.1,5.04,76.09,0.288,2781.5113938283102,0
853.6,17.32,54.11,0.667,2463.103845248299,0
895.7,10.74,64.98,0.531,2684.950757857667,0
820.6,16.45,30.68,0.364,2141.428637855393,1
1896.4,14.37,66.82,0.76,2927.772365838786,1
1104.0,40.03,63.63,0.507,1941.539218335409,0
333.5,6.98,89.45,0.652,2775.749049448036,0
1977.7,16.62,38.34,0.693,2901.320064695449,1
124.6,9.23,51.51,0.569,2684.950757857667,1
960.1,6.82,18.02,0.495,4112.358284622189,0
1321.3,33.3,44.86,0.43,2699.6978364350243,0
330.0,11.89,69.53,0.396,2691.1700357014547,1
1664.4,22.07,72.14,0.488,3868.951628340648,1
1847.2,18.67,80.09,0.105,2777.085057561983,1
180.4,22.71,68.64,0.768,2406.7505888973187,0
2571.9,21.31,76.48,0.521,4288.067162363239,1
592.9,6.23,36.52,0.389,2240.2761252121395,0
817.1,21.02,62.69,0.914,3709.5640945014006,1
680.1,3.29,73.56,0.624,2568.1078185911338,0
1406.7,11.89,40.32,0.858,1922.696791585368,1
1218.2,27.34,57.84,0.95,2318.576053041699,1
3990.5,30.31,26.7,0.619,2810.385139062623,1
569.6,13.19,71.26,0.42,2411.382133080179,1
3273.3,17.76,27.74,0.026,1968.3966079677955,0
238.2,22.67,76.4,0.519,2373.315936023316,1
2358.2,7.02,37.74,0.577,2332.098200053112,1
736.0,18.19,93.5,0.43,2847.050589069036,1
1483.1,3.33,51.68,0.95,2490.5084339065006,0
411.8,17.03,21.41,0.596,2399.1204566785423,0
2612.2,19.1,62.02,0.396,3884.9946943766754,1
739.9,11.4,59.28,0.95,3368.893551198152,0
3310.3,13.08,33.61,0.671,5281.733437739877,0
610.5,19.42,55.79,0.562,2164.2563547397017,1
2316.9,17.08,71.39,0.433,3256.761531169449,1
382.5,30.62,61.23,0.353,3244.967311663831,1
971.9,11.7,48.12,0.883,2533.0239299967925,1
2493.2,19.99,48.87,0.256,4363.6885501785855,0
3467.6,30.0,18.52,0.854,3283.762687383143,1
51.7,10.28,32.2,0.549,2296.738683605749,0
3391.1,33.7,52.8,0.518,4155.902262729769,1
530.9,17.61,38.36,0.8,3254.384722066335,0
1496.1,18.8,42.6,0.619,2579.859582876045,1
1693.8,12.59,39.17,0.27,2676.6370043858765,0
300.9,11.97,68.03,0.671,4310.950126317843,0
330.1,24.52,84.15,0.596,4341.8780180384965,0
4849.3,14.53,44.71,0.68,2389.702612857087,0
451.5,26.3,50.96,0.423,2684.950757857667,0
2270.6,26.29,8.97,0.455,2391.607034507745,0
252.1,22.62,37.54,0.398,3617.704191206668,0
1222.2,10.17,96.54,0.623,2799.035956869965,0
1190.3,11.53,88.95,0.447,3348.2691409536887,1
499.0,20.51,96.1,0.475,2924.492937517376,0
797.9,16.26,73.99,0.807,2861.6742753913727,1
4175.5,16.94,70.07,0.447,2801.258713955827,1
189.6,23.69,43.79,0.628,2537.1222743549674,1
3397.4,29.69,73.9,0.607,2250.0545230505245,0
678.7,8.43,47.78,0.84,3764.486818085242,1
2213.5,29.07,42.9,0.759,2815.345459010716,0
664.0,7.99,71.22,0.111,2268.65162017552,1
1447.2,13.2,66.35,0.736,2559.4997843127985,0
1667.3,6.79,71.4,0.081,1937.1469231371364,1
668.6,12.92,59.73,0.821,5492.06454037315,0
429.4,25.87,89.87,0.582,2671.764673908496,0
2032.2,15.56,61.77,0.721,2617.2343752734578,0
93.0,13.0,50.33,0.515,2152.2245082151394,1
2084.6,13.46,54.68,0.512,2766.7755431669702,1
1151.9,45.27,75.64,0.396,2763.5690978869907,1
1644.4,24.38,76.46,0.412,3205.352225112271,1
1143.2,33.31,71.06,0.731,2802.633127375403,1
3687.8,15.66,87.06,0.264,1847.2285925322765,1
722.4,3.18,67.54,0.642,2682.944995770972,0
2165.3,27.25,32.7,0.699,2552.0398537024125,0
650.9,17.34,57.64,0.674,2313.320791879657,1
1266.7,21.43,68.05,0.648,3801.76208810786,0
957.5,16.69,18.46,0.675,2367.658672398317,0
1202.5,28.84,6.07,0.527,2204.576812432877,0
339.7,20.12,34.3,0.748,2436.900058010508,1
2081.0,22.77,66.17,0.78,2712.005724997667,1
493.5,19.21,43.4,0.623,2073.858118563302,0
1552.1,11.33,63.74,0.422,2335.9558198814443,0
474.7,23.68,37.85,0.427,3185.3499702434883,0
966.6,14.95,38.66,0.711,2918.04091617855,1
1794.6,38.0,88.36,0.445,1966.3315176964545,1
1180.1,9.01,55.9,0.22,5236.303177999061,1
907.2,21.44,52.76,0.527,2684.950757857667,0
3327.7,23.05,57.24,0.407,2818.304479207952,1
397.5,48.43,73.48,0.677,2902.065589506656,1
2837.1,41.81,81.36,0.778,2359.663456726264,1
87.2,10.84,78.98,0.541,2930.194744511276,0
1010.9,19.41,92.16,0.491,2366.63936132196,1
1122.7,27.97,75.51,0.708,2812.844548700845,1
1199.8,23.79,87.61,0.74,2299.965713621068,0
2064.7,16.7,55.67,0.818,3265.7748107245043,1
2114.4,8.78,100.0,0.545,2291.181778520111,1
106.3,9.81,21.88,0.667,2684.950757857667,1
3001.7,9.57,21.89,0.556,2801.1887047944824,0
537.1,8.75,60.57,0.463,2255.33609501952,1
1703.7,15.18,67.37,0.382,2358.2079522794097,0
1113.2,44.82,45.64,0.647,2518.0162637431126,1
971.9,6.5,66.0,0.488,3189.547509750043,1
823.0,29.43,53.09,0.501,2803.564754914546,1
2073.3,37.24,27.46,0.95,2815.483022458385,1
513.3,4.28,44.97,0.669,2174.717599908796,0
3549.8,59.27,62.0,0.499,2665.7119332618686,1
460.0,29.31,43.47,0.873,2228.341618537338,1
2386.0,51.97,54.68,0.591,2601.026859221632,0
590.7,21.83,72.67,0.561,2210.7684705868546,1
859.8,9.71,63.26,0.529,2471.413074755585,1
2262.1,25.05,70.75,0.588,3162.7401089778887,0
1611.8,16.12,40.52,0.597,2989.1307046811435,0
535.3,4.52,47.13,0.43,2758.009914508689,1
2508.3,40.42,49.36,0.419,2676.425523627031,1
154.8,37.13,56.19,0.42,2674.612080679506,1
2477.2,25.95,41.5,0.745,2684.950757857667,0
1550.5,17.4,79.62,0.637,3847.642517530556,0
451.3,10.76,62.27,0.646,3461.359740912356,0
848.1,45.08,79.46,0.289,2576.195592845335,1
2719.2,37.29,63.01,0.319,2712.4160972691325,0
770.7,7.84,84.05,0.625,2577.722212430483,1
3641.9,30.03,71.18,0.704,2458.149176847141,1
476.8,11.2,25.36,0.791,2412.5882835547127,0
976.2,21.01,54.32,0.753,2653.72851212601,1
1471.9,19.46,49.82,0.686,2720.330508335247,0
1143.0,10.76,68.58,0.812,2387.19883405019,0
1265.6,26.27,57.45,0.199,2636.663904433388,0
2919.9,27.98,53.34,0.519,3279.7387163811804,1
258.2,9.55,67.85,0.808,4138.5635958172825,1
3064.1,25.86,66.29,0.635,2019.11573657512,0
738.6,4.83,51.42,0.693,2181.956193901395,1
1766.2,14.34,67.63,0.831,5508.557630401855,0
1689.5,18.74,64.64,0.499,2983.686623468036,0
1633.3,13.95,21.82,0.521,3277.704789510239,1
2139.0,31.09,80.7,0.351,2439.4619142910683,1
1880.0,29.4,100.0,0.619,3206.29467813857,1
742.1,31.86,27.19,0.497,2253.612684100392,0
4388.0,41.59,49.31,0.626,2458.668526741448,1
760.9,15.61,57.66,0.92,3157.7304464725567,0
761.2,26.7,19.86,0.492,2995.990860822854,0
720.6,21.61,56.27,0.568,2431.160136911666,1
1599.7,16.22,80.98,0.654,2441.567997661237,0
1181.2,15.15,54.16,0.515,2000.7713570316448,0
3624.5,35.4,63.29,0.559,2319.676959788021,0
345.2,24.04,82.85,0.598,2295.381701899852,1
1760.6,38.94,64.86,0.203,2950.5606838840527,0
632.3,28.17,72.16,0.756,2684.950757857667,1
1834.7,17.93,75.3,0.795,2588.611458611951,0
1170.3,16.8,39.71,0.707,2830.2327027500028,0
802.8,19.69,13.08,0.193,2583.8780483288324,1
2466.7,13.86,59.31,0.736,3508.9834135668493,1
2151.7,29.34,93.84,0.845,2577.24090166985,1
809.5,23.15,57.26,0.801,2198.3894594647227,1
3385.3,19.55,57.09,0.605,2862.0904641780685,1
568.9,8.94,67.81,0.596,2320.5263416842504,1
1955.7,37.48,68.94,0.765,3691.893419948606,0
1211.8,32.43,75.47,0.17,2711.6126783738955,0
1202.0,43.11,50.13,0.571,4186.356978167161,0
1549.4,17.28,49.78,0.546,2650.3256232392127,1
4099.7,36.0,49.32,0.497,2216.631209037842,1
826.6,26.4,95.15,0.417,2761.182545306084,1
3113.7,10.96,54.21,0.705,2567.9324506252974,0
223.1,4.63,14.11,0.573,2301.595499719303,1
1092.2,18.11,48.14,0.69,2684.950757857667,1
1589.6,31.17,26.93,0.746,2536.012030761576,1
1189.3,3.48,35.2,0.6,2198.4258459725484,0
2113.0,23.32,38.08,0.564,2720.938808458676,1
589.7,11.73,62.72,0.248,2786.014280997219,1
531.3,24.25,38.38,0.371,2387.3870092200814,0
4488.0,5.02,83.34,0.607,2189.7364126940583,1
622.9,10.24,42.63,0.75,4469.599636785662,0
1244.8,33.0,31.01,0.451,2723.7972942223696,1
960.5,24.43,60.45,0.485,3196.9620541697336,0
593.1,20.19,49.02,0.623,2224.011924888216,1
1225.2,13.88,100.0,0.682,2080.258885618808,1
4976.5,44.91,31.63,0.68,2856.661123648964,1
57.3,19.19,83.81,0.513,2989.086210540627,0
2585.6,41.16,58.72,0.95,2569.819905730759,0
300.7,7.51,59.38,0.775,2263.993896359916,1
1934.5,9.07,52.66,0.468,3021.3018940223847,1
647.7,48.94,83.31,0.638,2303.12051478934,1
1161.1,44.67,67.0,0.749,2562.3120010447,1
260.7,24.51,75.34,0.426,2521.2385554286093,0
3444.4,19.79,39.01,0.466,3360.3463425061227,0
531.9,11.56,72.94,0.561,2323.7170931266005,0
3712.3,23.25,36.02,0.375,2163.8008990285134,1
524.6,8.78,73.01,0.383,2408.50774700616,0
1283.2,3.76,46.94,0.668,2148.962010831352,0
1274.6,17.38,38.79,0.627,2787.691376429116,1
1231.1,48.9,68.16,0.468,2369.188799271213,0
693.5,22.12,36.49,0.848,2762.014836071623,0
3137.8,17.71,57.55,0.737,2763.2552915321407,0
875.6,11.74,47.5,0.657,2869.8690507560623,0
4456.2,10.08,65.03,0.656,2229.916843011909,1
749.1,19.73,87.71,0.683,2665.970204282451,0
2476.8,5.09,60.28,0.492,2978.5318318842947,1
1326.9,24.63,66.43,0.569,3106.243982287872,0
1776.7,8.86,64.49,0.937,2603.401195696104,0
1945.4,11.89,46.63,0.624,2843.3532967367605,0
2558.1,11.42,65.72,0.685,2283.3269094757643,0
890.6,1.03,73.24,0.523,2740.8444543539085,0
1866.1,29.51,55.47,0.682,2049.0085615657404,1
359.4,18.99,21.39,0.652,2757.051685366552,1
742.6,22.78,62.79,0.367,3049.542971140877,1
258.5,38.72,66.57,0.468,2257.3462180406905,1
1658.1,43.93,66.07,0.821,2524.80040188617,1
1669.8,13.74,73.62,0.78,6284.182630724316,1
4842.7,16.01,43.61,0.513,2670.525164659093,0
530.9,16.01,48.66,0.439,4799.387263805347,1
1535.9,17.39,75.87,0.83,2248.840468729875,0
282.6,22.91,32.84,0.401,3003.064939291421,1
2359.7,25.79,39.0,0.739,2981.464500150437,0
1885.7,5.96,87.78,0.516,2327.868804172996,0
736.3,20.01,30.91,0.831,2664.2355742642853,1
876.8,32.27,51.33,0.779,2442.185052514764,0
2391.3,28.63,22.85,0.574,2686.075622129809,0
358.8,20.9,73.13,0.335,2992.781756213525,0
1651.9,9.69,46.34,0.698,6295.773580271916,1
52.6,20.69,44.9,0.89,2625.0570048164363,0
1806.1,43.24,41.21,0.749,2472.723189773309,1
832.5,15.24,90.29,0.812,3314.7011916219585,1
1094.9,10.11,86.26,0.638,2618.749160178095,0
986.1,18.4,69.28,0.613,2473.664377357872,0
4825.5,25.06,47.69,0.921,2652.816330653391,0
341.5,30.35,63.58,0.659,3364.506481262806,1
4175.9,7.75,44.93,0.553,2572.1356493584285,1
162.4,21.07,44.89,0.843,2684.950757857667,0
758.2,25.64,60.72,0.526,2873.082431054689,1
558.0,15.96,48.1,0.399,1877.108785880648,1
761.4,12.22,78.71,0.5,2666.5923657274147,1
305.6,24.15,100.0,0.613,3476.1916944104137,1
4196.2,15.05,15.53,0.673,3846.5426151208,1
243.9,17.26,65.32,0.493,3835.151067710141,1
1808.6,15.09,30.43,0.672,4757.962983035075,0
82.0,49.85,58.8,0.482,3640.907124018312,1
751.9,16.92,48.44,0.286,2781.676815909443,1
736.6,14.04,41.48,0.746,4312.758842042493,1
623.8,30.59,39.87,0.26,2751.275052574654,1
1517.8,21.19,57.74,0.726,2884.815623800262,1
4018.4,23.71,31.56,0.6,2805.450523672991,0
402.6,8.25,43.13,0.589,2796.949409142698,0
3113.4,13.08,61.61,0.619,2159.94872067903,1
544.9,14.67,49.78,0.398,3137.957678449471,1
1265.4,21.24,72.17,0.487,4657.971556014729,0
636.4,29.62,40.87,0.428,2684.950757857667,1
966.7,12.06,66.59,0.36,2864.1831281684417,0
2378.2,22.57,29.25,0.202,1677.4012112360017,1
2134.3,6.29,96.48,0.618,4846.590833110611,0
270.8,25.55,62.62,0.653,2650.998374764308,0
2445.2,15.66,60.98,0.468,2554.438512401658,1
481.3,9.21,63.87,0.932,4964.750380511661,1
1223.5,4.98,42.79,0.868,3084.435605645968,1
1345.5,10.18,28.72,0.531,5682.831491540224,0
788.2,13.96,77.32,0.463,2746.409643854718,0
1831.0,40.31,56.25,0.615,2615.283691968385,0
1845.1,11.51,55.49,0.457,2406.685851119956,0
62.9,10.63,24.23,0.218,3866.92074287942,0
2146.6,12.27,81.23,0.365,2221.7252699750275,1
779.3,8.28,74.35,0.533,4980.28542336603,1
1378.4,8.89,42.69,0.461,2409.775311907837,0
1453.7,9.96,47.21,0.467,2002.3267561195944,1
982.3,24.03,33.69,0.785,2732.175153357969,0
1320.5,34.49,40.59,0.841,2646.361525524704,0
1354.8,11.96,71.63,0.57,2547.8663534120487,1
823.7,8.09,55.24,0.684,2240.9440265225708,1
1952.2,18.04,43.04,0.711,2142.940740435504,1
731.8,20.88,52.41,0.513,2226.272573621431,0
1410.6,31.29,51.8,0.411,2287.0814209848468,1
1875.4,18.65,26.7,0.489,2271.8307471112084,0
1212.5,38.34,53.79,0.438,3274.642538122286,0
496.4,21.18,43.06,0.268,2964.788213913542,1
1674.2,11.02,30.32,0.521,3755.1687233113407,0
264.6,4.79,67.84,0.687,4143.456330990646,1
2982.9,25.35,35.53,0.736,2301.844112298428,1
498.4,10.12,42.36,0.725,2397.280914664896,0
1003.7,21.88,69.05,0.95,3244.492188791331,0
1239.0,21.12,61.63,0.511,2786.875017285047,1
687.2,20.1,27.97,0.649,2254.983469575008,0
1213.5,17.29,56.53,0.366,3902.235761561308,0
4368.1,25.54,46.43,0.753,3144.2882605208665,0
155.1,37.06,49.86,0.616,4385.079169325748,0
2828.5,27.63,77.31,0.779,1954.5492209139968,1
492.5,29.99,82.56,0.634,2527.6725532594774,0
831.3,30.4,84.78,0.73,2874.325448572692,0
676.7,22.83,33.41,0.466,2880.7087502369345,0
1374.2,20.26,78.41,0.38,2663.567454597917,0
1192.0,14.82,14.75,0.512,2779.4288292326987,1
1539.9,20.38,90.22,0.282,2833.5831832549443,1
668.7,29.88,39.38,0.757,4849.651011003316,0
2079.3,6.94,100.0,0.806,2794.5604600658457,0
430.8,8.01,35.61,0.688,2322.7477073903383,0
959.3,17.52,29.92,0.497,2736.8968833380072,1
1809.6,10.54,64.62,0.883,3709.239068012775,0
1670.4,8.28,91.86,0.618,2670.092784376679,1
2316.3,14.19,50.8,0.608,2684.950757857667,0
3664.7,36.48,54.14,0.524,2333.203196524302,0
161.2,8.34,35.09,0.683,4185.187845996878,1
4109.5,16.83,79.1,0.57,2744.9958510727606,0
546.0,16.45,65.6,0.251,2148.936213478395,1
1739.3,16.78,48.88,0.509,2876.126296295422,0
957.9,27.83,69.01,0.278,2548.8902098162853,0
731.2,46.39,88.04,0.45,5245.819990848878,1
1279.6,28.91,47.56,0.468,2571.487915995227,0
4366.7,32.07,53.31,0.318,2613.5028436808893,0
774.6,32.9,92.36,0.393,2210.105240527061,1
1589.2,21.98,77.38,0.714,3360.391752172898,0
761.1,7.64,49.74,0.357,3413.430705478166,1
1494.1,12.75,33.16,0.838,4218.484620067718,1
766.3,25.98,56.84,0.664,3298.7102418598224,0
620.6,9.99,69.82,0.249,3501.656724981889,0
2137.1,14.3,59.45,0.418,2654.798116083567,1
1203.9,10.09,41.24,0.95,2702.931110523534,1
645.7,2.24,42.25,0.647,2484.491455350448,1
2669.7,40.29,77.6,0.877,2673.8325101124656,1
702.7,19.86,49.37,0.52,2288.1200243145245,0
1728.3,37.65,62.54,0.733,2555.320088082181,1
1668.2,11.07,65.07,0.809,2881.073629858735,1
320.0,21.75,36.17,0.71,2746.462196722294,1
599.4,12.96,37.08,0.59,3239.548048521654,0
4101.3,60.0,31.55,0.361,4383.734521867715,1
360.3,30.87,53.49,0.637,2226.3202254131747,1
2150.1,15.72,49.77,0.508,2311.91380141291,1
293.4,4.71,41.76,0.875,2554.696209660665,0
1299.9,21.84,30.05,0.503,1883.690273909497,0
1367.7,7.51,62.66,0.588,2870.6306001226685,1
877.7,22.66,26.17,0.53,2876.7718910875574,1
1864.6,25.58,53.08,0.509,2732.021654753902,0
3736.1,7.23,85.84,0.567,2829.047985145162,1
323.3,20.23,29.05,0.654,2493.498553125964,1
3012.2,21.86,45.29,0.399,2606.5147358966087,0
782.8,7.74,76.53,0.414,2406.924043643916,1
1372.0,15.05,49.24,0.932,2427.633377880369,1
193.0,28.63,48.11,0.275,2556.6914938684067,1
1433.4,21.07,56.92,0.389,1680.290608453485,1
2434.6,29.2,68.2,0.801,2072.063088070366,1
4889.4,28.01,67.26,0.605,2333.9558613398385,0
262.9,4.01,21.19,0.56,4131.083116731944,0
3277.8,18.88,49.24,0.474,4377.869014486863,1
100.7,15.61,63.83,0.831,2285.9964186929783,0
1066.2,32.49,40.55,0.796,2665.104820477008,0
1482.8,30.13,55.3,0.12,2958.099188468392,1
1000.9,28.91,6.98,0.478,3482.994685064303,0
1968.0,18.28,40.33,0.352,2158.9659330473933,0
919.1,12.32,67.82,0.495,2537.41146443374,0
21.4,9.98,47.75,0.718,2354.8362721095086,0
1719.4,14.66,64.29,0.292,4145.33806466471,1
599.1,4.85,30.71,0.755,2641.52847778764,1
1022.8,29.6,14.37,0.659,2389.951770528436,1
1684.4,27.18,90.31,0.593,5670.68007571946,1
1714.4,16.18,45.6,0.813,2908.870491440414,1
793.1,33.77,58.37,0.743,2538.594444241144,1
1380.5,25.83,23.99,0.715,3384.5047645524605,1
455.6,11.79,51.23,0.551,2218.195597294899,0
1989.8,24.74,45.51,0.526,2756.30693740475,1
462.9,8.78,52.26,0.693,2467.351241798599,0
1463.6,21.38,45.01,0.375,2331.8411017583776,1
1799.3,16.64,79.85,0.506,1966.056785751446,1
691.2,26.43,51.26,0.422,2611.521026014142,1
1473.5,12.6,65.42,0.499,5269.902803917733,0
4015.2,5.0,31.29,0.71,3162.677042498028,0
721.4,11.98,50.8,0.598,2543.666827568305,0
3621.0,58.71,68.39,0.603,2494.8196882626435,0
65.9,20.61,74.99,0.43,2566.537289523036,0
2156.4,25.58,60.53,0.77,3191.9707512161744,0
940.3,19.88,55.64,0.482,2666.1974833254426,0
1475.2,11.87,37.1,0.598,2955.955679649884,0
2375.0,21.93,77.87,0.783,2768.436838759876,0
2176.4,22.65,64.78,0.355,4566.228776763181,1
156.0,18.18,27.39,0.627,2885.3559576019748,0
2013.1,20.45,5.0,0.856,2419.216703354566,0
651.7,43.12,64.73,0.775,3146.709701715069,1
2153.2,49.89,64.4,0.658,2260.2259442952645,1
1249.5,22.04,35.43,0.457,3124.1275837493145,0
1641.8,43.83,56.19,0.832,3216.472008329401,1
1510.4,44.27,87.92,0.692,6148.777143528588,1
2641.6,20.92,36.65,0.678,2650.8789726578034,1
22.7,10.64,16.94,0.54,2807.2487364129947,0
2550.9,3.28,40.83,0.616,2708.903159966595,1
607.2,16.6,54.48,0.583,2529.3229076640446,0
1459.0,18.29,74.33,0.584,2411.283609621736,1
791.6,9.91,43.3,0.601,2459.5276168696696,1
800.4,32.6,69.62,0.503,2684.950757857667,1
1271.4,18.45,48.66,0.5,4897.804088413361,1
4147.3,22.07,72.41,0.609,2401.95201963084,1
888.4,7.51,39.78,0.42,2816.8516306656734,1
4023.4,8.87,56.42,0.474,2327.4035357355865,0
628.8,25.39,41.43,0.332,2239.907719591044,0
1989.0,28.33,61.65,0.599,3063.75994522039,1
502.0,38.51,33.37,0.579,3132.437997871796,1
822.6,25.07,63.8,0.697,2524.3392993145994,1
795.8,13.05,24.86,0.589,4847.334265153108,1
516.2,23.06,43.73,0.57,2796.845994263909,1
764.9,5.47,58.12,0.702,2892.66648894466,0
2618.7,18.05,64.7,0.476,2240.271506878336,1
671.2,23.77,73.5,0.692,3416.725805201723,1
2335.7,11.41,36.87,0.439,3388.2801645953305,0
1310.8,23.61,35.22,0.441,2169.6622678984963,0
1272.1,24.95,61.65,0.483,2477.272686016246,1
700.2,31.1,63.19,0.501,2322.4861554999325,0
3421.3,10.43,34.88,0.612,2766.046245651104,0
245.1,10.49,56.39,0.466,2712.6224447010977,1
4276.6,41.53,47.41,0.55,2305.059090071066,0
321.1,5.87,74.09,0.583,2548.21065420828,0
2011.4,22.4,57.29,0.267,2615.955851392715,0
1523.6,45.13,100.0,0.506,3932.212807068858,1
1053.6,13.49,59.55,0.443,2733.4315516310867,0
2352.6,22.6,65.06,0.853,3429.4467333773737,0
1580.3,13.67,63.58,0.507,2172.3287382402764,0
798.8,50.63,35.49,0.509,3399.3822538163067,0
4055.5,19.28,5.0,0.661,2834.86216313851,1
565.0,31.05,45.78,0.464,2814.244678683006,0
835.7,22.81,77.67,0.65,2460.9658271430126,0
1125.5,12.52,44.63,0.468,2673.126680223048,0
1658.6,18.53,50.33,0.747,2608.578578857589,1
835.4,30.32,70.81,0.655,2429.880535431847,0
3754.8,14.67,74.53,0.821,2684.950757857667,0
702.9,16.5,57.02,0.794,2472.514858655756,1
2157.1,46.16,68.49,0.756,6328.409022472129,1
387.4,13.3,66.19,0.502,2928.489037924201,1
1982.6,14.65,47.44,0.919,6113.366891975044,0
1230.8,54.5,73.77,0.486,4420.162062112565,1
344.4,28.11,58.16,0.421,3473.349186427407,0
902.9,13.57,82.07,0.521,2501.7145468914487,0
3665.0,29.1,67.21,0.95,4856.160201347985,1
327.3,39.63,91.02,0.688,2065.944590696514,1
1517.0,24.03,34.78,0.116,2421.4545892837336,0
778.1,8.33,45.04,0.523,3189.4657067546705,0
1091.9,24.35,86.99,0.619,2938.431904726699,1
1897.7,17.64,44.5,0.851,2415.901471627729,0
314.6,28.94,76.72,0.378,2684.950757857667,0
278.3,43.76,52.04,0.668,3393.3808015181826,0
4646.7,9.03,46.32,0.407,4692.795327520525,1
582.3,45.21,55.01,0.603,4832.787726282362,1
2959.2,28.67,64.3,0.383,3945.691149221562,1
558.0,17.3,27.63,0.587,3611.141971797907,0
1091.3,11.08,49.84,0.797,2684.950757857667,0
1201.3,29.22,74.63,0.404,2970.9500365652343,0
629.0,30.64,87.13,0.179,2178.810051556184,1
1225.5,27.92,37.91,0.487,2424.041645621909,0
732.6,18.34,48.12,0.633,2555.046746091736,0
126.6,9.82,31.52,0.366,2738.745170759025,0
2231.2,23.97,77.91,0.453,2170.54173638995,1
667.4,30.37,36.79,0.926,2741.5687026914384,0
2462.4,35.48,78.1,0.453,2547.513302485801,1
442.7,14.74,25.65,0.347,6336.766404448754,0
1049.2,10.16,84.94,0.547,2276.0403683177683,0
785.9,18.24,47.39,0.707,2731.823406166224,0
4669.3,28.51,66.77,0.761,2255.061478418709,0
63.9,10.26,49.37,0.649,2413.317533114533,0
2288.9,20.91,31.71,0.692,2924.3644107713435,0
479.5,6.25,62.53,0.417,5242.001250366106,0
1400.2,30.65,27.43,0.597,3256.463088113995,0
741.8,23.91,39.24,0.666,3359.422048313761,1
1144.5,12.36,82.95,0.495,2334.800139555421,0
860.0,14.91,63.39,0.778,2369.513065039369,0
1029.9,21.24,40.38,0.785,2671.1368160134007,0
139.3,15.35,37.87,0.495,3640.057863798224,0
3406.5,14.47,84.37,0.389,2684.950757857667,1
185.4,9.01,65.76,0.56,3923.230622467898,0
809.0,19.81,63.29,0.825,2689.2471779479174,0
713.5,15.22,75.31,0.641,5284.400034928606,1
1588.6,27.48,47.07,0.44,2012.604403182191,1
1970.7,15.31,73.79,0.609,4938.6298244018135,1
1413.6,42.7,50.9,0.275,2808.989008694016,1
69.5,25.94,52.22,0.635,2684.950757857667,1
1722.0,8.93,61.61,0.948,2293.32273952825,0
580.7,9.5,5.0,0.833,2277.7370209000264,1
1244.3,39.18,61.61,0.588,2297.38154159698,0
1566.0,35.08,98.39,0.597,3503.416973761548,0
1126.4,10.43,95.79,0.779,2149.4306514617338,1
1981.0,31.85,100.0,0.691,2813.720230192361,1
2967.8,30.99,62.58,0.946,2404.1959086630386,1
45.0,4.99,76.38,0.358,2264.7858107228963,0
3277.0,20.27,38.38,0.228,2499.776005891621,0
373.1,27.47,53.32,0.73,2565.0458947282937,1
1080.5,18.07,35.41,0.372,2651.6667698924334,1
1246.7,24.0,67.83,0.848,2701.036460873402,1
1633.3,27.5,39.57,0.877,2383.857634172233,1
2163.5,16.96,100.0,0.545,2381.0069667783605,0
2148.6,11.76,86.69,0.609,3178.959955745132,1
352.4,36.47,35.54,0.559,3340.4107368359896,1
2193.9,12.88,78.11,0.728,2650.345210868219,1
551.5,15.29,73.44,0.456,2955.3946033058737,0
983.3,16.33,73.94,0.483,2347.8293676094813,1
985.2,16.85,63.83,0.539,4746.563556037751,0
993.2,31.38,83.78,0.522,2425.5212285555585,0
2312.3,11.88,76.48,0.34,2407.7612177216006,1
1522.2,60.0,38.65,0.478,3015.045303329789,1
635.2,11.63,5.0,0.679,2375.739647500707,1
4422.2,12.69,40.98,0.723,2536.347620746957,0
252.4,15.82,40.31,0.599,2834.3381834112,0
1341.3,7.04,35.48,0.779,2040.2528597450096,0
243.6,17.0,50.67,0.679,2756.145331730861,0
1669.3,9.68,39.33,0.562,3365.503994594037,0
1469.1,16.56,47.12,0.396,1751.3432261041714,0
1508.1,16.3,42.56,0.389,2444.741900034978,1
73.9,26.68,76.83,0.226,2536.77580166624,1
3169.5,26.81,14.1,0.293,2885.1231880558803,1
791.5,13.44,58.76,0.872,2849.847590107429,0
2197.6,24.66,99.42,0.651,2382.2387446193507,0
1278.9,9.83,63.15,0.67,5247.748077248931,1
929.0,38.81,32.62,0.532,2326.052883391886,1
1035.4,10.87,41.17,0.303,3175.100731706625,0
3205.3,9.79,49.86,0.773,5307.341224933351,0
515.3,28.35,58.52,0.607,6153.155863657295,1
3046.8,16.24,51.56,0.672,2779.46551031397,0
72.6,14.94,67.2,0.95,2661.670868621188,1
1628.8,26.55,85.74,0.666,3627.714902328057,1
1369.5,48.4,44.95,0.564,4854.073531662024,1
1344.2,36.22,50.74,0.185,2314.1803131608667,1
1366.9,42.11,53.15,0.377,3220.043461494756,1
4364.8,38.73,90.84,0.432,2401.094534437943,1
520.7,38.67,70.92,0.653,2772.403499004274,0
1636.0,32.91,57.69,0.619,2506.343768422202,1
318.5,22.13,68.01,0.842,2678.1000400747225,0
774.6,14.75,62.66,0.846,3227.621007676312,0
341.7,27.4,66.28,0.691,4554.881601318174,0
787.4,29.28,72.8,0.361,2017.440224716008,1
2427.3,9.27,53.93,0.582,2500.086300317558,0
3513.9,15.27,95.62,0.263,2654.043073919148,1
448.6,35.52,44.74,0.444,2763.195570052064,1
3156.5,7.44,57.04,0.574,3178.1988636407063,1
455.2,3.91,53.59,0.485,2280.295034416108,0
2274.2,31.17,51.61,0.724,4441.945692790419,1
328.1,19.23,34.41,0.766,2527.3170901475155,1
443.8,11.56,35.74,0.453,4249.631633515557,0
1878.8,16.24,80.84,0.582,2742.0477197508003,0
3621.5,33.13,69.46,0.274,2897.63499048789,0
765.2,45.54,43.97,0.56,1961.9908264296728,1
3318.3,12.42,49.96,0.611,2061.460655063257,0
229.2,37.09,52.28,0.407,2818.6448784037925,1
982.4,5.03,72.99,0.618,2682.8670066667046,0
366.3,22.29,78.16,0.533,3108.162634842741,0
1066.1,21.38,45.57,0.939,3454.260679826846,0
834.3,22.58,48.47,0.671,2729.404278504725,0
1686.2,37.32,44.54,0.506,2725.802198179651,1
98.9,2.4,60.55,0.532,4108.077641845455,0
1755.9,18.99,83.42,0.641,2110.371919031921,1
393.6,21.64,93.33,0.371,2690.808645507214,0
1988.9,16.4,19.21,0.559,2216.2160313087165,0
750.5,20.28,46.98,0.811,2174.4300837452142,0
776.1,19.54,56.97,0.579,2852.367965561447,1
2069.0,45.58,48.42,0.434,2668.5970675903977,0
3946.3,19.39,43.28,0.372,2227.0635122380995,0
215.7,22.26,70.33,0.498,2684.950757857667,1
2596.9,21.6,50.28,0.447,2882.234042516868,0
728.7,42.3,33.41,0.533,2365.087663295652,0
2498.1,23.91,53.09,0.59,3704.979348787784,0
856.8,60.0,37.95,0.501,2910.4204329895897,1
1512.8,13.46,98.47,0.558,2530.2558758498926,1
2339.3,57.68,17.2,0.693,2673.303462243121,1
2006.8,16.22,83.18,0.74,2481.1915133538528,1
809.0,27.06,90.73,0.597,3057.8536770748046,1
1667.6,9.73,67.44,0.574,2769.943120583765,0
693.9,15.48,6.75,0.489,2238.4306123400647,1
2164.4,22.35,49.38,0.327,3395.413563268526,1
1624.5,12.72,70.9,0.255,2662.9911461886954,0
1120.6,22.74,74.46,0.524,2259.227146443296,1
800.4,21.58,59.61,0.548,4458.328156173702,1
4452.3,47.65,68.57,0.341,2718.976268510495,0
92.2,13.71,87.97,0.704,2960.7746156447024,1
2296.5,17.49,65.28,0.423,2676.9503359538808,1
731.3,7.39,56.1,0.443,4212.806657957591,1
1050.4,33.92,54.03,0.604,2269.779712581993,0
612.0,33.29,51.29,0.813,2641.123548954356,1
1616.1,27.73,42.79,0.694,2345.1159637574888,1
739.4,23.73,55.79,0.483,2307.460313613857,1
2019.7,23.64,45.31,0.23,2789.528402264846,1
561.0,6.14,68.99,0.689,2210.166829595675,0
3995.3,16.52,5.0,0.629,3867.407445219792,0
780.5,11.35,57.28,0.95,2419.614300662898,0
963.8,11.16,59.85,0.588,2874.685879920395,0
1392.0,17.53,40.65,0.406,4096.517337954438,1
800.2,27.03,47.45,0.586,3913.319741349189,1
1360.2,12.89,60.1,0.367,2789.4797424418293,1
2276.0,25.22,46.66,0.358,2119.819392189035,0
346.4,2.51,58.46,0.562,2022.1545861213265,0
1770.4,40.92,34.55,0.73,2298.6395049363555,1
430.9,12.26,19.09,0.507,2866.9669092990407,1
1310.4,11.25,8.74,0.398,3321.150234942346,1
194.5,23.65,23.24,0.596,2562.181889352254,0
449.9,5.5,62.15,0.606,2658.412749856194,1
962.0,32.7,25.68,0.422,3328.678177921051,1
1390.8,27.34,67.89,0.763,4087.569096570931,1
747.6,24.44,8.3,0.53,2327.7122890146616,1
2748.4,34.67,28.17,0.464,3355.064313431519,0
575.2,15.78,68.77,0.423,4162.588756473396,1
1554.9,20.26,53.06,0.715,2348.841184869481,0
919.1,9.63,59.38,0.415,4572.692011127978,0
1410.9,8.36,69.47,-0.093,2788.604908355838,0
2128.4,21.29,97.35,0.563,2344.848339217003,1
654.2,16.32,65.99,0.83,2649.628062636836,0
630.0,35.12,42.02,0.581,2500.320575889541,0
3994.3,27.39,42.59,0.55,1732.006552361531,0
542.1,16.47,36.06,0.723,2430.4000979057555,1
1158.1,12.88,63.15,0.542,2265.4076952312903,0
845.7,18.74,72.16,0.591,4587.790953937502,0
868.8,11.15,39.66,0.244,2684.950757857667,0
1042.4,12.78,60.21,0.679,2784.1458403470465,0
3322.2,21.28,56.05,0.826,2482.435196221391,1
464.1,36.87,47.41,0.191,3378.551094980701,1
2891.5,13.79,62.9,0.616,2694.6375777127737,0
103.3,22.04,50.86,0.237,2803.716747236618,1
1466.8,43.16,33.3,0.341,2409.013441311813,1
510.2,22.57,58.12,0.59,2968.8480257760266,0
1558.6,29.17,81.5,0.692,2208.7878993685904,0
2342.8,15.13,58.1,0.351,2781.2951593385965,0
2451.3,24.95,48.64,0.588,2668.0021931077217,1
451.4,9.3,91.1,0.519,2661.18690855559,0
1969.2,13.43,87.4,0.669,2552.26370053966,1
521.0,18.03,32.72,0.47,2684.950757857667,0
1411.9,39.38,50.58,0.659,2906.9780953251898,0
1756.3,8.0,42.89,0.378,1933.6136203518336,0
526.8,11.1,62.15,0.408,2889.4370824560283,0
724.5,5.64,67.99,0.892,2863.8791175306205,0
3993.0,33.43,46.62,0.676,2265.603070396512,1
495.2,23.4,65.96,0.457,2379.9916882924613,0
3017.9,35.47,34.87,0.71,2868.8949269069367,1
188.2,4.18,84.15,0.783,3062.9769617194247,0
1856.9,32.42,34.86,0.629,2294.3255557460725,1
1275.0,17.31,43.29,0.479,2136.710172632452,0
618.1,36.14,19.69,0.756,3114.679035255035,1
1342.2,12.61,30.22,0.827,2646.434146433256,0
843.3,21.58,73.65,0.593,2472.7831124756144,0
755.7,0.94,61.46,0.754,2684.950757857667,0
3668.3,34.88,70.62,0.754,3416.8463504693063,0
467.0,5.94,29.6,0.299,2234.5578392332745,0
1052.5,25.26,70.75,0.812,3375.099270662523,0
1507.1,38.84,40.74,0.483,2795.5772383178164,0
1378.2,5.4,34.45,0.614,2176.4894738390544,1
777.6,17.11,82.94,0.477,2395.1337248331047,0
4441.2,29.72,55.68,0.292,3649.901577284338,1
829.8,12.73,63.66,0.71,2370.907756812436,1
2917.7,8.77,20.56,0.515,2193.409902643187,0
794.6,16.01,31.12,0.236,2957.226272368982,0
841.9,7.03,46.68,0.729,2342.6644822487365,1
167.7,6.71,77.79,0.687,3227.116327514968,1
1735.7,17.18,79.3,0.631,4118.90642616307,1
412.6,10.99,73.57,0.575,2591.33979804542,0
3893.1,13.84,30.76,0.508,2622.0587225794825,0
684.5,6.17,74.8,0.476,2151.8027043226944,0
1924.1,8.18,80.94,0.609,1648.3814298810305,0
52.2,18.81,50.11,0.766,4310.711219527319,1
817.7,56.46,91.31,0.297,2544.813955374424,1
851.3,41.47,90.33,0.404,2349.357146843626,1
1314.7,12.23,76.38,0.546,2684.950757857667,0
929.2,11.71,45.27,0.517,3071.092171244368,0
801.1,9.12,56.22,0.507,2310.79490886194,0
128.7,12.31,41.88,0.594,2333.2803402775367,0
1509.0,36.14,38.78,0.864,5468.288430620119,1
74.0,4.29,30.57,0.796,2694.181368728904,0
2284.3,26.8,45.89,0.164,2252.811220374287,1
1664.7,34.84,68.86,0.506,2590.5479530525567,1
1695.8,29.12,43.1,0.673,3012.0178680256354,1
1155.4,60.0,56.08,0.504,5265.531628536335,1
4896.6,25.41,93.4,0.743,2685.771424727824,0
895.5,24.14,75.74,0.451,4849.330748104268,1
3693.5,23.91,16.97,0.637,2190.3429462330005,0
748.6,22.22,84.88,0.741,2525.017253805089,0
1188.2,9.27,43.63,0.624,2474.581407506352,0
1337.6,42.15,47.32,0.749,2533.970687473842,1
1398.9,3.85,53.9,0.703,2275.342855210787,1
2456.1,22.28,82.15,0.19,3143.388040340477,0
4851.5,8.82,70.49,0.635,3519.652694273501,0
534.9,18.4,49.04,0.662,2453.882234378605,1
1946.5,10.52,51.77,0.551,2821.57274615407,0
702.4,27.21,52.5,0.229,2350.9972463848017,0
2152.7,6.48,37.22,0.778,2230.4204031143945,0
401.1,37.81,56.11,0.496,2297.529439277191,1
760.9,8.96,46.27,0.823,2924.2400716364696,0
1063.8,48.55,63.83,0.557,2561.695080956988,1
1497.7,52.92,58.85,0.631,2124.8573318066155,1
762.6,14.14,46.9,0.495,4337.690236659852,0
2807.5,22.02,30.7,0.147,2953.450171832187,0
133.5,31.0,34.43,0.441,4206.3437362616005,1
1141.2,26.93,58.34,0.898,2917.1415717158748,0
567.3,60.0,22.22,0.161,2790.041650464312,0
546.7,23.81,40.91,0.618,2268.1017425818663,0
1289.0,26.77,61.63,0.472,2671.235856463056,0
810.7,60.0,85.66,0.591,2432.5268302406707,1
157.1,11.08,41.64,0.61,2290.532476928175,1
4269.5,23.04,76.72,0.468,1826.8979249968413,1
585.2,31.16,82.04,0.717,1887.1756091384293,0
1573.9,28.79,70.04,0.544,2627.699733815239,1
832.8,18.51,54.56,0.272,2689.834343851682,0
656.7,34.79,25.76,0.43,4955.0723537641325,0
883.4,35.61,59.41,0.605,2684.950757857667,1
2866.8,11.71,82.11,0.376,2656.2514075644845,1
433.6,24.36,47.05,0.578,2643.3126190646785,0
2170.1,10.16,60.21,0.374,2594.859153546024,1
359.8,58.81,72.28,0.398,2846.323710934205,1
1574.9,25.42,49.22,0.596,2208.155092820517,1
1688.1,22.31,57.37,0.6,2879.0954744081505,1
519.2,26.11,61.5,0.675,2873.223012668928,1
623.9,14.37,57.98,0.592,4467.839229181392,0
3749.0,23.99,38.29,0.548,3084.015114655293,0
230.7,5.07,63.64,0.751,3694.086186792656,1
2518.2,42.92,46.67,0.41,2868.795289460876,1
385.8,11.17,66.65,0.613,4116.592035303503,0
1878.2,17.17,78.48,0.349,2667.126317705962,0
1833.6,27.83,42.89,0.546,6312.603618514511,0
1796.7,11.87,52.53,0.551,2325.1664962720592,0
1987.0,26.44,66.64,0.517,3351.213147045793,1
3788.1,29.56,55.87,0.436,2640.332234677901,1
45.0,9.16,43.43,0.264,2018.7746991283625,1
3859.7,41.2,77.95,0.82,3501.0890692178227,0
652.6,36.28,44.71,0.506,2454.270428089879,1
2308.7,20.1,47.03,0.382,4244.743082640459,1
412.3,24.89,77.32,0.399,2791.213065480518,1
1631.0,31.41,49.35,0.684,2576.342464054766,0
1216.2,11.58,81.22,0.306,3729.5004705120255,1
2251.3,15.65,58.81,0.641,3841.442759191384,1
703.0,17.13,44.07,0.677,2022.3970111942333,1
2350.2,47.83,33.38,0.713,1898.183963671854,0
105.4,48.65,41.84,0.365,2342.40901238097,1
1541.2,37.54,77.61,0.688,2711.176287838515,1
193.5,13.72,60.3,0.665,2651.05499480808,1
441.6,26.61,83.31,0.592,2755.1998592494992,1
1103.2,53.87,74.79,0.742,2511.3731029616206,0
4200.7,15.69,78.31,0.516,2381.5969801187184,0
563.5,20.44,98.63,0.463,2436.5809341226814,0
2346.8,10.91,51.17,0.666,5638.511334566256,0
75.0,27.5,21.01,0.636,2693.984134081623,0
919.5,60.0,72.51,0.533,2817.140756087718,1
1761.9,15.73,13.83,0.484,2043.241277147005,1
1084.5,16.93,59.26,0.865,3106.182463909554,1
1190.1,20.06,42.99,0.251,2532.4812850351464,1
3383.2,16.59,47.57,0.484,5463.895853886496,1
221.8,18.73,39.37,0.599,2388.681717829659,1
4342.4,29.12,57.1,0.604,6150.73278248014,1
444.8,13.61,46.76,0.573,2191.5093882803985,1
1165.2,18.11,76.09,0.294,2785.9612458193146,1
1115.0,31.79,50.89,0.458,2452.1509799143023,0
689.2,9.09,77.61,0.531,2427.463240098502,1
2229.3,14.27,69.43,0.568,2055.9867096470484,1
4424.2,23.6,100.0,0.458,2659.205288944922,1
470.6,13.2,63.88,0.749,2446.349646138789,1
1843.6,20.8,78.05,0.733,2514.278209828399,1
404.5,21.75,89.82,0.555,2433.067178206817,1
2480.1,13.97,29.83,0.507,3109.2661640299693,0
1634.5,16.83,55.36,0.651,2684.950757857667,0
652.5,26.1,73.7,0.641,1922.4529254164336,0
2090.0,36.28,60.6,0.611,3426.085983305069,0
1956.5,14.6,58.19,0.823,1936.288023824725,1
751.7,16.97,77.18,0.717,4722.018131276374,0
4425.2,14.96,33.16,0.547,2815.622815161416,1
797.5,35.68,48.46,0.801,2103.788675346394,0
1099.7,16.7,39.56,0.743,2317.271013751422,0
1201.0,25.25,22.66,0.737,4372.694544707,0
337.9,37.9,66.04,0.804,4829.008661916243,0
553.0,18.38,51.24,0.727,2864.7970096887348,1
4425.0,14.91,43.37,0.442,2046.08991911522,0
289.9,13.93,37.11,0.397,3584.9421053128967,0
4243.9,23.29,31.6,0.517,2684.950757857667,0
450.8,4.95,66.18,0.682,2782.375755139956,0
1734.8,22.02,82.86,0.671,2432.877948814424,0
1680.0,12.97,53.62,0.649,2638.380233361326,1
1010.0,17.72,5.0,0.377,2335.4903710437748,1
1105.6,11.66,59.45,0.177,5482.156566866469,0
4772.6,15.61,34.61,0.871,2715.995038135504,0
267.8,37.73,58.73,0.492,2139.2208375461432,1
3426.4,14.14,71.63,0.724,5244.908370192878,1
330.0,23.79,31.11,0.455,2091.911130315091,1
1705.6,9.32,59.03,0.772,2283.6109493228128,0
1485.5,23.99,79.78,0.603,3062.80560518161,0
587.4,16.52,63.05,0.949,2227.531370094536,0
1973.0,18.14,44.11,0.536,2689.4998906007204,1
1962.8,30.7,28.97,0.7,2817.907064568468,1
413.6,20.3,72.51,0.748,2176.495868263833,1
2776.0,48.6,50.6,0.842,2833.108325036242,1
652.5,23.38,72.26,0.441,2353.9310548432463,0
2023.1,40.46,27.45,0.642,2431.5664777146167,1
352.6,14.54,67.95,0.488,2680.054423340525,0
630.3,15.37,71.75,0.582,3247.8267948289777,1
386.3,10.31,67.91,0.565,3390.6573833549446,0
1562.0,11.28,59.42,0.674,2276.815632437937,0
358.3,9.9,71.54,0.283,2663.5417986606703,1
2595.3,8.05,55.89,0.405,2099.276681744108,0
316.4,18.2,85.07,0.641,2896.4226066326764,1
2260.7,21.32,65.52,0.793,2684.950757857667,1
628.4,20.14,26.33,0.73,2150.169410524802,1
1287.8,25.08,60.75,0.789,2692.6761308190994,1
940.0,20.34,60.61,0.844,2602.208117425854,0
1162.9,17.26,48.66,0.646,3652.0683282532086,0
448.9,24.68,43.94,0.755,2275.98761606123,1
2726.6,21.76,32.81,0.544,1774.6300885130486,1
71.7,17.16,58.25,0.266,2284.531926258808,0
1189.0,21.4,25.21,0.535,2274.59238935939,1
636.5,24.75,53.07,0.658,1954.097603128384,0
477.5,36.71,62.4,0.303,2136.475599552573,1
615.5,18.51,70.36,0.505,2689.0854141665764,0
2300.2,20.24,70.3,0.457,2368.2663422544483,0
794.4,4.77,66.25,0.491,3668.627261700981,1
2892.3,23.93,54.7,0.493,2496.2930928911896,0
631.0,21.15,53.76,0.646,1878.1485173783049,0
2040.2,32.25,56.72,0.514,2315.0876874209785,1
639.5,4.53,26.67,0.633,3078.494801887206,0
1474.6,11.33,76.47,0.643,3883.720338772882,1
907.8,24.11,40.24,0.629,2286.035160986305,0
3757.3,16.81,27.12,0.386,2442.110139517078,0
887.0,26.29,63.3,0.655,2800.1939237297643,1
1675.8,23.0,49.0,0.83,2700.000860831311,1
414.8,26.44,64.83,0.77,2676.544453867387,0
723.3,24.68,67.54,0.515,4871.586499315918,0
769.2,20.22,45.22,0.555,2388.5239831834147,0
1170.2,33.24,58.61,0.571,2709.6380289777903,1
2314.4,14.31,63.52,0.342,3400.7328474299707,0
2968.8,6.36,78.0,0.517,4874.296026717633,0
488.8,0.52,68.23,0.583,5713.348977288279,0
2105.9,20.06,34.19,0.251,2183.3184902434377,0
136.3,10.0,35.59,0.763,2934.071388135821,1
1567.6,16.66,50.72,0.62,1912.0482522628245,0
1785.2,16.6,43.47,0.481,2839.458221356897,1
1478.6,23.31,53.18,0.641,3658.148932565328,0
1319.2,4.53,95.61,0.824,2964.538521782498,0
3767.0,20.45,40.17,0.576,2587.914470786078,0
76.5,23.29,81.5,0.491,2724.0443367882594,1
3552.9,5.76,84.33,0.575,2838.717868188197,0
262.3,20.71,69.07,0.897,3163.4020009280266,0
2318.4,29.67,47.9,0.761,3625.853834082592,1
759.0,19.91,46.78,0.635,2027.883235712004,1
901.1,13.43,58.15,0.754,2999.8506789688213,0
807.6,19.43,39.4,0.748,2317.7028936735605,0
2366.1,60.0,54.06,0.801,2660.5692288578216,1
68.7,41.73,16.82,0.267,3493.043182962822,0
3612.3,10.29,86.34,0.801,2320.50958560912,1
147.9,11.02,48.05,0.652,2810.94221275838,0
718.4,31.27,33.29,0.394,2329.158226402489,1
1186.2,36.54,39.57,0.677,2810.761882653362,1
533.2,19.21,25.34,0.879,4079.878187378634,0
803.6,19.95,47.39,0.778,2469.2040676316333,1
3396.3,35.46,81.48,0.566,2415.0429516192767,1
527.2,15.29,23.43,0.718,2493.859807218404,1
1572.9,15.43,31.57,0.41,2790.935895848862,1
169.4,12.02,41.04,0.14,2164.771876075652,0
2171.6,17.29,55.6,0.701,2193.8637849714246,1
645.4,12.63,35.7,0.452,2149.2045538168045,1
1129.4,9.64,57.73,0.308,2791.485799817061,1
1542.5,11.85,58.31,0.289,2436.395230261059,1
1440.0,18.35,46.11,0.831,1844.2082560414367,0
188.3,36.32,79.82,0.674,3172.2412743458794,1
4184.7,27.96,77.45,0.663,4810.4785751555,1
769.4,14.08,22.49,0.765,4079.626183369239,0
2478.6,18.87,71.75,0.643,1759.4056358436694,1
831.3,29.61,69.16,0.666,2896.7267386367644,0
742.9,19.06,71.69,0.611,2342.036405643463,1
1086.7,56.24,58.7,0.741,2783.673171790068,1
2553.3,29.41,57.67,0.399,3374.114516461057,1
153.6,13.0,67.91,0.802,2371.972957045124,1
4011.1,22.14,39.89,0.81,4179.0230812058,1
70.2,20.29,73.17,0.374,2684.950757857667,0
1680.6,13.3,77.56,0.322,3117.9478545866946,0
542.9,40.28,55.7,0.278,5261.560090772762,0
1280.6,21.22,25.14,0.589,2248.0158080438327,1
1871.2,20.66,70.79,0.2,4988.831468571794,0
4963.4,28.51,50.31,0.69,4903.338837406765,1
203.4,5.29,73.21,0.454,1961.799063039534,0
3669.3,14.62,75.11,0.817,2552.85850927115,1
529.4,21.41,67.72,0.487,4158.650694057638,1
1886.1,35.44,70.83,0.575,2792.4669232173096,0
1438.8,20.22,45.34,0.788,3440.097005057705,0
1785.3,8.87,44.19,0.635,4245.16082326676,0
1467.9,21.13,36.99,0.532,2229.0119105562444,0
2168.2,8.59,50.04,0.443,2279.59279832678,0
325.6,36.87,72.21,0.134,2480.074185648968,1
2237.2,2.58,44.48,0.509,3080.696968947173,0
307.7,2.73,21.96,0.673,3457.6729092773708,0
2075.5,36.97,76.56,0.737,2339.417790730553,0
732.7,25.43,54.35,0.899,2826.671202531014,0
674.5,29.83,38.0,0.733,2226.329950126686,0
1669.1,33.55,62.31,0.47,2752.172784763513,1
3433.7,26.59,82.79,0.652,2336.010209383573,1
314.0,15.61,50.79,0.654,4214.0591523603125,1
1524.7,32.7,66.47,0.599,3349.374125407224,1
300.6,6.11,36.44,0.606,2684.950757857667,0
1642.0,9.64,74.0,0.537,3511.7547043939585,1
1557.1,21.02,72.22,0.667,2348.0788671785112,0
1454.9,21.53,61.86,0.185,2785.3759482436144,1
1863.4,12.22,25.87,0.464,2072.576225080928,1
2410.6,25.46,73.68,0.614,2349.473572632809,0
126.8,4.95,60.78,0.548,2221.1402052882013,0
4283.4,13.43,31.77,0.653,2649.1045380328383,1
99.1,11.92,35.76,0.645,3066.3696562870573,0
2427.7,9.7,84.8,0.783,2507.8081971176903,0
276.7,15.74,43.69,0.71,4246.722382236092,0
570.8,26.98,10.84,0.612,4368.576206212291,0
2048.1,34.44,38.14,0.485,2213.816483874793,0
3837.5,33.16,38.44,0.826,2551.57108819973,0
674.3,21.2,77.67,0.526,2731.903596543573,1
3439.2,10.56,42.08,0.635,2807.526357151131,1
445.6,5.37,35.96,0.5,2923.009220040143,1
769.9,6.9,61.97,0.306,2762.5834097751977,1
1501.2,11.02,32.31,0.551,4330.967954464252,1
738.0,42.88,76.37,0.35,3243.0099285545944,0
833.1,29.14,23.64,0.409,3065.9289784019247,0
1828.1,14.6,42.27,0.569,2637.657478951008,1
639.6,3.89,47.03,0.401,4203.758045780507,0
1915.3,16.93,49.14,0.603,5508.3629038954,0
174.9,10.05,35.05,0.563,2745.5949470872315,0
1437.5,27.07,73.66,0.567,2851.4871600549413,1
1658.0,11.68,43.68,0.495,2259.7241283777244,1
695.8,15.16,42.03,0.435,3778.688913410627,1
874.8,12.64,49.17,0.506,2684.950757857667,1
706.3,10.21,53.63,0.494,2585.980906008176,1
285.9,7.42,79.74,0.392,4312.756065243186,1
2283.2,27.2,20.15,0.671,2907.526306450825,0
420.7,15.23,73.41,0.649,2646.9348834936955,1
994.9,16.29,24.77,0.532,4354.334760259494,0
882.2,24.71,42.38,0.261,2439.8003784569823,0
1059.1,49.85,58.37,0.861,2684.950757857667,1
610.7,14.86,47.69,0.359,2611.125579495332,1
1530.7,30.94,72.32,0.786,4827.244896273267,1
772.6,6.38,43.4,0.194,2492.2500091224056,1
3742.5,37.63,99.08,0.31,2780.0921689709203,1
756.5,18.97,68.59,0.256,2684.950757857667,0
901.8,12.93,61.06,0.723,4145.586494651662,0
231.2,24.91,81.74,0.758,2699.2882067161754,1
1775.4,25.18,48.39,0.463,5248.751904397255,1
473.4,22.31,46.85,0.422,1823.354492658484,1
1587.4,19.74,11.24,0.471,4118.496525459967,1
741.7,2.7,40.8,0.685,2517.776515994461,0
2477.0,16.33,61.81,0.089,2399.4444676875,0
775.7,32.96,70.52,0.539,3242.5285758143623,1
1831.9,13.68,72.77,0.592,2914.591532005964,1
428.4,9.23,38.21,0.535,2611.3578334607246,0
656.0,25.31,55.48,0.722,2759.2647202947624,0
2152.0,20.92,17.41,0.427,2723.3795233212363,0
4334.9,9.61,45.73,0.865,2405.6288853774986,1
856.3,16.52,49.64,0.602,4873.571467851085,0
2402.7,20.06,77.11,0.744,2740.903011876467,0
196.7,16.86,57.56,0.514,3488.1973013071106,1
869.8,37.37,63.98,0.291,2363.714003202633,1
151.6,32.37,51.09,0.859,2300.811860154152,0
1774.2,15.96,60.54,0.581,2049.6832949088625,0
1464.0,14.94,71.91,0.293,3726.364289890975,0
2986.3,19.25,69.14,0.441,3054.8365292473577,1
811.1,7.37,29.21,0.584,2947.619306811856,1
2611.1,11.19,68.18,0.654,5665.664757908755,1
302.8,43.4,58.16,0.579,2075.165197578744,1
2256.9,16.29,78.35,0.648,4238.997670312848,0
1729.3,18.03,19.8,0.427,2751.2638251228823,1
1329.3,31.32,78.63,0.303,3205.9726165375355,0
531.7,33.09,61.97,0.792,2788.064312587199,1
1658.6,22.6,21.51,0.461,3761.4838466583137,1
639.3,22.58,41.84,0.76,2838.660381631016,1
4040.9,15.75,43.09,0.841,2577.017034122117,0
169.6,13.6,66.0,0.768,2305.635660688757,1
786.8,25.89,25.77,0.48,6358.137383965088,1
352.6,33.98,80.64,0.501,2397.81716882,0
1291.7,12.01,51.0,0.756,2621.2096340930825,1
1193.9,24.6,24.35,0.399,4728.803862355277,1
4378.4,11.91,89.94,0.95,2624.571498512778,0
344.8,22.7,46.75,0.712,4118.828883355829,0
2314.6,5.19,47.14,0.94,2741.5112134797228,1
752.2,12.14,87.09,0.916,4683.925983780311,0
2346.7,22.34,69.77,0.439,3443.611876251847,1
412.2,24.68,100.0,0.832,3321.367453196716,1
1011.1,29.54,51.31,0.519,2813.011143379166,1
1805.4,14.24,55.95,0.406,3239.490332187829,1
2011.7,9.46,46.41,0.64,3490.1834626485493,1
702.8,1.87,32.22,0.47,2036.380298315477,0
3458.5,17.21,41.43,0.236,2579.438405796944,1
216.6,15.28,91.67,0.724,2452.465233833707,0
978.7,22.41,91.84,0.883,2810.0676805288454,0
1292.8,19.98,41.15,0.706,2902.29212818532,0
313.2,31.01,51.05,0.703,4025.672559764272,1
584.3,20.58,86.73,0.68,5040.236284216502,1
3699.3,2.58,56.69,0.703,3341.4115176988807,0
737.8,10.59,53.25,0.623,2560.5057233041675,0
2767.5,11.35,60.6,0.586,5683.208458799591,0
431.6,5.41,71.37,0.685,3292.92267498488,0
2296.6,18.56,70.23,0.694,1772.414528572087,0
1287.4,23.66,45.95,0.674,3389.6149842382406,1
987.4,13.32,21.84,0.741,4732.616342632964,0
776.1,10.49,59.67,0.701,2287.8378924349977,1
794.9,23.18,40.83,0.318,2671.528172499436,0
495.4,8.69,34.65,0.522,2336.244976730581,0
3979.4,21.16,37.78,0.404,2332.677737632303,1
154.9,17.56,44.42,0.564,3450.7522505054303,1
914.4,11.98,28.35,0.659,2276.286149844951,0
659.7,9.42,39.74,0.533,3203.639325395134,1
453.2,18.7,63.75,0.48,2550.692716239649,0
1295.6,15.53,89.57,0.288,2888.12001342812,1
897.8,41.7,66.22,0.829,2266.8731891177194,1
754.4,22.22,100.0,0.542,3038.3130702947874,1
4089.5,20.9,52.62,0.567,2325.94374250232,1
83.8,3.41,54.78,0.789,4158.823974917637,1
983.8,22.8,61.11,0.874,2299.8823123737875,0
849.1,29.05,33.83,0.651,3410.088290665544,1
469.1,25.71,75.67,0.631,2684.950757857667,1
1013.2,14.18,49.38,0.668,3126.8253129835043,0
2808.3,16.2,35.75,0.578,4162.783106976453,1
573.5,23.8,64.01,0.644,2739.998859157064,0
3925.2,32.74,41.73,0.95,2379.295564493622,0
717.5,12.79,52.22,0.708,2500.049331146537,0
1998.1,12.39,28.96,0.454,4572.384786319247,1
1427.2,13.48,85.49,0.548,1800.3391757886748,0
805.3,7.33,100.0,0.685,4167.035025394909,0
1223.5,19.0,15.01,0.855,2305.540819585232,1
2619.9,21.01,98.55,0.598,2701.499431038606,0
873.7,8.33,62.54,0.538,2171.55365053045,1
2378.2,16.78,88.11,0.777,2684.950757857667,1
451.6,36.55,60.46,0.686,2245.477761147404,1
1492.2,9.46,66.43,0.458,2742.1271295463766,0
1127.8,25.95,40.45,0.686,2815.265621345938,1
1573.3,13.06,66.92,0.244,2684.950757857667,1
1527.3,39.97,61.14,0.67,2399.089490288001,0
1896.6,12.84,84.5,0.599,2793.947761344072,1
276.2,28.47,87.69,0.793,2455.4698592315945,1
4488.9,14.34,41.48,0.744,2527.673419942902,1
447.4,14.46,38.08,0.598,3066.7532261790616,1
2062.0,22.45,54.86,0.342,5489.187181574666,0
217.7,31.96,73.33,0.646,2297.173527875634,1
622.2,19.44,68.0,0.712,2679.2521410989275,0
2324.1,12.29,49.71,0.499,2163.92757020858,0
1309.2,30.64,32.09,0.529,4425.316188834775,0
602.6,8.26,40.62,0.568,4048.44523704836,1
2639.3,11.71,32.5,0.531,2861.284341555612,0
319.9,42.48,56.38,0.615,2405.80917040158,1
753.2,33.28,37.83,0.626,2678.3095512637487,0
1040.0,26.94,62.68,0.721,2837.8608189741203,1
1670.1,7.05,23.04,0.382,5289.176172420559,1
2391.6,31.38,57.51,0.381,2362.7917874652235,1
3275.3,26.59,50.44,0.625,2827.6974127766284,0
20.9,31.17,52.96,0.706,2432.8592906132,0
3887.0,22.24,61.4,0.694,3368.3486638258773,0
153.9,26.82,63.11,0.731,2769.441290244097,1
1119.2,9.73,48.4,0.256,2968.622834382409,1
1665.3,8.53,92.66,0.519,3452.40622819874,1
1315.4,37.95,62.25,0.419,4862.254611407314,1
1131.8,22.49,62.86,0.247,4502.459622038039,0
2438.4,29.03,31.13,0.624,3001.3041639091302,1
794.7,27.32,58.4,0.698,2539.399129211311,1
2213.3,20.77,81.47,0.835,2558.833802744177,0
789.7,12.15,76.38,0.425,2684.950757857667,1
711.1,15.81,48.6,0.675,2721.295647559521,0
1889.6,6.03,80.58,0.383,3417.7123895747145,1
1361.2,60.0,45.96,0.478,2054.3822258189107,1
1346.3,21.72,30.55,0.572,1712.525091088479,0
1324.8,5.35,32.54,0.807,3429.224426529162,0
533.1,5.69,79.41,0.587,3223.8377173456674,0
1514.5,34.37,52.32,0.559,2661.090011696502,0
390.8,9.5,65.2,0.532,2143.312237885541,0
999.2,26.78,80.74,0.871,2520.903894706309,0
1588.9,15.98,52.47,0.466,3090.4156800463675,0
655.1,8.11,59.87,0.793,2974.794071921764,0
1894.4,60.0,33.88,0.879,2951.433093389146,0
2771.1,18.74,79.14,0.55,2747.49011961575,1
334.9,9.15,40.97,0.593,2515.85856245473,1
4033.3,17.66,33.4,0.587,2335.847614519567,0
438.5,45.95,100.0,0.811,2684.950757857667,0
1754.8,29.99,73.36,0.34,2684.950757857667,1
1441.7,27.82,40.55,0.586,5039.291903323712,1
1746.6,19.05,16.34,0.701,2761.5550697751005,0
1681.5,20.35,30.88,0.946,2575.595888252026,0
2404.9,8.81,49.26,0.381,2522.363740447378,1
171.2,3.4,45.83,0.523,2721.325245457564,0
2566.1,26.57,70.51,0.594,2167.774894591108,1
403.8,26.7,55.78,0.875,3593.189503422485,0
819.0,17.82,62.08,0.395,3507.6730280297256,0
1019.3,15.67,86.71,0.637,2674.0965577951606,1
1709.8,18.95,56.86,0.459,4338.023480353475,1
2091.6,17.68,38.05,0.605,2526.941711105112,0
2373.8,17.85,46.85,0.437,3676.846656261704,0
575.5,17.73,74.16,0.652,2684.950757857667,0
1999.8,25.1,62.04,0.521,2224.706184014283,1
700.1,32.57,34.09,0.413,2785.302488263414,1
1241.1,19.75,30.98,0.636,4066.254041675322,0
781.3,13.6,61.1,0.424,2056.579890243122,0
1013.7,15.99,67.19,0.787,2698.815878406696,0
385.4,10.05,80.49,0.64,2506.7250038218062,0
1276.2,27.56,72.03,0.38,2787.869181402452,1
442.0,8.28,100.0,0.699,3216.276406482118,1
3743.1,23.42,100.0,0.465,2360.8928846820468,1
781.6,6.76,79.04,0.565,3029.8532340528964,0
1321.6,26.97,55.93,0.611,3681.056711695409,1
1632.9,37.81,50.76,0.404,2978.359078251167,1
904.4,20.12,54.76,0.412,2615.2073645900496,0
376.9,13.65,47.63,0.421,5071.013450681331,0
3135.9,11.25,7.96,0.437,3589.947512575824,0
374.1,22.7,42.31,0.8,2684.950757857667,0
3306.4,29.2,91.96,0.51,2776.081669085579,1
693.0,12.99,50.54,0.706,4275.417379770817,0
950.5,11.67,48.18,0.809,4380.139893686778,0
1641.8,14.58,63.77,0.464,2312.294591139727,0
1535.9,15.43,66.72,0.519,2507.361957992108,1
1980.0,7.14,68.84,0.679,2116.652757734831,0
3451.3,15.43,8.61,0.648,2791.727788919679,0
667.6,13.15,54.95,0.528,6143.692129971325,0
4107.5,20.91,58.04,0.819,2823.1853242337083,1
660.0,11.47,31.29,0.784,2548.9981687770182,1
1993.3,17.78,53.58,0.27,2842.49131327905,1
1193.9,28.29,84.16,0.718,2669.8158545304614,0
327.4,19.7,14.05,0.551,2886.771453297849,1
1145.0,11.97,27.92,0.349,2746.85249287444,1
1469.7,29.88,84.05,0.554,2172.101035643261,1
361.5,20.2,62.5,0.511,2803.2470737736658,0
3949.8,38.57,64.71,0.761,2795.318013643362,1
798.3,11.52,34.61,0.674,2275.933187992077,1
1993.7,8.62,50.56,0.788,2684.950757857667,0
708.5,19.58,56.66,0.364,2294.023268190591,0
1513.8,25.47,75.01,0.241,2578.359279389876,0
2205.4,17.03,38.74,0.516,2664.388468629097,1
4188.1,22.93,37.51,0.582,3244.963977660623,0
554.6,19.64,28.98,0.324,2661.427324024758,0
3306.5,6.53,40.54,0.511,2274.424636476221,1
771.3,16.65,28.11,0.647,2205.880189196156,0
2107.7,26.55,76.1,0.703,3702.82704587747,0
1376.1,8.95,34.12,0.337,2842.291779788692,1
1750.5,20.78,75.12,0.737,4336.28651189836,1
1364.1,18.66,87.4,0.672,2774.1918396631945,1
3407.7,25.32,62.79,0.877,2624.2496946874444,0
202.8,15.18,98.19,0.581,6326.32367218194,1
1702.6,34.17,46.44,0.491,2761.1045520366106,0
330.6,7.35,47.31,0.509,2394.249368800625,0
1990.1,19.38,38.1,0.362,2608.872703529272,0
701.9,30.95,64.28,0.262,2684.950757857667,1
891.7,26.48,47.47,0.478,2566.142360079408,1
1822.1,5.27,62.63,0.545,2798.5333053355057,1
4554.5,11.31,50.45,0.632,2826.772119245598,0
199.0,14.6,70.17,0.574,3189.1847440489946,0
4120.5,27.5,54.33,0.757,6332.139951637941,1
104.3,12.72,69.08,0.459,2318.940975909049,1
1106.9,18.8,77.85,0.654,2553.094458080098,1
1409.4,37.97,59.31,0.52,3338.3808835229147,1
1608.4,36.51,42.07,0.617,4408.514822595747,0
539.9,29.79,84.31,0.489,4063.363298876936,1
2521.7,28.17,29.53,0.866,2664.859696890263,1
762.4,26.08,48.22,0.689,2722.572679193163,0
4009.3,25.34,99.34,0.205,2712.517554365579,1
84.7,43.59,67.98,0.69,2357.4354766714137,1
1708.2,33.01,27.58,0.446,2684.950757857667,0
1093.0,21.21,85.13,0.859,2674.675636472315,0
1038.4,23.91,70.96,0.724,2353.898398964369,0
2465.4,19.9,16.7,0.61,2187.0049300349256,0
4562.1,19.66,87.61,0.545,2883.779950501744,1
842.5,23.7,65.08,0.551,2712.7849381571004,0
2944.8,25.41,62.54,0.615,2105.4678837250444,0
237.9,19.8,73.11,0.307,2798.672574015672,0
1615.1,9.52,50.93,0.566,4292.340321054665,0
1157.8,13.27,59.96,0.417,2633.410309814993,1
736.4,22.45,20.27,0.527,2339.399302536094,1
1917.3,23.58,25.8,0.607,4168.485698925671,1
2555.1,26.0,57.83,0.653,2630.633582385255,0
463.3,23.84,39.14,0.548,2219.773914064792,1
2317.3,13.72,53.5,0.655,2497.500378959028,0
598.6,11.55,45.83,0.273,2292.1393769206534,1
747.9,25.69,68.97,0.591,3436.009244147441,0
1853.1,28.37,57.74,0.527,2851.965782517136,1
504.5,15.99,32.47,0.655,2816.828395491704,0
2380.1,19.75,68.21,0.573,2076.0856256934608,1
1628.2,14.64,78.18,0.713,2534.7941471522745,1
220.6,15.1,55.45,0.538,2370.2688151604007,0
3559.1,16.64,39.96,0.247,3338.315403890498,1
300.8,23.65,45.06,0.544,4229.9619792805,0
1820.4,1.41,40.5,0.544,3648.811186029484,0
1656.1,22.13,44.38,0.76,3816.619002445594,0
886.2,24.34,68.57,0.618,3435.9499170051067,0
442.0,22.97,43.01,0.536,3009.3172927341047,0
1151.7,13.59,29.59,0.443,3525.2359830577343,1
237.5,2.97,77.27,0.694,2723.785289716447,1
1798.1,41.39,73.41,0.273,2785.1015800248574,0
110.8,22.29,35.81,0.569,2684.950757857667,0
2324.4,29.28,36.86,0.42,2716.5694472116274,1
674.3,12.75,59.18,0.405,2182.880015951598,0
1392.3,7.1,47.45,0.876,6098.797072256642,1
2345.5,18.58,53.42,0.508,2191.648811439779,0
2556.9,23.49,54.56,0.42,2270.0438510629333,1
336.6,6.19,86.68,0.316,4925.337529498513,0
4296.7,11.06,45.22,0.689,2253.344345549839,0
219.6,17.87,25.88,0.748,2683.049826035815,0
1377.5,41.52,33.37,0.443,2685.362519579172,1
1246.2,14.02,28.31,0.558,2776.198220636194,0
1622.7,40.76,72.19,0.456,2804.663551548653,0
493.1,17.61,68.59,0.782,1711.6736979094874,0
2391.9,58.57,64.94,0.759,2771.103418222678,1
835.6,19.07,67.97,0.83,2789.911046757142,1
1599.2,34.95,69.6,0.434,2540.3776592911627,1
151.6,25.65,31.61,0.545,2373.369950788825,1
1661.9,15.45,75.8,0.507,2432.0443386748548,0
1811.6,10.9,53.25,0.475,2517.368071013688,1
1681.5,15.31,51.89,0.544,2480.6424499744667,1
1961.4,19.7,82.79,0.134,3086.379519027426,0
4589.2,23.29,43.77,0.556,2988.273258393317,0
160.5,18.96,42.89,0.511,2376.2192122885926,0
2797.9,40.76,39.57,0.51,3614.1522240811632,0
252.6,11.98,38.5,0.796,2622.0742137856364,0
2101.0,58.05,76.52,0.67,2569.2302267513664,1
1575.3,27.16,64.33,0.784,2885.534601219481,1
1198.0,14.24,24.83,0.548,3976.807459640583,1
1184.0,6.69,64.68,0.354,2442.822273116175,1
2066.1,17.99,13.96,0.802,2780.0565954729395,0
102.9,4.28,40.63,0.575,1859.4559765037584,1
3082.9,25.27,97.09,0.416,3881.0729549386406,1
644.4,28.31,87.59,0.562,2741.2093955656765,0
851.8,22.31,46.77,0.276,5100.839687528357,1
1645.7,14.0,49.02,0.506,4206.853226670145,1
470.2,36.46,49.14,0.597,2473.080575867887,1
1818.2,45.83,77.12,0.462,3487.130430732342,1
4878.1,25.22,42.82,0.383,2758.842073488061,0
126.1,18.74,54.54,0.712,2684.950757857667,0
3799.9,41.66,71.48,0.587,4995.274597542309,1
384.7,6.77,75.64,0.598,2940.953478610068,1
875.0,18.51,29.85,0.473,2377.585039597274,0
1125.7,14.76,95.7,0.656,2262.9199669083414,0
1494.7,20.58,57.11,0.187,3096.9853581839043,0
1630.1,5.8,34.36,0.719,2379.6400203471785,0
3267.8,33.93,40.62,0.443,2631.554601950579,0
836.8,16.42,44.1,0.384,2280.611770068297,0
1749.3,18.88,49.3,0.696,2271.663681438796,1
526.3,33.66,45.09,0.473,2684.950757857667,1
1085.4,22.7,39.18,0.95,2781.9336166463745,0
269.3,26.75,69.98,0.589,2619.712591082283,1
704.9,22.55,75.51,0.728,2423.885211680353,0
1270.0,19.64,47.4,0.533,2595.7906414027048,0
2926.9,12.47,77.89,0.826,2344.5569316211686,0
459.9,8.54,30.56,0.683,2523.380187084713,1
3314.2,19.37,60.5,0.595,2362.4630610794256,1
643.0,14.27,51.8,0.568,1939.4733226540216,0
1805.6,30.32,43.38,0.206,2374.498151111551,1
1255.0,16.52,55.63,0.763,2199.841475341248,1
1091.4,39.23,63.42,0.564,2800.8352250502003,1
1339.8,10.16,45.13,0.786,2436.233092467011,0
942.5,12.98,34.35,0.662,2091.591240277502,0
451.4,25.45,93.37,0.597,2205.498787629279,1
1783.7,23.7,49.3,0.415,3084.451617574397,1
505.1,1.41,32.51,0.818,2754.836991750036,0
1890.3,17.83,59.9,0.626,3050.702708275666,1
1892.5,13.67,14.28,0.431,2684.950757857667,1
992.2,11.9,26.58,0.634,2775.7139234595325,1
2277.9,24.02,13.18,0.392,4055.184034819933,0
3867.2,19.35,100.0,0.45,2249.185991059928,1
106.1,4.25,43.0,0.411,3301.142807442907,0
3633.7,11.65,57.59,0.652,2684.950757857667,1
732.3,17.21,63.55,0.599,2758.641761368392,0
1786.0,18.44,63.54,0.374,2698.933852005402,0
241.0,26.11,47.85,0.491,1762.7769539543783,1
539.8,22.46,21.04,0.4,2533.163549411976,0
2208.4,7.0,61.93,0.526,1717.858705266538,0
3567.1,14.65,96.69,0.95,4812.848073588417,1
856.7,8.53,44.74,0.601,3007.532987588684,0
2593.1,15.44,52.98,0.773,2381.475637366023,1
401.9,17.87,33.09,0.613,3212.6281634060683,0
1584.5,32.34,11.38,0.723,2365.694813808488,0
938.7,16.22,62.64,0.599,2265.8327054244164,1
1711.5,24.52,47.13,0.673,2638.002975216648,1
1476.7,42.46,28.13,0.715,2530.544894888132,1
1786.4,18.88,45.63,0.692,4085.8773478328576,0
869.4,5.33,50.75,0.575,2503.509901639188,1
2978.9,16.97,38.01,0.679,2084.650252934612,0
423.9,22.56,73.59,0.622,2581.8823503214585,1
2238.3,24.76,50.72,0.521,2231.355142625712,0
1794.5,8.18,90.18,0.619,2301.854476479582,1
1739.0,24.32,61.15,0.558,1963.051202451588,0
284.2,23.45,75.58,0.47,3912.178719084935,1
3110.5,31.56,62.0,0.455,2790.945149388553,1
717.7,29.7,45.23,0.549,2604.6338962493214,1
3065.2,14.69,100.0,0.364,2734.6801868242515,0
666.4,5.94,51.99,0.475,2265.4677773458693,1
1083.8,13.41,56.48,0.8,3170.5956386507605,1
317.1,19.64,80.11,0.268,2183.126404188247,1
1537.1,16.4,37.41,0.474,1606.2634440337536,1
2167.3,15.0,71.65,0.552,2487.6222289337206,0
1127.8,1.44,60.03,0.672,2345.0060732028574,1
431.8,9.57,63.75,0.468,2380.396787428775,0
3596.6,32.27,35.11,0.546,2653.9417273350746,0
341.6,20.01,94.63,0.617,2017.199624448601,1
2353.1,18.31,31.35,0.415,2961.351735613738,1
1501.3,9.31,47.99,0.598,2336.795696581695,1
1424.8,23.54,78.76,0.682,2571.0458159237537,0
349.4,39.0,35.67,0.378,2795.6895252823224,1
3520.4,22.15,30.45,0.43,2814.1047492253306,1
435.0,35.12,62.17,0.428,2794.7792808747017,1
4151.8,13.67,54.67,0.257,1683.6169947255864,0
180.3,24.5,69.73,0.544,3267.899491484634,1
2182.1,20.74,33.94,0.226,2684.950757857667,0
1041.3,36.04,42.2,0.729,2681.230811721076,0
1536.5,34.16,30.45,-0.05,2297.77234713035,0
746.1,19.1,81.3,0.152,2284.944717077855,0
1479.3,16.99,23.51,0.573,2714.0570063402706,0
196.4,14.51,76.73,0.579,2833.24721811063,0
2198.6,21.77,50.07,0.58,2659.4281423689267,1
181.3,8.94,27.64,0.29,3219.634137075744,1
1530.2,18.89,42.52,0.734,4379.100753796007,0
1806.1,32.25,72.5,0.659,2522.064779377845,1
529.1,25.66,70.65,0.829,3912.9457106999553,0
1562.5,35.08,82.27,0.526,1681.3356237379562,1
4276.4,29.83,56.1,0.872,3399.8233799605405,0
206.0,21.92,74.29,0.074,3615.587268582889,1
3695.5,14.89,70.18,0.378,2656.521335233561,0
459.8,26.72,64.18,0.509,2267.799802138541,1
2335.3,10.74,24.67,0.306,4572.818655937783,0
236.8,11.47,42.32,0.796,3745.435033534496,1
1554.6,6.59,45.97,0.714,2684.950757857667,1
1633.3,31.41,36.27,0.95,2578.453037130247,1
914.6,33.2,51.1,0.67,2625.060766988532,0
175.4,10.58,31.74,0.477,1937.644547695164,0
4342.9,32.01,66.49,0.525,2914.536420676507,1
550.3,26.06,42.83,0.493,2351.6791883912592,1
1096.1,9.03,78.8,0.778,3181.137433572649,1
1391.6,42.88,45.99,0.617,2118.625441580059,1
888.0,32.64,30.01,0.86,2315.0546866815107,0
2369.5,22.56,81.57,0.539,2769.978870508131,0
4828.6,21.11,29.57,0.762,2292.24494905256,1
404.6,6.87,60.01,0.416,2535.0952260860067,0
1839.8,27.88,49.33,0.563,3516.062150733405,1
136.0,9.3,76.93,0.578,2611.9155836692075,0
2147.4,17.2,14.16,0.722,2478.610699451664,0
337.7,46.85,74.71,0.786,2669.202344219281,1
1488.7,14.3,69.51,0.299,2875.671866065466,1
1123.4,10.45,43.2,0.583,4370.485045747067,1
1781.6,46.44,38.93,0.844,4359.54781851039,0
732.7,27.16,54.1,0.445,2449.8713689802635,1
1986.6,28.85,45.31,0.834,2615.4812488847138,1
115.7,30.11,76.33,0.908,3075.4348955439395,0
1911.3,19.62,71.48,0.521,2536.3696370260323,1
1647.7,15.74,53.92,0.77,2538.186938398061,0
1471.5,24.82,74.49,0.807,2339.555925398468,1
1361.0,5.02,80.13,0.291,2448.376173014404,1
3697.3,10.57,75.08,0.48,4324.440482159836,0
712.2,4.31,28.39,0.377,2179.956592545675,1
3941.0,8.15,81.11,0.862,2625.4184736195666,0
567.5,24.03,49.94,0.571,2194.7192662080365,0
1774.8,42.48,53.39,0.739,3509.47777259774,1
1112.9,15.91,83.25,0.417,3345.8353391429287,0
1454.6,28.24,45.34,0.572,2194.07163253054,1
1752.7,20.44,43.25,0.58,3239.5356167401424,0
1165.9,9.11,57.54,0.7,2720.676576858407,0
674.0,28.01,54.09,0.637,2209.1709035070344,0
3038.0,23.8,90.46,0.651,3266.071142855638,0
372.6,36.08,73.51,0.705,3633.178116449518,0
2138.6,34.02,63.5,0.249,2269.854086828306,0
462.3,26.41,69.33,0.541,3294.4144892357435,0
806.4,18.76,56.6,0.734,1886.1199844736648,1
1019.9,24.1,26.47,0.707,2799.8737894514948,0
527.7,57.1,74.28,0.398,2869.6238833992147,1
795.0,14.07,60.27,0.805,3499.342505898529,1
2198.8,11.81,26.49,0.565,2509.961800506964,0
655.2,2.4,94.76,0.645,2684.950757857667,0
1711.1,11.73,78.55,0.634,2382.0851765609445,1
1124.5,19.53,52.61,0.468,2271.1301859555306,1
911.7,22.81,21.16,0.864,2518.0420014509486,0
1915.3,36.8,39.25,0.442,4349.88077919835,1
4865.3,7.22,68.94,0.698,3029.3042532861614,1
389.7,27.46,64.43,0.725,4971.065434856322,1
2809.3,60.0,54.76,0.549,2597.7059822035326,1
615.1,8.58,58.41,0.538,2386.875324123431,1
1103.3,40.58,37.7,0.647,2770.088695567286,1
857.2,17.95,65.22,0.681,2645.9643126592487,0
1642.3,14.79,38.72,0.483,2227.711463733184,0
1708.9,20.23,45.88,0.441,2733.145719823859,1
2130.6,35.62,52.93,0.512,2474.499790526681,0
91.0,11.29,59.39,0.465,2647.4405049382963,0
2967.7,18.92,29.85,0.443,1686.7552072090105,0
397.7,13.57,38.64,0.639,4145.283372062129,1
2039.2,18.42,82.71,0.607,2730.3191248121816,1
381.2,10.03,97.4,0.567,4152.191771196138,1
931.3,29.21,60.39,0.273,2286.603989886212,1
2040.3,21.15,42.41,0.678,2873.7542680428714,0
557.3,24.55,63.13,0.399,2516.7242999033074,1
84.2,8.66,25.69,0.401,3193.215341437105,1
3800.0,16.09,62.78,0.563,2763.1176706360307,0
743.0,8.53,47.0,0.625,2459.3302177708138,1
2478.9,24.56,60.88,0.368,3195.388541726323,0
508.3,9.78,48.71,0.696,3353.467865251253,1
1628.1,21.01,64.93,0.436,3927.609452763926,0
984.4,23.62,61.01,0.424,2696.388822297148,1
1080.6,52.85,52.98,0.546,2621.3830929703563,1
513.4,34.0,63.69,0.531,2684.950757857667,1
2964.0,33.18,40.27,0.4,2571.0789507820627,0
70.3,12.27,53.61,0.524,2181.5333959699174,1
1192.4,27.62,52.01,0.85,2774.6381540510383,0
165.5,44.21,51.65,0.801,2974.669846497026,0
1676.7,26.05,77.8,0.938,3521.958988569719,0
1377.5,42.09,32.08,0.538,2805.0850956683544,0
524.2,18.77,89.12,0.513,2434.233656051373,1
320.3,21.51,85.83,0.778,2297.663180536713,1
2350.1,11.2,24.59,0.879,2644.225355278428,0
205.8,17.29,26.11,0.37,2738.078540023008,0
1751.3,11.75,69.5,0.601,4215.732201287597,1
517.1,19.61,58.62,0.57,4093.1886306788806,1
1506.7,15.75,81.73,0.45,2431.736876292413,1
1142.2,39.73,63.6,0.418,2110.537749132732,0
3079.6,35.04,27.13,0.667,2794.2930065541614,1
784.8,5.71,55.28,0.835,2205.8887147242995,0
3733.2,17.37,43.47,0.585,2671.4537534481537,1
504.2,15.53,59.76,0.34,2765.6032589448664,0
1669.5,26.09,66.2,0.816,2525.217071792682,0
1227.4,27.77,11.13,0.693,2378.644745621224,1
389.6,20.1,54.93,0.593,3914.983528675952,0
2438.2,19.94,70.08,0.826,2324.777539069717,0
1876.7,5.68,37.81,0.539,2399.3706726754526,0
719.7,3.05,33.53,0.422,2521.511721523293,1
4076.1,6.9,28.78,0.645,2988.683862568282,0
339.1,7.71,55.02,0.592,3783.534860822185,0
1416.5,24.16,37.49,0.623,2311.534089476728,0
1422.7,34.3,69.87,0.305,2918.7709603316525,1
487.4,21.63,66.09,0.373,2687.078323944311,0
312.3,11.54,39.91,0.435,3205.355822694377,0
974.6,36.15,33.98,0.45,2625.121741011897,1
659.5,12.36,80.65,0.575,2716.3210060407705,1
1908.2,6.01,25.81,0.899,4331.199164029871,1
793.9,5.2,67.38,0.583,4466.758417990662,1
1472.1,11.76,37.69,0.606,5068.598723564267,1
217.5,33.09,73.34,0.95,2888.626053156563,1
1512.5,32.11,33.68,0.227,4133.865067228383,0
952.4,17.82,42.01,0.95,2622.5271373179,0
3001.4,16.59,67.08,0.474,2424.526751417033,1
845.2,23.48,61.89,0.511,3342.6481374592054,1
4052.9,15.21,62.85,0.857,4731.443836617603,0
268.1,9.5,70.87,0.658,2757.8333540751955,0
2221.0,51.02,54.66,0.225,2915.186484329025,0
915.7,20.51,62.12,0.767,3872.9975953396415,1
1056.9,18.32,100.0,0.197,2910.295389823804,0
446.0,18.75,38.87,0.662,2717.6629214424893,0
2100.7,12.52,57.75,0.735,2264.96186870308,0
530.5,41.27,9.49,0.486,2373.501178798353,0
3284.9,22.83,65.14,0.8,3375.0052155214667,0
427.0,21.5,9.97,0.436,4149.618542395395,1
2302.9,19.81,48.98,0.795,2632.581764063017,1
468.2,32.11,34.49,0.577,2985.0810483872187,1
1732.2,10.8,62.83,0.699,2466.514996824824,1
818.4,23.29,43.39,0.797,3771.43491780465,0
3033.4,22.95,52.33,0.582,2501.660498160953,0
330.0,3.96,28.32,0.455,4250.8617616364845,0
3561.7,22.0,69.08,0.579,2137.5346084494804,0
231.3,13.59,55.39,0.869,4894.699735876213,0
1584.6,11.97,48.97,0.692,4853.9578930362,1
308.4,11.59,62.78,0.726,2804.956811574782,1
394.3,21.12,47.17,0.482,2885.530537078531,1
1345.9,12.27,59.36,0.623,2441.8603635764457,0
741.3,8.3,46.73,0.571,2271.938820115835,0
330.5,5.64,39.11,0.534,2322.4017820859094,1
1731.4,32.82,53.33,0.53,3115.305327192194,0
712.7,17.2,44.19,0.529,2514.432145081598,0
2182.6,17.51,55.23,0.686,2550.4362054319213,0
514.1,16.78,38.19,0.691,2224.273120784564,0
402.1,21.42,46.84,0.589,3840.016223764821,1
1099.1,23.16,54.64,0.306,2239.6088496579187,0
3269.0,12.82,49.93,0.54,4016.0978888045606,1
330.3,14.34,71.11,0.95,2657.165141886914,1
2829.1,20.06,66.85,0.869,2322.457319694691,1
528.0,3.81,67.66,0.625,2720.9637069989,1
770.6,23.69,51.34,0.736,5284.597062816632,1
358.7,19.8,48.8,0.295,2188.988194828208,1
1222.5,27.72,60.09,0.901,2470.1047430393824,0
2312.0,19.56,56.94,0.736,2415.1566017726977,1
2851.8,56.88,31.38,0.434,3442.536126315007,0
526.5,9.16,50.84,0.585,2687.044842316733,1
2807.6,12.21,40.92,0.328,2737.5137905199267,0
650.2,34.23,75.94,0.915,2168.307176129198,0
1716.0,10.14,44.0,0.808,2882.217222524558,1
1178.0,21.17,44.41,0.511,2444.165560698526,1
1721.8,15.0,48.47,0.339,4932.967856826834,0
2309.3,20.44,77.14,0.619,2771.600684591281,0
3431.8,41.74,81.15,0.769,2852.385204758906,0
414.8,12.03,65.05,0.635,2321.038769430246,1
2085.6,10.7,35.17,0.516,2274.6624147157354,0
670.8,27.39,51.9,0.208,2096.895584172892,0
2315.0,26.25,11.51,0.568,1915.9300410753456,1
643.1,57.37,29.99,0.499,2406.932552094473,0
609.6,7.69,38.2,0.481,3357.3666747888174,1
1775.1,16.83,56.65,0.286,2535.2430336900647,0
1064.5,33.58,75.56,0.651,4224.565652750434,1
400.9,13.36,76.76,0.888,3923.945811900574,0
3111.4,14.67,30.61,0.582,2387.1975257521,1
367.0,25.41,54.5,0.641,3503.908063228,1
1679.9,10.79,55.48,0.35,5034.420766255542,1
428.0,4.86,60.72,0.555,3525.793919520679,0
1261.7,27.89,86.66,0.542,2364.685096662686,0
1125.6,39.79,79.78,0.567,2355.8455329444737,1
2009.2,15.75,87.39,0.606,3227.367812806355,1
856.6,23.58,67.64,0.475,2684.950757857667,1
2832.3,26.1,49.74,0.792,2257.9922295161923,0
304.5,10.99,43.22,0.562,2679.38139551053,1
1629.2,19.4,48.97,0.668,2425.859894878863,1
1377.9,30.16,43.06,0.52,2777.2030142014983,1
464.2,10.38,75.43,0.668,2556.660219890353,1
585.4,18.68,94.55,0.356,2581.109165379717,1
4755.3,15.21,82.99,0.341,3450.7113496486045,0
612.8,50.4,63.25,-0.008,3044.68075705551,1
2671.0,48.4,55.46,0.475,6366.743663534098,1
703.2,5.1,58.36,0.602,3341.28793878613,1
1565.6,25.23,37.13,0.437,2972.9768526636653,0
1539.4,30.2,45.92,0.54,2573.8587623540734,1
718.5,17.39,66.29,0.601,2352.208445530966,1
2226.1,23.67,86.37,0.518,2814.2469939831885,1
752.1,40.64,52.47,0.569,2874.060958736412,1
110.7,26.4,50.63,0.519,2365.416179727013,1
2228.2,16.33,52.67,0.505,2732.400015153937,1
103.9,22.88,41.18,0.388,2897.610196254821,1
1156.7,12.23,35.97,0.418,3485.5411555172554,0
192.4,38.57,64.23,0.896,2410.7871781291306,0
747.2,19.18,35.52,0.95,5018.193555748568,0
2295.7,45.51,49.49,0.679,4874.683365256227,1
3853.2,14.18,43.94,0.311,2548.357452823462,1
488.7,47.31,66.5,0.519,2750.54555922348,1
4123.4,45.01,68.91,0.698,2387.307059631252,0
388.2,1.7,31.83,0.536,2771.7568467120504,1
1972.0,19.22,54.62,0.816,3750.63412528566,1
1752.7,19.68,48.89,0.737,4113.743754065098,0
607.9,42.84,66.19,0.933,2684.950757857667,1
1406.2,27.77,80.8,0.691,2684.950757857667,1
3037.8,53.03,53.99,0.541,2823.2982521710405,1
78.8,6.84,51.32,0.95,2362.6695064217365,0
3672.9,23.2,36.24,0.663,2701.803701978157,1
440.2,30.16,73.46,0.58,2326.9564825414013,0
2371.8,31.58,55.63,0.789,2531.168058231472,0
1256.5,23.81,63.97,0.632,2708.71300215983,0
798.4,22.93,34.75,0.476,5257.979117708695,1
2214.5,35.41,88.72,0.886,4601.821005963166,1
2755.1,33.92,54.08,0.352,2928.403451678154,1
86.2,7.04,53.81,0.498,2684.950757857667,1
3944.7,19.17,61.96,0.495,3269.7172248035795,1
378.7,15.35,41.52,0.682,1675.5721936903255,1
1301.7,27.33,39.71,0.651,2779.449810569499,0
1478.6,10.49,51.39,0.505,4851.482578592842,1
387.5,35.98,42.82,0.654,2735.8892603284685,0
1631.9,15.56,5.0,0.561,2190.930820172111,0
1310.6,60.0,72.67,0.468,2431.1754008346,0
31.3,8.93,5.0,0.573,2185.4893689198884,0
2677.9,25.18,64.04,0.486,5305.17599307411,0
460.6,16.06,66.15,0.159,3252.5557680012244,1
1640.3,29.2,37.19,0.449,3600.324967512982,1
400.8,24.48,66.92,0.736,2706.0003379301306,0
959.5,17.04,33.18,0.547,2021.5797230282185,0
1668.2,31.73,53.57,0.542,3515.6735513202966,1
3233.1,12.18,72.5,0.345,2383.2548776780923,1
670.9,24.24,47.97,0.488,2302.779218148852,1
1622.9,17.21,68.58,0.52,2260.617245273062,0
77.0,11.37,63.09,0.626,2349.667111588429,0
1220.5,34.81,27.64,0.488,2102.78930080198,1
1831.3,33.87,25.71,0.544,2583.404116478878,0
1638.4,13.08,91.46,0.495,2183.556944844704,0
996.6,19.05,39.49,0.644,4124.072427264251,1
4380.4,21.02,59.51,0.642,1722.3649715798558,1
887.4,6.93,61.59,0.468,3025.2540077456,0
3509.0,25.38,46.96,0.668,5271.372253752159,0
233.8,57.64,68.61,0.708,2540.6000325883483,0
831.4,12.67,59.35,0.809,3812.6834055901536,0
496.7,22.36,29.05,0.422,2774.643878303508,0
1316.2,11.12,42.11,0.626,2888.7276705544577,1
976.3,42.89,48.54,0.484,4231.050952459789,1
3206.5,16.04,34.38,0.365,2191.766322223442,1
672.8,36.47,84.21,0.591,4399.172674256217,1
1628.5,26.04,45.25,0.76,4437.75633250456,0
593.5,5.18,32.84,0.625,4867.813901681052,1
1172.2,15.62,39.8,0.491,2467.950843905936,1
499.1,29.41,71.53,0.612,2668.156471291208,0
1707.4,18.05,50.05,0.689,2865.592976409708,1
334.9,24.62,71.49,0.675,4187.164594963508,1
3411.0,27.95,100.0,0.505,2195.8733761987,0
356.7,11.0,47.52,0.573,2535.711863164694,1
3270.9,13.46,42.12,0.459,2687.2744722237253,0
633.8,15.24,50.59,0.503,4342.445063919211,1
2326.0,26.11,53.08,0.478,2312.755003139725,1
939.7,8.84,45.95,0.634,3088.8166917116155,0
884.1,29.59,5.0,0.654,4207.310474047149,0
1862.0,48.3,31.08,0.51,2793.261662033712,0
3165.3,35.34,63.16,0.638,2599.4863658568265,0
400.2,60.0,72.87,0.819,2635.285763201938,1
2177.6,13.93,69.94,0.861,3569.9993711160564,0
660.3,10.43,32.6,0.585,3760.7872535626034,0
1791.9,22.96,40.07,0.693,2239.1231530766186,1
1537.3,7.69,47.07,0.397,2630.1574065507334,1
973.5,21.9,48.19,0.608,2542.368558490185,1
361.0,15.25,72.21,0.617,2503.360057976731,0
2028.7,27.13,23.39,0.765,2608.9645565316564,0
654.4,29.18,66.17,0.266,3277.0179208724894,1
2076.6,22.57,68.28,0.825,2641.980020945045,0
603.5,25.13,39.32,0.716,4867.905311921438,1
924.7,10.73,36.52,0.622,4366.008116907212,0
1238.6,35.55,43.13,0.427,2320.159199434869,0
1100.8,30.08,61.59,0.65,2575.3429999850523,1
1810.4,12.17,38.67,0.644,2371.040343862845,1
3849.1,34.9,53.57,0.449,2722.75594132812,1
183.3,4.18,69.99,0.55,4098.381191855474,0
3318.3,23.39,43.51,0.564,2673.011444385996,1
79.4,7.32,28.31,0.722,2893.220158096296,0
1399.5,19.64,59.35,0.617,2432.6067822992663,1
1045.5,13.74,86.02,0.874,2372.3419243614408,1
1130.6,23.26,41.78,0.866,2312.3942023492573,1
863.4,16.75,82.65,0.609,3113.099538455932,1
3128.5,20.95,59.41,0.511,2278.229640389309,0
111.6,15.5,73.54,0.306,2341.836304797472,0
1538.0,17.55,73.03,0.615,2684.950757857667,1
139.2,13.38,82.03,0.355,4337.471401922639,0
993.1,26.82,49.64,0.776,3001.26368732674,1
156.3,13.03,46.44,0.652,4686.150123215298,0
1706.2,20.12,48.92,0.753,2171.74380074116,1
2300.1,60.0,25.69,0.49,2465.484737185198,0
1172.3,28.16,31.92,0.802,2871.570913331204,0
531.8,14.37,72.06,0.476,2701.3363900122063,0
3316.9,18.02,37.23,-0.08,1742.9663562638964,0
417.7,7.93,42.65,0.58,2291.7195880271133,0
1801.9,22.16,88.41,0.613,4875.260318807963,0
1396.5,35.66,41.44,0.527,2295.689233204716,0
519.9,11.27,5.0,0.853,2420.366863334982,1
965.6,14.93,34.27,0.111,2777.722102342345,1
1367.4,39.57,77.17,0.547,2867.7559472629778,1
507.4,17.32,45.78,0.735,2472.147977095071,0
1903.6,12.23,29.21,0.304,2304.750873972612,0
617.5,46.84,33.31,0.3,4914.032795077942,0
2014.5,22.86,44.92,0.292,2547.59807375442,1
502.2,23.8,31.93,0.706,5248.330977894723,1
1230.2,22.0,45.99,0.233,2702.303850102729,1
1087.8,20.3,87.34,0.282,3772.391859972092,0
3658.4,23.48,31.15,0.474,2232.051640406172,1
701.9,6.87,50.19,0.383,2384.557525948133,0
3011.9,9.95,83.11,0.752,2699.023374357809,1
505.1,4.94,80.75,0.421,2684.950757857667,1
2248.7,18.96,32.43,0.619,4933.956680597476,0
471.2,27.07,48.51,0.803,3944.7452441782,0
1579.6,15.43,98.73,0.412,2839.216776008022,0
1931.4,15.08,55.96,0.627,3223.6779613269405,1
4085.6,14.53,55.44,0.614,2533.536675755632,1
256.9,55.09,43.58,0.605,4844.2705517859695,0
3281.0,33.1,17.49,0.562,2777.3771440012324,1
728.9,15.41,48.73,0.611,2294.633363156923,1
1663.0,11.78,38.78,0.683,4392.070220534556,0
727.0,11.83,82.68,0.482,2514.112017267713,1
1592.1,26.27,22.24,0.353,2861.612389529215,1
1333.1,27.71,64.04,0.638,2676.737259041585,0
2599.5,26.96,26.96,0.923,2410.504556672752,1
894.5,28.1,40.52,0.396,3085.3012550827075,1
4185.5,7.81,89.2,0.633,3322.47391074123,1
234.3,25.09,72.24,0.858,1985.548310414192,0
1602.2,14.63,67.58,0.645,5526.711469366322,0
714.5,21.12,29.43,0.466,3423.2650641322125,1
1240.9,14.79,100.0,0.547,2701.579587938731,1
1620.5,32.42,76.05,0.535,2982.669154091999,1
2443.5,57.05,67.27,0.792,2533.7371146240707,1
493.6,7.09,46.66,0.783,2488.6505858368755,0
3583.4,3.84,11.5,0.562,2634.001497825651,0
392.0,16.99,88.88,0.938,2818.611270341764,1
1032.8,34.65,67.81,0.448,2420.870429717723,1
1191.6,17.45,19.9,0.636,2845.03654936064,0
1169.9,33.45,48.5,0.447,2606.4746543837946,1
1707.2,17.52,62.37,0.199,2145.658971980751,0
3464.4,5.9,45.42,0.567,2390.3896013064464,1
29.8,10.37,36.63,0.495,2378.152398020598,0
3666.9,15.47,56.19,0.509,3389.16211314996,1
439.0,5.25,35.17,0.661,2522.879667485081,0
2225.4,60.0,68.67,0.707,1669.314523738297,0
1408.5,12.98,62.84,0.736,2274.7204845699885,0
837.6,47.56,24.15,0.429,2255.3987982442286,1
2351.1,7.19,40.33,0.79,2378.708208932628,0
2548.6,29.98,52.89,0.634,2731.009753265849,1
718.6,0.92,35.97,0.865,3243.3674908222747,0
2422.3,53.29,79.12,0.555,2417.742753557022,1
117.0,11.32,49.13,0.858,2756.885447954596,1
1153.8,8.47,43.48,0.517,2382.7542330472725,1
1505.0,23.47,45.99,0.221,2508.101560706663,1
345.8,19.65,24.29,0.819,2559.64575697802,1
2057.7,29.73,23.17,0.675,2684.950757857667,1
2815.0,18.57,65.59,0.361,2766.070806680928,1
684.1,21.83,61.84,0.261,2784.498142296149,0
4117.6,21.72,88.02,0.541,4987.565148816395,0
675.8,4.67,47.47,0.473,2254.8807081930145,0
1986.9,24.21,32.58,0.421,3526.778569953708,1
963.1,52.07,59.96,0.621,3266.24004699493,0
332.1,37.25,100.0,0.712,3074.9053184583163,0
2285.4,25.17,52.6,0.766,2860.418891423688,1
3446.6,20.92,35.84,0.552,2462.347101374996,0
870.0,5.57,62.01,0.686,1980.7745512866568,0
1710.8,26.03,65.56,0.606,4715.786580665413,1
635.9,38.01,72.96,0.5,3757.564225000855,1
1431.0,34.96,46.31,0.906,3610.400145339154,1
1163.1,30.36,40.96,0.869,2951.5346776649644,1
1505.2,32.06,9.06,0.861,2202.8112482085667,1
2382.9,36.29,29.21,0.654,2782.446290292776,1
3007.9,10.16,49.56,0.69,2293.163583171912,1
508.5,8.15,71.68,0.572,3057.4167308690667,1
1516.7,8.69,42.33,0.639,3095.309956274249,0
388.6,42.79,44.98,0.676,2727.3556507842245,1
1900.8,22.34,32.74,0.603,2290.278577365407,1
1848.3,9.02,65.15,0.303,2207.920256047301,0
466.8,36.62,65.01,0.562,2983.907481015151,1
536.8,35.5,28.18,0.609,5520.458227688534,1
1649.1,15.35,42.44,0.825,2973.2256929804867,1
55.5,2.67,35.4,0.285,5716.907800173857,0
3774.8,21.41,59.02,0.764,4086.018802941972,0
761.8,6.22,62.05,0.464,4079.9816984627146,0
2190.0,20.55,22.27,0.379,2276.8340981146584,1
1190.6,22.89,36.59,0.065,2156.7710913751343,0
1411.8,20.83,81.51,0.725,2235.058288090581,0
748.1,51.17,47.72,0.269,2040.6303715970232,1
3659.6,18.46,45.64,0.638,4472.660045104346,1
422.4,19.74,74.44,0.496,2721.138032526019,0
2842.2,11.99,77.27,0.727,4158.591019214827,0
774.9,11.89,33.88,0.934,2388.896400927653,1
2294.7,22.59,63.11,0.272,2762.6473195508497,1
608.1,22.81,46.12,0.69,2676.325943344088,1
631.0,35.96,50.55,0.686,2767.4151054373806,1
447.3,29.51,31.02,0.655,2191.021473965291,0
2521.9,42.29,75.05,0.851,2599.3394317639727,0
176.9,10.69,53.5,0.767,3225.904124495755,1
2568.4,20.63,79.87,0.519,2665.8466852069446,1
110.3,23.57,20.75,0.26,2728.006641691059,1
929.0,17.78,37.77,0.868,5498.826986454969,1
271.2,9.02,30.32,0.404,2201.0176174241533,0
1571.4,29.49,39.76,0.706,5283.743971603846,1
667.3,25.68,42.79,0.577,3052.0534097173227,1
2221.5,26.6,62.76,0.735,2451.116578483624,1
432.9,27.27,41.35,0.392,2990.1202833812035,1
2045.5,25.76,28.1,0.689,3422.4967133553723,1
694.3,15.76,56.5,0.381,2517.735685628202,1
1879.1,6.44,45.01,0.567,2704.657269309257,1
1840.6,20.73,78.13,0.673,2969.9006487355423,0
1206.2,23.55,39.1,0.531,2703.3574031795006,1
1436.2,10.51,83.19,0.684,3503.1719250818387,0
4883.1,9.25,76.73,0.701,2680.519385623367,1
684.7,14.75,27.23,0.543,2792.568185512136,0
3000.6,13.94,28.1,0.625,3293.4396358877107,1
132.2,7.09,72.73,0.509,2660.1450055391874,1
773.2,35.56,50.5,0.742,3939.746203367472,0
688.7,14.83,87.06,0.598,2807.684493274526,0
1771.9,24.95,28.75,0.629,2460.845772272494,0
1659.6,28.38,71.48,0.381,2826.3093841132536,1
4729.7,35.19,43.2,0.679,2272.540235818009,0
633.4,27.8,49.15,0.471,2309.4067888282643,1
3085.6,16.86,100.0,0.509,4477.848153757026,1
588.4,14.46,65.2,0.381,2334.787530904288,0
2082.6,14.85,61.89,0.48,5084.014886680563,0
1077.7,9.23,59.55,0.752,4083.037187224834,0
828.6,57.18,51.16,0.829,4101.633053905455,0
872.1,21.59,55.59,0.343,2448.421239354953,0
3695.6,18.67,14.46,0.55,3328.131890040177,0
720.3,5.53,58.77,0.629,2741.6794602184,0
2188.9,28.64,59.57,0.58,2565.596512138853,0
368.5,33.47,91.17,0.782,2351.558133105721,1
2384.9,27.78,59.64,0.659,2684.950757857667,1
1182.9,23.78,50.21,0.421,3564.156887040461,0
410.8,26.53,66.77,0.528,3013.7430344134973,1
2291.3,9.51,77.95,0.391,2624.77560965372,0
4490.0,4.19,44.23,0.675,2235.063986205946,1
300.1,29.72,38.38,0.702,2623.310930120678,0
1504.9,26.75,58.43,0.292,2612.241074111889,1
469.5,8.46,44.09,0.703,2340.4276037016466,0
1190.4,29.43,59.89,0.568,2557.2063412038383,1
494.5,44.64,36.41,0.385,2654.733719161594,1
364.2,14.56,59.66,0.704,1869.0065887501144,1
872.1,30.96,60.32,0.748,4371.1778985197125,1
3510.9,45.2,41.25,0.553,2827.9941048852897,0
183.4,8.62,41.53,0.619,1890.7926843270232,0
2396.5,27.96,43.6,0.54,2311.4821757591376,1
309.1,11.39,23.84,0.756,3165.6919905370746,0
1633.5,14.4,31.56,0.406,5068.675031532505,0
1712.3,14.71,73.2,0.796,4148.765619356618,1
624.9,18.84,48.28,0.559,3262.958101349332,1
1612.8,12.16,45.52,0.792,2178.4865165060896,1
3036.7,43.42,19.86,0.641,2601.058206905283,1
255.2,5.22,43.12,0.501,2926.7155594729315,1
3980.4,17.98,61.4,0.705,3227.790808017482,1
345.0,26.51,80.93,0.383,3077.2113024043265,1
1249.0,9.41,58.97,0.206,5052.099504830367,0
394.0,46.22,13.19,0.694,2719.309330887553,1
896.3,33.55,80.77,0.611,5058.396687601057,1
2255.1,14.18,80.61,0.617,1776.2267019632118,1
3588.4,14.56,43.41,0.667,1857.6216325676053,0
458.9,17.15,76.16,0.56,6282.225901009919,1
4300.9,17.06,63.39,0.508,5719.870721431849,0
620.9,18.58,61.7,0.584,2703.713641447672,0
2497.2,22.71,48.23,0.531,3208.741462075959,1
1102.4,15.81,35.61,0.661,3703.590412609975,1
1009.4,38.58,32.15,0.614,2323.274561845179,1
827.9,9.06,50.73,0.403,2845.2729496042457,1
1875.4,14.48,66.71,0.501,2773.988484339953,1
784.0,3.73,50.58,0.581,3735.893328902993,0
3925.7,16.12,52.58,0.683,3763.870227146122,1
528.6,9.17,81.24,0.603,2228.6443495415065,1
822.0,39.42,80.22,0.771,3038.6684964510087,1
1808.7,19.16,40.43,0.677,5270.980323243531,0
1407.0,51.49,54.0,0.515,2231.7954517640333,1
1098.4,21.58,53.77,0.545,4157.716714460934,0
3738.9,13.25,77.8,0.904,3056.778580809216,0
333.0,26.48,46.8,0.539,2328.735048033782,1
4412.3,35.54,78.19,0.386,2327.8625128030853,1
497.9,10.6,82.38,0.741,2523.944312462336,0
1160.8,13.5,64.97,0.551,2263.6561986328643,0
415.5,20.82,53.32,0.511,2811.242037195432,1
503.7,11.76,36.05,0.628,2159.2103277203205,0
1516.2,32.7,63.55,0.635,2729.2713650401583,1
1048.1,11.64,64.14,0.479,4193.987163676359,1
112.7,31.17,74.01,0.523,3044.874730644438,1
2164.8,15.61,45.72,0.52,4131.132315765385,0
440.8,23.39,24.94,0.36,2423.429721332622,0
1949.0,18.51,50.4,0.862,3979.805201075307,0
1809.0,7.56,69.81,0.531,6145.04260215486,1
586.3,35.17,63.01,0.592,2291.95928011132,1
1700.7,18.83,56.69,0.794,2449.2740801714417,0
1123.2,15.82,57.4,0.529,2161.701227021304,1
450.6,21.67,77.17,0.23,2341.085348055624,0
1789.7,21.0,48.52,0.595,2353.0454218020004,1
702.0,25.43,28.75,0.575,2485.1605518274546,0
970.0,23.21,37.45,0.715,2684.950757857667,0
1011.3,24.41,68.52,0.698,2318.60772672509,1
1773.1,42.5,5.0,0.883,2606.028783606654,0
1069.4,13.34,55.57,0.47,2503.652315853092,1
2909.9,18.59,83.75,0.429,2684.950757857667,1
523.8,60.0,47.45,0.582,2690.8645352002814,0
2895.5,20.3,74.8,0.225,3058.4806859884898,1
112.2,13.19,66.84,0.392,5268.634608631961,1
2281.7,14.96,84.84,0.637,2684.950757857667,1
1584.9,33.17,70.29,0.264,2883.551579759575,1
353.4,19.53,63.14,0.524,5287.658660772094,1
1143.6,37.91,48.97,0.442,4914.337441212556,0
2430.5,34.73,63.31,0.82,2789.667565609904,1
490.5,18.71,59.89,0.648,2378.518785700772,0
3364.6,12.16,52.74,0.466,4836.587692475469,0
219.3,17.82,44.47,0.397,2794.534500900349,1
2135.7,21.57,58.28,0.566,2691.977127062049,0
1452.4,24.8,34.19,0.621,2674.0407926806874,0
1028.3,29.26,48.76,0.724,2879.0987487070247,0
1489.6,42.25,61.55,0.441,2226.1437052163874,0
3296.6,33.17,76.02,0.637,2926.129003129051,1
125.2,23.65,73.2,0.609,2749.075211754484,1
3209.0,29.6,45.53,0.858,4188.881401636259,0
568.5,5.4,70.07,0.619,2605.565300600562,0
922.0,15.86,33.72,0.69,2493.8863464373726,1
1130.1,41.87,60.38,0.152,2475.5510753123453,0
940.5,11.27,68.99,0.572,2719.5340788003555,0
2360.6,13.12,51.25,0.405,2810.445699774388,0
3581.6,58.54,58.68,0.533,2255.533828531338,0
92.4,6.11,42.49,0.511,2499.973218928607,0
2781.5,10.42,47.53,0.516,2300.4458199395444,1
191.8,14.29,20.52,0.696,2391.989289300905,0
2019.5,14.34,56.64,0.95,3365.517050660146,0
498.2,29.19,82.23,0.597,2376.195967036177,0
1559.3,6.12,47.32,0.46,2991.198353642673,1
1971.6,24.98,39.1,0.729,2400.6454844589075,1
1945.0,21.14,59.96,0.842,2516.780883056559,1
798.4,40.74,38.46,0.614,2899.932472037822,1
1957.0,10.36,90.43,0.703,4866.6024073415965,0
506.5,29.38,50.05,0.695,5237.645730280166,1
1903.4,25.64,53.41,0.475,2597.9609182174413,1
1627.3,28.28,45.0,0.817,2674.049507683462,0
1512.0,25.87,49.97,0.427,2419.474302918238,1
1882.2,41.7,69.22,0.699,2315.492250696568,1
3448.1,4.59,62.35,0.358,2129.317156794459,1
787.7,46.16,57.74,0.643,3379.9792902307986,0
3522.5,24.46,66.35,0.229,3012.704310682669,1
725.6,16.52,68.48,0.694,1751.761729686032,1
865.7,35.21,65.87,0.705,2149.2784126793267,1
1490.1,26.24,57.46,0.656,4308.7287199508455,1
1333.0,41.44,59.51,0.617,2836.930536980012,1
1718.4,15.48,68.02,0.479,1943.781079031052,0
2032.1,18.41,53.51,0.824,3920.2042483540968,0
133.4,29.46,5.0,0.555,2502.15271779053,0
3994.4,26.15,49.21,0.662,2399.26269608286,1
291.7,22.81,42.22,0.807,2122.181849429756,0
1758.0,24.14,62.16,0.381,2517.256677811539,1
1340.1,40.83,44.33,0.721,2459.4839587326646,1
641.1,19.77,68.5,0.885,4191.350884310738,0
1441.4,41.06,68.43,0.516,3900.975381935321,0
4772.4,9.7,46.4,0.692,2502.155337066856,1
682.2,6.26,15.5,0.512,6327.1405525512455,1
4064.6,31.07,57.19,0.283,2674.2598419409264,0
409.8,38.37,47.7,0.649,2722.280463943306,0
2368.2,17.07,32.17,0.462,2301.589825725389,0
621.4,34.92,68.0,0.95,2161.5803211255675,1
1421.8,28.1,44.84,0.416,2253.3557697576434,1
1286.7,17.33,51.58,0.716,2956.1357593211114,0
4781.2,19.63,30.85,0.488,2385.119398986127,1
417.3,27.38,36.72,0.599,2275.3728294321404,0
3979.2,21.01,35.23,0.262,4221.60298320344,1
596.8,8.76,10.25,0.654,2234.8877352698414,1
1282.6,24.3,52.97,0.598,3903.197137827299,1
1492.0,9.17,60.67,0.531,4699.955181096429,0
873.8,14.5,35.17,0.895,2710.6344447627466,1
1432.1,26.6,51.12,0.587,2677.955561599696,1
2577.3,24.55,30.33,0.828,2699.081964922027,0
868.5,6.22,78.77,0.555,2684.950757857667,0
3940.7,39.77,66.81,0.379,4332.997132242408,1
423.3,8.25,52.46,0.348,2656.1850650704014,0
2102.4,10.19,56.22,0.687,3932.4286011874574,1
1575.1,7.75,81.04,0.605,2587.612235190164,0
1555.7,23.16,37.81,0.166,3372.470610630558,1
1176.0,30.57,90.78,0.538,2499.83081291021,1
1879.7,27.9,84.71,0.608,4337.133952443301,1
159.3,17.39,47.43,0.55,2808.598636266133,0
2709.3,35.42,74.01,0.589,1934.5555094984827,0
520.7,28.59,38.04,0.604,2778.2269028404858,0
890.6,13.51,69.45,0.777,2396.6863978599454,1
929.4,17.6,73.97,0.638,3410.654329575672,1
1424.2,22.53,45.77,0.736,2988.845554045756,1
1709.0,12.89,62.42,0.697,3854.347887813996,0
2521.0,29.64,53.24,0.645,2456.007404382617,1
829.8,3.33,59.73,0.804,2346.358831655752,0
3795.1,33.18,8.33,0.699,2803.991710597521,0
379.9,12.87,83.92,0.693,2795.586015852803,0
1291.6,14.51,61.26,0.479,2901.497152819893,1
671.9,39.7,31.21,0.588,4764.898439009257,1
1143.3,26.13,48.16,0.631,2193.0404729017214,1
1118.9,18.08,26.24,0.833,2083.961945203512,1
3888.1,12.72,64.33,0.276,2967.9908988028915,1
182.7,5.79,53.5,0.896,3233.330670420035,0
3055.8,20.59,17.54,0.75,2354.357597814017,1
519.0,5.71,50.33,0.44,5678.244797279507,0
2114.8,9.77,42.35,0.529,3188.3557398113367,0
750.4,10.83,88.35,0.714,2578.5149710651845,0
1362.1,21.84,61.89,0.375,2805.744707947091,1
443.2,6.11,47.8,0.496,2923.9783960816912,1
3409.2,23.44,63.31,0.432,2684.950757857667,1
343.9,39.96,38.49,0.57,2417.6908674513284,0
2565.6,39.51,81.65,0.168,2566.65249896942,1
196.4,12.28,47.6,0.585,2110.075521491699,0
1829.9,31.21,57.18,0.609,4317.714485788493,1
286.1,27.61,24.74,0.548,2498.310431530268,1
513.4,45.69,53.24,0.406,2772.628149091255,0
1293.1,24.23,61.34,0.47,2765.337940711389,1
1877.4,13.52,93.91,0.563,2803.536099465161,1
188.9,8.77,34.82,0.434,4125.721337539512,0
2762.1,10.51,45.63,0.485,3866.083884128821,1
117.3,6.41,62.41,0.493,5237.5544785112525,1
1313.5,14.35,43.71,0.665,3804.367497913273,1
746.5,15.12,46.95,0.593,4335.826545781534,1
534.0,17.01,31.22,0.307,2044.504164579871,1
1234.9,26.41,51.34,0.257,3854.953077720445,1
3393.4,37.69,43.65,0.666,3562.76150534474,0
678.3,59.46,60.06,0.544,2543.647580648112,1
3127.7,22.34,66.9,0.366,2239.114613891122,1
635.6,14.0,81.38,0.669,2699.5444585948426,0
1861.7,39.14,51.93,0.381,2191.3145910628987,0
1463.9,21.7,50.02,0.49,2205.178575567548,1
1246.3,14.22,55.82,0.647,3489.949481228339,0
684.2,18.11,11.25,0.799,2232.41853219326,1
4183.5,17.9,81.18,0.331,3814.525577084872,0
357.1,3.98,52.23,0.468,2237.3126644220297,1
2728.1,21.88,54.45,0.541,2135.426214473322,1
432.3,8.02,54.8,0.608,2477.138239179128,0
1770.1,13.59,54.9,0.359,2921.5700752486578,1
1029.0,19.49,62.01,0.495,2171.892675202095,1
496.2,46.28,64.87,0.515,2862.165418338492,0
2000.1,34.28,60.84,0.855,2651.9132882868903,1
1947.6,13.47,58.7,0.6,2400.262316273799,1
778.4,8.68,63.99,0.662,3903.820906761569,0
1998.5,31.87,69.37,0.367,2484.7374211198235,1
334.1,12.07,72.28,0.605,2498.0497071999093,1
2109.7,14.72,59.3,0.575,2910.965993199294,1
723.5,27.69,50.88,0.95,2972.41593155946,1
1370.8,43.5,74.17,0.364,4906.972289897354,1
1841.2,4.02,62.32,0.6,4336.822904540756,0
4640.2,36.91,68.17,0.39,2849.4517415416044,1
210.2,8.31,48.36,0.612,2740.7844570751104,1
4115.8,22.77,45.47,0.94,2500.8941512976894,0
257.3,9.32,21.62,0.762,4866.964637579356,1
2372.0,30.27,100.0,0.375,2847.01645667341,0
1740.1,31.7,54.49,0.757,2357.16430794778,1
1623.6,17.22,43.31,0.519,4479.386459602364,0
2097.4,6.9,66.88,0.611,2094.864458014819,1
2069.3,18.0,45.22,0.481,2634.9378266179747,0
620.5,37.88,80.95,0.469,2681.743820486425,0
2720.7,23.49,66.43,0.406,2806.680720760396,1
753.3,6.94,50.52,0.662,2492.955429101139,0
1107.7,32.95,55.9,0.607,3073.2743361847124,0
1040.9,25.32,52.08,0.716,2762.9236591528265,1
1439.9,17.35,80.72,0.779,2266.4750208838345,0
986.1,16.87,57.99,0.446,3555.747315037918,0
1582.3,12.9,76.27,0.476,2466.194351942592,0
258.5,8.4,35.81,0.244,2786.793074451048,1
2857.1,41.36,49.98,0.877,1857.377195790251,1
436.1,11.19,17.07,0.545,2728.231127415295,0
1736.4,6.75,34.43,0.647,3621.0219742864574,0
696.8,19.62,45.45,0.211,4760.601874885003,1
1655.1,17.69,76.37,0.338,3790.428990222344,0
401.2,20.39,40.78,0.302,2773.0181413469745,1
1722.5,3.28,43.77,0.438,2553.4580261898745,0
766.8,30.06,37.79,0.79,3126.994148180232,0
1686.7,14.78,31.35,0.676,2045.041594918316,0
65.2,7.68,37.76,0.19,2162.5583723119794,0
1729.1,26.7,44.9,0.458,4347.439749577912,1
1466.2,12.35,57.64,0.648,3517.839904945748,1
470.3,58.73,59.83,0.333,4146.130605441869,1
1153.4,20.29,61.81,0.828,6358.443498163815,1
2586.0,14.9,46.07,0.551,2529.6699782243086,1
76.7,14.39,48.01,0.604,3063.890111551094,0
2799.2,14.85,39.44,0.691,2303.7691209817126,0
177.1,8.99,34.96,0.777,3555.756070395158,1
2288.4,12.23,63.07,0.568,2408.9043002297867,1
1442.3,30.14,56.91,0.495,2321.294456281176,1
1505.5,7.53,51.88,0.427,2239.229601159161,0
492.8,41.33,39.47,0.461,4157.20139260045,1
4187.5,15.4,38.94,0.633,2731.084294189794,0
161.8,15.8,40.92,0.344,2274.6509791834737,1
3390.5,38.76,48.04,0.573,2259.300084069125,1
339.3,13.99,42.66,0.594,4980.621514177646,1
2061.5,17.96,63.68,0.907,2208.0701309163496,1
1569.3,15.68,69.43,0.663,2356.5041934313026,1
1628.3,13.89,96.56,0.564,3623.474249760133,0
2462.2,11.39,83.54,0.469,2262.1441656881284,0
1888.9,46.36,62.02,0.617,2557.08473718407,0
346.3,60.0,50.44,0.636,2912.057023828384,1
2736.6,17.07,42.33,0.67,3001.7553999180736,0
652.0,7.14,38.26,0.222,2288.1340157719947,1
2265.5,18.6,50.41,0.54,2425.15347079926,0
320.9,19.67,58.39,0.345,2332.133203572587,0
1448.0,19.35,17.66,0.947,2168.5296391174643,0
1098.4,25.16,78.46,0.596,2797.6179463974445,1
818.6,12.21,46.98,0.396,2684.950757857667,0
547.6,13.59,29.72,0.344,6342.925162279001,1
2324.8,29.61,38.44,0.566,1969.893903405792,0
488.9,25.57,79.58,0.616,2518.5191561498355,1
1696.3,19.43,44.87,0.5,2284.2166213618343,0
596.9,22.37,24.81,0.534,3078.310937730017,0
1711.9,13.01,43.19,0.471,2545.362627508337,0
2443.9,48.55,71.24,0.899,2736.8068553583566,1
703.2,28.28,27.54,0.598,2628.195796193384,0
69.7,9.36,58.33,0.278,2673.3692114522223,0
3135.0,26.91,48.92,0.283,2854.627360932496,1
528.1,15.46,52.75,0.495,2109.841509188074,0
2103.3,15.99,17.06,0.581,2695.0688885506847,1
1725.0,44.64,74.85,0.806,2229.589273042871,1
442.2,29.35,73.37,0.604,2225.673406180497,1
1322.8,10.9,51.88,0.392,2430.5482990060377,0
4553.7,23.14,37.25,0.539,2563.1379817795214,1
196.3,19.55,50.49,0.838,2464.0735581787026,0
3731.7,8.3,61.45,0.562,2624.1916371627094,0
186.1,19.95,70.01,0.304,2683.114853422885,0
1683.8,23.03,63.22,0.726,1667.5476585902138,1
1296.0,30.02,77.16,0.365,2747.88680075263,0
928.5,18.45,77.47,0.738,2982.973469843204,0
388.0,6.61,51.7,0.727,2754.0067990988314,0
949.3,56.44,41.7,0.724,2514.4612461635425,1
690.9,16.38,47.96,0.262,2659.43214685822,0
2010.6,35.93,61.7,0.497,2692.420100559045,1
219.7,5.1,56.36,0.7,4419.9864392444015,0
1534.4,25.42,40.4,0.756,5707.508782424529,1
944.9,16.38,59.9,0.935,3422.1014597917706,0
736.9,41.57,43.34,0.563,2648.554563426421,0
327.4,18.18,37.55,0.775,2227.9996184208912,1
771.9,6.17,35.28,0.612,4179.220514241365,1
341.4,20.47,74.13,0.432,3122.4364611959786,1
3502.5,20.79,24.3,0.353,2446.593799882892,1
558.9,20.55,75.66,0.376,3504.816884639665,0
2286.4,20.57,42.94,0.47,3623.3294144032207,0
1872.3,11.09,60.02,0.345,2138.2423845491458,0
1242.5,18.87,84.65,0.595,2846.647089703434,1
694.0,20.1,56.35,0.517,3180.6270117332906,0
4676.8,25.56,54.65,0.563,2338.3077469913705,0
651.4,29.14,49.26,0.701,3256.772961017601,1
3333.4,38.79,56.23,0.668,2740.4580956376994,0
438.0,25.85,53.0,0.521,2597.9340308733085,0
1322.3,43.98,53.54,0.289,4174.5514038012,1
1631.0,28.97,58.58,0.44,2972.280655182066,1
715.6,17.6,80.36,0.467,2364.8220555765474,1
1265.6,29.38,34.06,0.509,2082.3202011837625,1
4459.9,38.13,14.95,0.661,2381.535000698071,1
123.8,34.38,43.76,0.448,2702.474258138157,1
2793.2,13.76,59.16,0.441,2389.2348632162825,0
160.0,2.05,63.16,0.266,3356.714890115169,1
1576.1,21.99,55.27,0.449,2743.2107432132498,1
563.3,15.76,85.85,0.448,2646.6665993288298,1
1227.7,39.02,48.34,0.792,5498.110811498373,0
1458.1,21.66,48.77,0.404,2609.212483339209,0
1781.5,11.57,51.5,0.95,4204.37571976559,0
163.6,22.41,63.6,0.426,2699.276631383518,1
1889.9,15.25,44.61,0.667,2528.32818946685,1
782.3,8.36,31.98,0.503,4298.889000193617,0
1704.5,25.55,35.78,0.338,3015.006488928984,1
583.1,19.79,62.49,0.273,1760.0602539537128,1
1318.7,22.73,30.18,0.487,5251.601125805552,0
1146.8,48.28,53.13,0.552,2357.783111675437,1
629.3,16.62,71.56,0.37,5278.454807125343,0
619.3,39.94,77.57,0.461,2739.086668447623,0
2171.2,53.66,59.63,0.327,4103.718729469757,1
534.1,9.02,67.7,0.647,4142.533826212579,0
1067.1,17.9,36.59,0.711,2403.3496982937363,0
212.3,26.2,52.68,0.472,3202.4620505363378,0
1142.1,28.56,18.87,0.51,2451.8150059194813,0
2263.8,18.71,57.51,0.761,2498.042161947143,0
4419.3,54.41,16.68,0.471,3364.0208742234904,1
553.7,18.59,34.17,0.548,2299.396788575697,0
3073.2,21.81,56.23,0.36,2616.6229933164545,1
760.1,3.41,38.85,0.95,2147.6510155788023,0
1160.8,38.53,97.74,0.476,3176.564301913974,0
1332.6,14.43,60.64,0.24,4380.121576622539,0
1357.8,28.8,65.1,0.575,1896.444923934452,0
1676.7,25.57,51.53,0.561,2684.950757857667,1
3164.6,24.09,73.65,0.728,2635.9758423778885,1
316.8,31.84,44.96,0.95,2658.597664704361,0
2843.3,24.26,67.92,0.484,2639.0147277627984,1
163.7,6.26,68.2,0.354,2610.755649242249,1
1001.8,17.08,23.35,0.361,2612.210189425162,0
317.3,19.19,65.04,0.806,2377.0136497700246,0
1709.6,13.28,93.95,0.699,2360.459304836936,1
1770.7,20.65,46.6,0.65,3054.4372605632207,1
2587.5,13.62,47.98,0.379,2682.598835770968,0
62.1,20.3,10.97,0.434,3776.079976802329,1
3956.0,12.98,70.95,0.71,2872.2163249565983,0
557.6,2.54,23.19,0.755,2288.206859272999,1
1140.7,20.98,40.46,0.555,2445.4754267304693,0
629.5,22.47,62.87,0.563,2684.950757857667,0
606.7,30.81,29.82,0.466,2790.2534942724847,1
1276.6,34.95,69.58,0.393,2207.743994384476,1
3165.3,4.56,42.9,0.721,2611.510868067531,0
485.3,46.9,57.4,0.53,2281.015968610218,1
1599.4,33.78,42.93,0.462,2311.115431683333,1
571.4,17.5,47.17,0.495,2770.8790114466315,0
1782.2,18.6,36.04,0.359,2668.772522749758,0
1150.0,38.48,29.74,0.508,2303.3570872914456,1
988.9,19.64,49.03,0.726,1679.1605764684828,0
2127.4,13.32,37.58,0.676,3445.139092453794,0
2069.5,14.77,27.91,0.675,2239.1391021461686,1
815.7,19.16,80.63,0.422,2383.307767690265,1
3594.9,26.97,71.45,0.185,2960.281192914003,1
121.8,9.67,81.64,0.416,2794.94338983748,0
2044.6,24.06,64.59,0.41,3911.2730181998863,1
904.6,16.97,53.66,0.455,3006.6045857966265,0
539.5,60.0,57.35,0.813,2408.62678146741,1
1221.6,32.66,68.39,0.655,4719.332498558904,0
3214.8,13.01,73.51,0.619,2375.1246665583817,0
20.7,15.87,84.96,0.738,2800.2508716709003,1
4483.3,39.09,67.09,0.659,4213.0050066910735,0
315.2,60.0,34.66,0.518,2705.679415127315,1
2374.1,12.5,94.62,0.788,2580.5333144728725,1
837.4,22.46,73.27,0.79,2140.7177364584527,0
578.4,53.56,56.47,0.521,2015.4799655626152,0
535.2,27.64,62.48,0.521,2266.798222978159,1
3499.6,9.66,75.06,0.53,2404.9465110123942,1
164.3,23.84,90.73,0.76,2669.2330274826304,0
2624.8,37.21,44.14,0.527,2407.988517648555,1
672.0,22.75,43.73,0.711,3077.4623214320263,0
2131.3,17.47,68.43,0.61,2749.956664959043,0
1361.8,12.51,52.94,0.823,3269.762815191636,1
1219.1,10.29,59.19,0.468,2239.3303456832323,0
2234.0,16.83,17.2,0.818,2492.2540530789247,1
4494.5,10.73,38.95,0.457,2373.1173030658924,0
725.2,10.32,53.82,0.662,5674.320739521315,0
1769.0,42.64,79.6,0.484,2684.950757857667,1
655.8,17.41,87.62,0.51,2343.574828912584,1
1908.4,17.11,48.49,0.838,2594.1538118718945,0
1654.2,15.57,82.55,0.836,2858.104876557828,0
878.3,13.66,42.95,0.582,2476.89163310512,1
814.6,25.55,48.15,0.271,5264.791837683746,1
3830.8,21.56,25.83,0.583,2860.154101790435,1
798.1,14.54,49.58,0.816,3771.193800009665,0
3670.5,14.68,5.0,0.694,5031.662311922315,0
797.1,23.57,26.86,0.655,4785.906741155606,0
902.3,8.37,76.02,0.511,2517.0790145529377,0
457.9,15.55,40.52,0.746,2740.205750953452,0
1226.2,21.44,26.39,0.311,4208.914067610075,0
1421.6,14.29,65.59,0.723,3470.119834866516,1
929.5,35.39,61.95,0.517,2524.6119455330163,0
638.0,23.48,40.77,0.609,2329.493873228724,0
3618.7,22.61,55.29,0.319,3731.3471830021663,1
291.8,16.53,27.97,0.593,2674.9362493333488,1
1557.0,19.31,42.7,0.52,4334.55269908191,0
1806.8,19.72,79.19,0.599,2512.7238568403427,0
756.9,10.5,66.67,0.584,2684.950757857667,1
292.0,17.98,64.72,0.321,2604.859228952639,1
4164.6,24.74,48.59,0.492,2397.0681453140683,0
830.5,7.19,40.65,0.272,3439.676773583832,0
3365.9,6.84,70.36,0.715,2092.5170098743847,0
326.1,10.23,57.36,0.911,4202.51288078577,1
1434.9,7.9,12.11,0.527,3234.22777900347,0
259.1,5.46,66.66,0.658,2574.7523941658114,0
699.0,10.54,16.52,0.566,2511.125112993281,0
868.7,14.59,34.08,0.545,2735.6343476414304,1
1878.4,53.15,63.45,0.632,4277.597997269269,1
166.4,20.18,57.71,0.405,2378.700817698505,0
3380.9,38.89,5.0,0.365,2817.069515055299,1
162.9,13.2,76.03,0.575,4149.433122878674,0
1253.2,19.15,71.7,0.762,2620.671547155622,0
521.4,12.61,40.33,0.692,2683.584416413841,0
364.0,8.08,47.93,0.835,3018.8296775854847,0
1649.4,12.23,46.57,0.304,4328.495444414286,0
3636.2,8.02,29.79,0.501,3314.0090805918653,1
277.6,19.52,72.0,0.577,2744.233648838994,1
2471.3,13.15,54.37,0.365,4085.781315567351,1
131.4,34.01,75.36,0.95,2118.492642928988,0
1637.6,19.6,41.65,0.296,2310.4662739752093,1
735.1,11.82,61.03,0.736,2480.9332769765315,1
1084.0,14.96,100.0,0.172,2798.992028038848,1
2194.5,46.09,54.54,0.626,2404.806336507471,1
4321.4,27.4,62.48,0.668,4125.732296649701,1
348.1,13.83,52.19,0.69,2806.9924277719247,0
3857.1,23.91,48.36,0.441,2199.206384937844,0
611.2,36.56,54.44,0.64,4020.958422472997,1
933.2,37.47,24.26,0.344,2484.803513813688,1
827.7,6.03,53.66,0.615,4443.620021535868,1
1065.7,30.95,86.81,0.778,2458.530858589639,0
1777.3,14.94,52.19,0.492,2386.8249727235047,0
2882.7,21.06,53.16,0.528,4315.13426895639,0
619.8,26.58,56.75,0.512,3603.422523343026,0
2367.9,16.52,25.57,0.682,2434.41125125446,1
114.1,19.71,29.15,0.261,2191.697318618545,0
1843.0,17.79,45.88,0.832,4422.721179794615,1
956.6,13.26,69.73,0.813,2259.0343638866225,1
725.4,17.69,71.93,0.488,3441.3512277738632,0
2306.0,9.98,42.27,0.615,2622.7887648360816,0
620.4,27.65,49.47,0.579,2684.950757857667,1
753.5,10.85,94.12,0.633,3065.1041297470188,0
2195.6,13.94,42.12,0.495,4172.905505365148,0
640.3,45.77,47.28,0.526,3511.329074805445,1
1078.2,52.5,46.39,0.461,2367.862230798214,1
1865.2,19.27,58.21,0.329,2463.212081386273,0
1411.7,29.99,34.91,0.651,2684.950757857667,1
552.1,16.2,70.37,0.503,2210.252575629388,1
1274.4,13.39,88.72,0.262,2761.7513030890204,1
302.2,11.46,65.27,0.589,2345.1918041318304,0
1579.5,40.93,56.37,0.265,1862.6121531368728,0
455.0,12.92,35.62,0.57,4329.510849258314,0
2185.8,29.45,70.73,0.528,2268.130664897767,0
985.6,38.5,58.46,0.551,2263.545863125824,0
1492.9,29.91,25.59,0.744,2778.9501275166017,0
1827.4,19.43,14.73,0.515,1938.3880801168443,0
4710.7,9.51,14.21,0.402,2464.7485471456434,0
262.5,47.01,36.15,0.883,2808.0168393841022,1
2111.2,22.88,80.07,0.76,1664.7424140306114,1
736.7,32.33,49.98,0.44,3025.8463092727056,1
1790.2,13.61,87.46,0.635,2684.950757857667,0
1731.6,19.21,74.32,0.716,3041.9036355504672,0
735.9,17.16,69.0,0.775,2257.7086140394904,1
2191.4,16.54,62.52,0.445,2721.2800054444315,1
4429.6,9.88,16.47,0.927,2319.855442798776,0
432.5,11.14,51.08,0.569,2669.536625682587,0
4393.0,11.26,79.53,0.844,2422.951211220899,0
182.0,6.52,34.05,0.576,2793.5579133524257,0
843.6,6.6,78.91,0.723,2954.634491284921,0
651.7,30.73,58.1,0.845,3162.615588998421,0
642.5,24.41,70.66,0.727,2549.1809516025924,1
2075.1,22.96,60.83,0.465,2812.577700418665,1
3033.4,20.96,73.68,0.35,2390.772701429543,1
830.1,9.61,75.04,0.391,2350.2431636352694,0
3265.5,36.72,54.2,0.792,4145.418480406303,0
190.0,19.85,55.34,0.429,4215.293979201292,1
722.1,23.58,40.61,0.336,3931.0811684255696,0
1450.4,17.45,63.27,0.383,2684.950757857667,1
1259.1,42.01,62.57,0.444,2609.791701188109,1
262.4,17.32,54.97,0.589,2684.950757857667,1
2012.6,7.31,38.15,0.51,2573.402550698106,0
203.7,13.06,31.19,0.547,3789.081538216805,1
1502.4,15.05,44.54,0.5,3373.274850101357,0
545.9,21.21,28.43,0.514,2268.797056622376,0
700.6,25.47,70.06,0.799,2260.5033111455405,0
532.8,26.76,44.12,0.513,2712.30963871456,0
387.5,15.48,63.41,0.743,5258.439325101084,1
628.1,16.16,81.51,0.39,4149.020788916599,0
1798.3,16.37,77.8,0.391,2356.1195077903794,1
92.3,3.91,36.18,0.649,2708.621655523704,1
4412.6,12.61,55.5,0.375,3643.380965837776,0
320.5,21.18,46.49,0.472,2760.051048980492,0
2383.9,24.58,11.12,0.72,2150.3541551844205,0
1683.6,6.2,92.88,0.355,3915.648457537395,0
1064.4,5.54,40.24,0.79,2620.761650362905,0
2115.5,23.5,47.73,0.861,2684.950757857667,1
1312.0,25.33,78.68,0.74,2771.505091566704,0
550.5,15.76,52.98,0.577,2379.2426779283765,0
3917.9,21.54,52.2,0.582,2226.59772002256,1
601.5,2.66,43.58,0.338,2870.343107719417,1
1871.6,30.7,81.18,0.271,2644.269670426019,1
1224.5,16.96,61.74,0.825,2684.950757857667,1
876.4,21.83,65.62,0.603,2370.20212861666,1
1331.1,11.46,42.49,0.36,2843.075182245786,1
586.2,44.93,80.38,0.686,2964.8797741624207,1
337.0,13.93,73.44,0.683,2804.629663053502,1
2932.4,26.46,63.1,0.733,4129.858117228599,0
634.5,20.74,73.18,0.336,1931.4131267236112,0
913.4,18.72,49.3,0.756,3608.3386829462106,0
1796.3,12.77,29.67,0.804,2189.267894993968,0
624.3,7.43,68.65,0.522,2495.107401737824,1
1658.8,7.22,79.51,0.528,2613.00399878449,0
871.2,60.0,20.33,0.65,3486.62595250267,1
528.8,25.43,71.14,0.524,2440.03320032738,0
1525.2,13.09,62.62,0.583,2535.886723487714,0
154.1,8.77,82.66,0.536,3458.1244234164133,0
1158.3,34.09,44.13,0.424,2611.100517649209,1
744.0,29.21,61.26,0.535,2387.0867838216905,1
1694.4,14.49,83.52,0.602,2553.003139636244,0
1731.9,15.99,10.88,0.722,4069.129042497949,1
3184.3,16.82,43.71,0.539,2545.079700430267,1
93.2,28.86,48.03,0.499,1926.920954071173,1
3038.0,21.2,46.63,0.558,4886.01969122114,1
638.1,15.71,81.36,0.844,2144.6824105654605,0
1502.9,14.59,42.73,0.95,2487.027212668568,0
883.9,13.2,73.19,0.742,2672.411211497128,0
926.3,10.32,46.32,0.95,2304.005880441701,1
607.4,33.59,48.39,0.454,2413.69380404646,0
1110.6,36.79,55.66,0.495,2561.480221784744,1
171.5,8.14,50.97,0.786,3138.2507572591408,1
2268.9,19.91,46.36,0.614,1778.6132903207854,0
698.9,15.55,43.89,0.62,2681.1593105033294,1
1928.8,11.91,11.61,0.731,4224.933931566368,1
1419.4,30.51,54.92,0.758,2309.1397152630384,1
853.4,18.44,41.11,0.373,2223.2022232025806,1
1902.6,23.57,53.0,0.72,2363.817685906052,1
3249.1,31.25,65.78,0.655,2292.2360041936668,0
568.2,24.91,73.69,0.844,3547.765900330277,1
1854.9,25.91,24.52,0.611,2993.3088282696185,0
483.5,39.39,27.14,0.48,4895.218721104792,1
2177.1,20.55,60.8,0.459,2394.7400320798265,0
461.7,25.95,54.25,0.554,6358.969285398575,1
836.4,29.56,67.06,0.564,2684.950757857667,1
2019.9,34.16,55.29,0.494,3184.809639262264,0
3562.3,29.83,47.44,0.942,4003.906136514421,1
154.5,6.42,59.95,0.358,2105.9113361496684,1
4432.1,14.67,46.71,0.469,2705.4646461495904,0
378.1,12.02,44.38,0.416,2170.02668891945,0
771.0,18.52,70.93,0.483,2207.744531244244,1
1578.3,38.01,52.84,0.543,3433.689492740047,1
647.7,23.05,40.72,0.344,2672.3273158685583,0
773.4,7.02,64.45,0.637,2221.307013116985,1
1511.0,19.39,87.37,0.822,2812.873824249883,0
261.5,14.54,57.1,0.438,2838.291434033894,0
1720.0,17.41,43.28,0.545,2857.7346966013665,1
86.0,15.91,40.94,0.609,2606.223469338461,0
910.1,27.57,95.46,0.609,2797.666755796541,0
324.8,10.39,32.48,0.539,3458.974764579163,1
1764.4,16.93,43.06,0.427,2221.1519400121983,1
2260.0,39.05,56.97,0.942,3060.5803259869044,1
915.5,9.62,23.95,0.525,3010.8157504182013,1
563.2,23.33,41.58,0.303,2614.546622632084,0
2720.7,18.19,62.07,0.591,5264.182781579406,0
759.1,11.38,50.32,0.746,3425.751642482005,0
1892.6,23.5,32.74,0.52,3067.542027546241,0
1316.6,18.7,69.92,0.722,2364.731846986719,0
1046.7,60.0,37.11,0.544,3018.770147982505,0
1063.0,23.75,69.93,0.894,2460.229543166328,0
3982.2,11.92,76.95,0.839,2714.8906656280174,0
604.4,13.33,27.62,0.561,2488.8356323472603,0
3319.8,17.15,66.65,0.392,2545.21640739684,0
602.2,19.34,67.37,0.814,2339.707884412558,0
1495.6,22.61,49.1,0.786,2561.2363250245307,1
1626.0,8.69,66.63,0.564,4538.801867519344,0
426.3,11.23,68.03,0.686,2606.053454497633,0
828.7,49.53,73.72,0.209,2599.467777889258,0
1394.2,36.71,44.35,0.459,2701.722418714466,1
485.3,45.62,55.64,0.695,6115.558016071806,1
4303.9,35.95,39.1,0.703,2050.3255865895503,1
243.0,22.33,38.11,0.605,2858.414730087938,0
1343.5,18.46,72.56,0.791,3326.528115326537,1
415.2,25.12,44.72,0.705,2554.9276741689864,1
939.6,6.02,66.78,0.068,2235.331419813138,0
1133.6,23.61,54.77,0.654,2291.566863931212,0
4152.9,24.47,13.06,0.264,2428.598276056872,1
225.9,2.4,60.78,0.804,3018.960499984436,0
3637.8,51.89,21.97,0.552,2205.286914222292,1
510.5,6.96,19.07,0.86,2511.91035504022,0
1492.4,22.02,58.33,0.865,3355.3784949557216,1
946.3,14.49,51.53,0.465,2292.8489012768805,0
1425.1,14.51,59.36,0.421,2474.9178244247933,0
1264.7,10.2,56.17,0.57,2506.953093639169,1
4588.4,55.26,36.92,0.551,2393.315205520677,0
404.2,17.91,24.12,0.636,3184.563725509069,1
4302.1,24.45,34.5,0.353,2526.0687745797427,1
131.5,21.21,95.79,0.291,2211.885801636306,1
1861.3,39.37,56.78,0.678,2269.256577764549,1
733.1,45.98,44.42,0.421,1663.2648493084437,1
458.4,10.35,54.87,0.687,2684.950757857667,0
1631.3,17.12,36.25,0.927,2666.4401172133826,1
4608.7,17.51,59.0,0.711,2528.1775704626552,1
329.6,45.34,53.24,0.649,3517.00680917566,1
2751.1,17.39,57.27,0.457,2732.155478605673,1
729.9,3.24,59.57,0.791,2170.072463097455,0
1595.1,23.1,84.12,0.455,3109.3453088835104,0
1829.0,9.15,72.53,0.452,2758.0604909780386,0
361.7,15.28,67.4,0.391,2654.845953741796,1
1925.9,14.13,75.05,0.673,2918.4702379018327,0
3589.7,25.08,62.11,0.735,2262.071662420271,1
876.4,7.94,60.59,0.612,4431.570439468502,1
3080.3,14.77,73.43,0.764,5496.844568219947,0
577.2,15.95,27.05,0.633,2487.925875244804,1
1000.4,21.06,52.97,0.477,4239.784440139805,0
1533.6,14.37,50.49,0.52,3598.455464778342,0
1191.8,12.2,30.92,0.755,2216.46347570551,0
1111.1,22.34,67.66,0.288,2883.2476651141524,1
2819.9,14.31,74.22,0.526,2559.18017265407,1
312.5,22.17,78.16,0.733,2237.220677317493,1
4243.1,34.71,24.85,0.782,3067.430730777701,1
176.5,21.64,35.1,0.563,2818.951183328784,0
1230.3,54.48,35.79,0.667,2838.6914626183266,1
381.0,38.07,61.12,0.52,5258.288388399573,0
591.9,16.99,28.66,0.785,3092.661234397812,0
517.7,24.98,66.18,0.385,2208.6953048291703,0
1513.7,20.48,90.29,0.478,2405.691521995629,1
500.0,30.88,39.16,0.752,2325.4428445487515,1
3427.8,39.1,41.95,0.722,2684.950757857667,0
199.8,16.97,45.76,0.532,4309.8243544510215,0
2347.1,5.38,74.11,0.95,3664.998880245783,0
1590.5,23.07,38.55,0.95,2635.7583657449995,0
1590.0,5.82,73.37,0.889,2320.709695790616,1
1257.4,8.58,63.33,0.34,4171.240833468226,0
3302.4,13.73,57.23,0.759,4934.961201055149,0
130.7,12.98,42.23,0.674,2417.3630226890946,0
3442.7,13.52,57.81,0.353,2727.359547602677,1
587.5,14.78,31.37,0.284,2375.0874482683907,1
2456.6,23.12,67.78,0.804,4815.611800304754,1
681.0,25.13,39.91,0.709,2855.0421422931904,0
699.4,20.79,67.5,0.469,2250.3067635455272,1
1540.1,7.15,60.35,0.482,3648.925858109991,0
918.0,11.09,81.83,0.461,2161.599557906499,0
892.8,40.82,27.9,0.574,3100.6878834033346,1
3744.1,12.23,39.0,0.291,2530.6385113867022,0
762.0,18.3,69.5,0.694,2553.7023283269377,1
2478.5,17.76,45.5,0.619,4097.778499218496,1
241.8,37.91,49.39,0.702,3348.5393296427505,1
600.5,44.78,72.11,0.845,2997.676358914596,1
626.8,28.68,57.18,0.692,1916.82732524261,1
737.9,23.69,65.03,0.766,4359.434964836925,0
356.1,28.21,59.63,0.314,2537.0082839204456,1
3489.6,24.46,42.85,0.463,4772.979636389367,1
458.0,10.05,72.02,0.782,2703.062805367817,1
1901.2,11.92,53.57,0.31,2457.352272597868,1
1731.4,10.25,37.82,0.414,4530.304132801522,0
309.5,30.91,18.37,0.479,4858.1050090386925,0
2007.8,29.59,64.42,0.712,2510.5544851328777,0
3563.8,28.67,73.64,0.467,2475.5940776721823,0
329.3,53.88,36.07,0.548,2421.001668268471,1
3672.1,33.29,39.72,0.358,3076.7424419694853,1
150.8,54.53,38.2,0.713,1971.2361189910007,1
815.9,9.77,53.86,0.305,3799.565077539866,0
1144.9,22.94,64.09,0.783,2645.848878966116,0
316.5,5.96,43.84,0.233,2253.896858792535,1
302.2,44.26,94.71,0.773,2684.950757857667,0
1122.4,1.38,48.96,0.349,2339.2695059431644,0
131.8,3.3,83.04,0.653,2644.367354340825,0
1883.9,29.61,62.09,0.39,2546.0199680521955,1
197.8,6.53,66.07,0.564,2395.1706172282,1
1577.9,27.51,81.06,0.394,2470.0885502994665,0
707.9,33.15,59.78,0.664,2619.57377798241,0
644.9,14.11,32.47,0.535,2684.950757857667,0
1933.7,44.77,19.5,0.697,2028.9511615961103,1
1759.5,21.43,82.55,0.713,3053.426280453348,0
358.3,4.82,95.46,0.551,2342.162894636328,0
1634.4,20.28,59.3,0.487,2258.749643037852,1
210.5,29.1,83.53,0.563,3033.6992805109376,0
1701.6,25.91,51.4,0.823,3490.345337177084,1
1847.0,46.23,27.7,0.293,3004.291701658265,1
1471.3,13.19,28.32,0.767,4213.774307894462,0
2061.4,60.0,60.12,0.611,2061.9178784505425,1
1664.6,43.0,45.48,0.902,2359.316142733617,1
340.9,22.67,74.92,0.517,2726.73793465519,1
1843.7,14.99,67.05,0.593,2684.950757857667,0
669.5,31.74,46.67,0.823,2663.7935452597394,0
1266.3,7.15,100.0,0.283,2356.3591273109164,1
229.1,18.75,18.9,0.681,3310.317647118589,1
1190.0,27.47,83.73,0.701,2271.716930162597,0
2021.2,31.42,33.76,0.619,3110.8280941554663,1
2435.9,16.99,58.7,0.503,2334.2054099914303,1
548.2,20.97,70.6,0.618,2810.5240719029985,0
1584.4,60.0,58.98,0.624,3702.840410389062,1
585.4,7.64,95.93,0.817,2754.2102109911166,1
823.8,15.88,5.34,0.429,3326.968566951674,0
1589.7,38.65,60.74,0.9,2395.9979960594246,0
369.0,8.67,28.11,0.488,2343.661729911777,0
1313.2,19.34,66.29,0.532,2346.153208235951,0
2039.7,22.34,40.05,0.719,4195.73442294633,0
125.9,15.98,69.57,0.237,2258.767708722931,0
3321.7,17.58,61.89,0.432,2564.6195109945065,0
778.0,24.75,53.1,0.664,2682.3994839412085,1
2430.4,21.65,51.74,0.457,2968.9724232560084,0
1340.8,18.26,63.94,0.434,3405.3205488207723,0
1008.2,28.79,29.15,0.629,2570.05100431594,1
564.9,25.14,67.98,0.528,2196.087008806229,0
2206.0,9.33,54.6,0.606,2656.439584571708,1
544.4,18.02,83.35,0.688,2641.0759532331467,0
2811.0,38.92,68.44,0.529,2647.947567752967,1
448.6,12.67,50.48,0.197,2601.5636912065274,1
2357.5,29.92,55.61,0.513,2359.475059462856,0
1439.7,14.82,59.34,0.354,4773.408206875496,0
317.0,10.16,24.17,0.406,2458.8259155016435,0
1118.7,37.96,53.57,0.558,2800.466844706031,1
3395.8,13.88,55.27,0.658,4234.255128579933,1
118.8,22.24,46.22,0.516,4464.821743007129,1
4146.7,16.27,51.39,0.392,4334.98034460682,0
592.9,7.9,21.28,0.556,4476.700019327747,1
2164.0,12.42,58.59,0.646,2725.282973177525,0
1530.0,25.74,44.45,0.717,2418.680989350022,1
302.5,32.21,52.06,0.938,2254.568253587848,1
1737.2,51.17,55.93,0.931,2514.3429520950413,1
832.2,21.79,48.23,0.851,2283.092224801251,0
725.2,9.97,62.91,0.644,3592.745983462379,0
1786.2,32.82,77.38,0.662,2594.63308495138,0
565.7,16.95,66.44,0.469,2042.001016551716,1
2145.5,10.22,43.19,0.571,1656.9746223618993,1
202.6,22.63,53.05,0.513,2751.3044507989666,0
968.0,27.9,82.42,0.666,1756.8680035634106,1
1428.2,21.49,76.45,0.608,2410.567764232312,1
4327.0,8.92,88.57,0.452,2487.71130656465,0
405.3,16.24,56.12,0.412,2161.834313412925,0
2591.2,17.5,50.18,0.46,2534.68115414122,1
793.7,45.68,55.62,0.567,4552.775746524188,0
1348.2,18.77,41.95,0.837,2546.773495657022,0
1526.4,25.7,71.22,0.519,2538.4860814234744,0
776.3,44.51,52.97,0.523,2540.5040667857006,0
2139.9,13.71,55.31,0.45,2404.580063103689,1
1594.5,19.12,87.92,0.493,3032.1521775312094,0
703.0,20.08,68.94,0.353,2610.997971989913,1
3856.6,24.1,84.11,0.527,3178.8729258157464,1
419.2,60.0,49.37,0.735,2375.648907072103,1
2350.8,29.95,57.75,0.485,2426.1916291426696,0
1726.5,17.51,88.61,0.547,3145.540610444684,0
355.9,31.47,82.38,0.334,3450.9545047542374,0
2058.9,4.39,29.92,0.609,1946.9053615548407,1
3325.9,17.27,59.01,0.622,1660.8696290340947,0
720.1,30.96,59.68,0.403,2376.185353867768,1
2069.9,43.8,33.14,0.95,2332.963020294576,1
278.1,19.29,89.62,0.291,2670.1404055021985,0
1428.2,9.74,68.64,0.329,2370.560981997868,1
1639.0,9.44,25.74,0.751,2694.617802026286,0
1536.1,32.26,42.6,0.76,2617.8475311048896,0
1611.6,25.61,59.47,0.296,2628.587400823442,0
633.1,50.42,25.7,0.843,2441.0027148498257,1
560.1,3.99,78.55,0.665,2514.005253983312,0
3609.0,23.35,34.07,0.553,2741.5283878614214,0
550.0,5.97,23.82,0.718,2492.235223248329,1
987.6,31.8,54.06,0.46,2184.9857558064227,1
1015.0,19.74,37.73,0.768,3518.0407644121588,1
416.4,13.52,34.45,0.84,2393.4249458972618,1
972.8,9.27,43.73,0.603,2359.3027543858243,0
4428.2,16.05,37.81,0.455,2581.618176276859,0
324.1,57.8,44.7,0.805,3104.9309972638875,0
4471.3,14.37,30.88,0.596,2633.690492800504,0
482.6,16.01,40.66,0.317,2845.5784802163653,0
2451.3,24.72,42.81,0.444,2684.950757857667,1
1293.0,13.53,52.72,0.776,2812.9029464444966,0
384.0,20.86,79.77,0.818,2684.950757857667,1
1119.9,13.64,67.94,0.684,4239.533269700958,0
2469.7,19.19,68.07,0.477,2455.011943684007,1
701.4,7.22,13.43,0.364,2691.564322554104,0
2281.0,26.6,84.91,0.459,3218.5379493753385,0
278.9,27.53,79.8,0.123,3698.4926619698176,1
827.4,10.18,71.29,0.891,2380.596946136877,0
385.0,17.01,66.19,0.763,2504.646664342895,0
1627.1,15.34,64.24,0.646,2533.725390377964,1
1336.3,16.32,38.74,0.763,3047.3862434712505,1
1276.7,34.74,58.23,0.468,2962.7575020118,1
644.5,10.28,80.97,0.533,3884.4710727933343,0
3963.8,16.62,60.42,0.444,2716.94669426474,0
620.4,17.74,33.81,0.257,4917.714237065395,1
2246.3,10.39,57.04,0.52,4566.993087426876,1
1350.1,14.02,9.54,0.586,2501.038326489665,0
1260.0,16.62,66.29,0.412,2525.0264460902144,1
1182.7,11.98,37.06,0.425,3721.396766493903,0
1645.7,16.96,41.14,0.465,4400.041664033524,0
368.5,9.08,68.54,0.581,2546.096485492734,1
4082.1,23.8,65.66,0.798,2906.034078573176,0
525.2,12.47,42.07,0.536,3338.3846193475665,1
1784.7,30.04,41.41,0.359,2763.298496575791,0
634.0,39.69,72.29,0.402,2388.28618623989,1
1495.8,9.93,63.2,0.554,2906.629322856703,0
1219.1,26.05,59.31,0.625,3471.552868439923,0
3040.0,25.89,57.62,0.379,2335.2088866330914,0
703.1,25.06,52.31,0.663,2745.891130100614,0
3109.8,23.23,100.0,0.728,2635.640844101365,1
463.5,27.65,51.88,0.39,4160.108282246408,1
1215.8,12.67,66.75,0.445,3067.913122294976,0
548.7,32.92,81.61,0.436,2350.7711496180027,0
1373.4,24.74,53.3,0.95,5273.277581576575,0
1632.8,12.43,46.86,0.658,1637.294840912267,1
1461.5,16.43,46.45,0.627,2537.989389877671,1
843.0,13.17,54.62,0.616,2759.2897086397475,0
2023.8,18.03,41.24,0.832,2697.943278109008,1
217.4,20.82,15.93,0.602,4091.362203364906,0
943.9,25.71,30.83,0.751,2679.9033946933846,1
1152.6,44.73,68.75,0.372,3825.270862007552,1
567.7,17.39,48.54,0.531,2217.207991468708,0
1601.3,14.72,77.78,0.539,2415.5263413164244,0
970.6,23.74,42.89,0.223,3501.768574539912,0
285.5,23.9,45.3,0.45,2225.2921550033684,0
3863.1,13.03,76.77,0.588,2146.980924075626,0
135.0,33.63,36.93,0.732,3217.9345392434666,1
1858.2,33.72,81.48,0.932,2684.950757857667,0
1034.0,31.73,55.36,0.497,2479.214225246476,1
1381.8,34.38,62.29,0.456,2391.208107921619,1
2120.2,31.99,37.16,0.797,5478.256069815791,0
1510.3,60.0,27.9,0.558,2525.8431811603946,1
106.2,4.66,62.96,0.526,4158.295268375551,0
3775.7,53.9,72.62,0.691,2783.8888082301987,1
370.8,12.6,77.59,0.833,2313.5812923478384,0
1902.7,16.5,85.01,0.407,2682.652179655029,1
1489.2,6.22,56.72,0.779,2684.950757857667,0
425.0,60.0,38.66,0.562,2557.655277584807,1
2045.1,36.06,90.97,0.41,2711.8246592354267,1
2613.4,17.7,59.47,0.602,2684.950757857667,1
698.5,7.61,60.59,0.465,2692.222351906212,0
3546.7,2.88,42.32,0.95,2262.795762634129,0
366.2,11.02,88.31,0.586,3645.966141949005,0
2322.1,26.75,65.44,0.28,2484.870764105042,1
257.5,28.3,50.94,0.419,3533.781008483797,0
1619.4,60.0,54.5,0.715,2623.102141404551,1
1827.8,51.0,100.0,0.493,2684.950757857667,1
2785.2,12.58,100.0,0.56,2921.483306605005,0
126.5,22.47,59.29,0.578,3346.614560822092,0
3480.3,25.03,34.04,0.765,2824.0102096523383,1
789.6,2.16,48.16,0.781,3069.9534965894823,0
809.6,26.99,60.45,0.209,4029.246106913261,0
219.0,21.08,40.66,0.63,2208.321466035424,0
555.5,12.93,46.61,0.648,2457.096197473272,0
1290.9,26.21,43.2,0.309,2106.1408456901017,1
913.9,32.27,64.73,0.71,2549.888462960741,1
736.1,7.79,68.39,0.499,2864.9836522472265,1
4442.8,19.45,91.55,0.739,2521.098916771966,1
202.6,10.74,75.27,0.605,2222.867253455529,0
2042.6,51.81,73.46,0.472,2448.1938996712684,0
303.9,38.45,22.48,0.505,2654.0879940250074,1
902.8,10.09,46.89,0.453,5296.248452406913,0
2389.9,35.29,44.36,0.635,2618.4225757034574,1
2397.3,33.04,40.27,0.387,2716.249272131111,1
301.4,16.54,69.71,0.657,2723.144987615324,1
1816.9,14.78,40.56,0.492,2340.76303939318,1
142.4,15.97,48.8,0.597,1862.726049179649,1
1556.1,18.2,41.58,0.498,5531.446525496359,1
1771.1,45.32,42.78,0.521,2679.496997374614,1
1541.1,24.05,49.1,0.709,3656.800566053095,0
513.3,14.62,100.0,0.727,6141.82462044614,1
4156.9,10.3,68.62,0.441,2867.1299982397936,0
897.7,5.22,71.41,0.887,2608.1131408307187,0
2350.6,10.49,58.54,0.288,2808.235312733432,1
408.2,3.3,91.72,0.522,2328.555085081986,1
713.9,36.18,46.29,0.362,4125.174473900202,1
882.6,18.47,97.26,0.754,1788.5536345218932,0
755.3,19.27,88.89,0.267,2790.722601320999,0
2042.0,8.53,92.42,0.389,2391.93320514586,0
1488.8,11.85,61.41,0.347,3284.4694452552617,0
894.0,10.28,51.38,0.426,2210.266707682401,1
1893.0,36.29,31.31,0.522,3656.284768696111,0
227.4,19.01,19.82,0.762,2348.2413517583464,1
1462.8,48.41,86.98,0.612,2391.269800800096,1
1766.9,8.31,68.91,0.722,2581.5584521044416,0
1132.5,23.85,100.0,0.742,2624.871594154626,1
2298.6,31.04,48.74,0.611,1768.6790664848231,1
3806.0,60.0,51.0,0.83,2143.5972449296123,0
651.7,9.91,53.66,0.693,4403.161442620052,0
4217.6,10.68,14.31,0.365,2294.5531370495164,1
117.8,7.93,48.42,0.771,4889.921761933115,1
1897.8,8.15,40.46,0.448,2508.5023815148043,1
587.2,28.89,47.89,0.552,2684.950757857667,1
711.8,17.5,67.67,0.421,2698.1346211378345,0
782.0,11.59,28.56,0.568,3351.696218115391,0
4293.4,17.83,37.12,0.583,2857.230994763074,1
715.9,6.31,73.4,0.632,3184.216452537841,1
2166.3,8.21,18.41,0.72,3316.122721431849,0
717.8,16.71,78.97,0.95,2679.5269941242536,0
1639.9,30.25,45.87,0.686,2396.3641686925903,0
669.8,44.91,58.83,0.664,2684.950757857667,0
479.2,19.57,42.32,0.631,2398.6257168074744,1
748.8,17.73,46.4,0.781,2146.258230429894,1
2370.7,17.35,57.53,0.655,3358.837374757291,1
700.7,19.12,82.07,0.705,3223.400921157625,0
1520.3,7.28,52.0,0.25,2028.3077652103093,1
50.6,28.96,40.6,0.95,2816.6744335588983,0
1196.8,18.08,57.15,0.401,2855.293032757466,1
544.8,43.8,52.08,0.3,2731.684167835178,1
1579.8,15.82,57.21,0.718,2400.4864971257152,0
1544.3,16.28,61.45,0.627,1727.8576416263847,0
1500.6,25.29,25.89,0.343,2467.6236832091263,1
540.1,8.37,58.13,0.506,5706.390205234009,0
2771.7,16.52,44.89,0.789,2728.004171071508,1
65.1,18.54,32.75,0.423,2593.23708220996,1
1341.4,22.19,21.46,0.419,2371.4858818486337,0
1436.9,29.99,32.01,0.885,2509.831072946299,0
1204.2,33.14,57.75,0.708,2526.274207758262,1
2274.4,17.54,38.1,0.843,2504.437065726683,0
3583.6,29.03,62.17,0.499,2971.239569795434,0
371.5,19.7,99.98,0.395,5298.215734430697,0
3660.8,11.41,22.68,0.491,1671.6015706334276,0
723.9,26.69,56.08,0.92,3717.926552937547,0
1922.7,36.05,76.19,0.934,2118.4260333228644,0
573.6,5.93,76.92,0.343,2589.4331910571727,0
1368.9,17.99,51.22,0.629,3378.3607349587355,0
1814.3,27.49,42.15,0.485,2684.950757857667,0
4419.0,27.17,66.11,0.676,2540.578417236537,1
469.0,25.81,48.19,0.846,2723.3820874310777,0
3349.6,40.1,68.05,0.406,2530.5186524642286,1
520.1,4.71,59.44,0.852,2708.624847954496,0
2488.6,22.67,59.81,0.62,2657.6989290836614,1
273.2,35.09,57.83,0.298,3276.88130427595,1
565.6,20.72,48.57,0.878,3623.6642266125673,1
523.0,22.55,37.31,0.552,4188.518968966274,1
4169.8,33.89,71.81,0.492,2095.3963502181577,0
642.1,12.19,38.95,0.677,4291.15454706834,0
4215.7,25.61,44.15,0.528,3457.601217291025,1
358.9,22.14,28.84,0.484,2570.7983660518235,1
2000.0,20.1,25.96,0.772,2420.144508640232,1
1126.7,10.86,57.06,0.621,2722.1138115122576,0
1711.1,30.38,75.66,0.309,3311.5236004700446,1
1614.1,8.89,79.63,0.95,1760.5181709024548,1
2034.1,15.31,61.6,0.694,2797.408453250127,1
888.5,3.22,60.29,0.592,2745.1003741880013,1
3000.6,53.68,83.63,0.55,1778.0726864693313,1
430.8,13.75,81.54,0.904,2690.817100304702,1
950.7,12.57,34.66,0.645,4122.65478718786,1
1480.5,20.32,24.68,0.684,1704.858507896141,0
1142.9,28.34,65.07,0.679,4428.812452302755,1
364.6,27.52,46.58,0.493,4111.415703737263,1
3444.5,58.42,36.8,0.65,2923.2578436401764,1
141.5,35.33,72.54,0.718,4068.2956349670017,1
2750.9,25.47,69.03,0.561,2317.836547960123,1
741.3,12.59,12.63,0.509,6319.712450447166,0
1828.4,19.92,62.88,0.408,2417.4817578701013,0
1287.4,16.91,69.24,0.822,2036.621666764505,1
747.4,18.8,46.14,0.463,4285.954690738491,1
1003.3,53.17,59.77,0.495,3364.179066643321,0
1450.4,19.22,41.01,0.803,3073.635716294717,1
266.1,8.38,43.64,0.766,3579.8370230628457,0
3151.3,7.9,61.97,0.357,2310.6782166214857,0
226.1,14.8,55.38,0.579,2526.6673487716907,0
2007.9,22.58,21.34,0.624,2113.5515110109072,0
307.9,17.37,50.96,0.569,2928.216617753124,0
1361.2,16.28,83.9,0.713,3062.860141390619,0
1009.7,47.47,82.52,0.605,2647.4990463289923,1
3209.7,23.59,37.78,0.566,4062.211583250829,1
36.7,13.43,47.98,0.626,2653.4180316364327,1
3737.7,17.76,84.75,0.504,3149.578185123371,1
790.5,0.92,45.78,0.845,2334.336694252665,0
808.3,23.5,44.33,0.473,2384.103777755886,1
986.5,24.7,55.81,0.468,2394.217509110187,1
1141.9,20.31,36.5,0.787,4116.482965310744,0
886.6,45.98,50.93,0.476,2276.3405201761,1
2432.5,7.05,69.05,0.52,2515.596986747561,0
447.1,25.1,22.57,0.41,3373.5975965508665,0
1650.8,14.39,19.39,0.746,2745.541629768857,0
395.7,15.38,6.69,0.442,5193.685709845823,1
804.1,50.56,45.56,0.488,4344.895426638054,0
651.1,22.68,35.2,0.295,2935.3691402918016,1
555.1,23.67,86.05,0.585,2391.1813175313805,1
589.1,16.56,9.46,0.643,2849.173531634749,1
3889.4,37.63,38.74,0.663,2703.761292818756,0
171.3,13.74,58.37,0.642,4020.874930232306,1
1605.8,16.6,26.28,0.437,2511.351692328812,1
200.6,27.66,82.31,0.197,4201.352983091963,1
1779.7,8.92,80.68,0.865,2630.107779302104,1
1503.3,12.27,56.1,0.505,2529.234277933482,1
1332.3,51.36,72.9,0.576,2239.851890205985,1
1805.6,16.12,30.69,0.55,2637.710929762219,0
1814.8,20.31,67.78,0.383,2187.792895182304,1
854.9,16.38,59.97,0.473,2199.723104301077,0
2375.0,31.84,72.19,0.269,3725.160325939418,1
168.5,6.18,70.16,0.446,2790.5740842707573,0
1908.0,16.75,50.26,0.836,2527.3286589199606,1
166.7,15.73,64.7,0.83,2833.017730426361,1
1571.8,33.92,61.84,0.709,2564.9717726240783,0
1159.5,8.49,44.36,0.669,3990.65133188232,1
4476.1,11.85,30.03,0.557,4089.4021084234696,1
246.3,27.32,11.74,0.809,2634.341035837871,1
3798.3,19.83,62.35,0.508,2504.7661859780665,0
783.5,26.98,73.66,0.703,4434.795985630812,1
1136.9,27.69,52.1,0.95,3049.714761855733,0
371.1,21.18,54.4,0.445,2818.763745775005,0
566.0,13.68,39.84,0.61,2809.114244039301,1
1820.6,41.16,51.13,0.733,3552.037632622501,1
2477.0,10.89,45.57,0.854,2157.051181955072,1
305.5,22.07,46.0,0.594,2288.4484930741137,1
2223.5,11.67,62.56,0.716,3065.630548589683,0
675.7,22.46,100.0,0.518,2326.2397688593937,1
2235.2,7.72,51.08,0.783,2421.809376644296,0
617.1,7.41,80.05,0.706,2263.141403562039,0
470.2,51.66,47.59,0.537,2089.8713051493114,1
2495.1,33.19,100.0,0.473,2821.1518389409102,1
2369.9,7.14,43.0,0.706,2765.229693854596,1
631.1,9.72,62.41,0.757,2422.6917535012813,0
2783.9,15.57,39.9,0.454,3408.855163204688,1
387.5,37.74,82.41,0.578,2235.5037940809984,1
2316.3,14.64,35.15,0.512,2807.989792369346,0
1041.2,30.75,59.91,0.66,2592.720707668906,1
554.4,23.69,37.18,0.452,4144.964067189332,1
2034.2,18.43,85.07,0.511,3584.5889764314384,0
2211.6,26.96,40.14,0.636,2650.977077497108,1
571.9,9.99,8.33,0.701,2714.1812446438003,0
3899.6,29.82,57.89,0.809,4687.994606445224,1
689.7,26.92,71.35,0.459,4652.147919537066,1
1574.4,13.14,34.36,0.696,2649.912177968512,0
1370.1,22.74,85.65,0.617,5014.395144803663,1
1503.3,9.58,62.14,0.381,4880.733272563247,0
472.1,46.17,63.61,0.541,2980.4800755746787,0
4873.8,55.02,25.41,0.342,2637.970111479217,1
817.5,37.66,53.65,0.864,2547.594896893909,0
2711.3,51.55,53.56,0.482,2012.7102482202515,1
656.2,22.29,62.63,0.197,2013.816049446732,1
1311.6,57.23,90.39,0.837,2388.73848236122,1
793.3,30.18,28.37,0.552,2526.311977718295,1
1015.1,21.4,62.93,0.782,2173.911950801368,1
1324.3,16.51,23.82,0.35,2157.812951026115,0
2851.3,25.75,60.27,0.584,2810.255911400621,0
481.0,21.73,29.72,0.656,2510.3945124954744,1
3975.4,15.87,40.88,0.415,2249.438704197013,1
136.2,8.05,33.99,0.67,3197.2792492972885,1
1059.8,27.13,35.83,0.654,4196.202994674499,0
1670.8,17.16,36.65,0.95,2802.849325658525,0
1537.0,34.6,60.21,0.742,2819.7647828682184,1
440.8,9.5,51.93,0.516,2469.8333681483714,0
2161.6,9.0,47.91,0.615,4301.412132780873,1
207.0,16.48,33.71,0.751,2483.6281536670053,0
1686.5,30.32,59.54,0.609,2558.4219651489498,1
388.7,6.31,31.78,0.568,3062.0187068945693,0
1483.2,43.93,49.85,0.393,3149.1634934917406,0
1626.6,30.09,69.14,0.873,2781.867374344917,1
1032.5,5.39,49.83,0.527,3225.7380953259176,0
335.9,28.33,68.48,0.395,2389.8051024774945,1
3961.0,23.34,58.45,0.655,2285.122475587556,1
127.9,10.89,86.63,0.583,2394.54112264078,1
3639.5,10.53,28.95,0.512,2448.975883403964,0
212.4,8.45,54.73,0.622,2277.345536015805,1
1420.0,19.5,55.09,0.429,2421.80062918432,0
1139.0,28.91,53.09,0.764,3004.099252422111,0
1688.6,23.86,100.0,0.5,2574.371141266568,1
967.3,29.22,64.25,0.603,3108.150722550125,1
1198.7,10.63,55.05,0.231,3370.542324272792,0
154.5,4.37,67.93,0.708,5272.475375449532,0
1662.7,52.34,21.48,0.564,2225.09128401045,1
210.7,40.12,18.49,0.64,2203.525460840197,0
1578.0,57.53,34.77,0.498,2399.588532094375,1
1749.0,17.42,63.11,0.562,2595.717841407756,1
589.8,11.12,63.02,0.539,3400.3478998856244,0
1399.1,26.99,45.7,0.73,2186.2248891687814,1
4210.0,15.04,37.54,0.704,2405.158204068666,0
838.4,3.66,58.92,0.449,2735.398098577547,0
4123.0,45.59,77.6,0.608,2706.653252091531,1
467.7,17.71,49.34,0.567,2436.4395870870267,0
1688.7,20.18,54.55,0.467,2258.5398782310417,1
1340.3,15.88,30.97,0.665,2365.5544992529813,0
1768.9,15.76,63.88,0.585,1962.8172466421347,0
442.2,24.35,52.9,0.55,3140.5408877006944,0
4955.9,15.62,85.65,0.446,3074.055943682484,0
31.1,8.6,22.36,0.66,4213.126097245207,0
3710.1,54.18,50.11,0.552,2416.353521897672,0
615.3,10.94,45.8,0.353,4873.512876458754,0
1510.3,15.87,54.31,0.575,1997.988400450908,0
1423.5,17.8,53.26,0.763,2761.2893128477203,1
1105.4,19.82,48.58,0.483,2589.096345331564,0
1554.8,17.59,29.7,0.675,2110.784583446701,0
2111.3,8.07,94.59,0.456,2667.566359229457,0
606.3,20.68,66.3,0.277,2094.599330862585,1
2177.0,12.78,59.7,0.554,3742.188175644844,1
217.0,5.69,64.1,0.517,4795.343100013042,1
803.2,6.97,43.19,0.553,3679.497558740153,0
961.8,9.48,86.18,0.842,2668.28514416449,0
982.0,8.79,54.11,0.42,2342.2500264595046,1
1615.8,28.47,83.63,0.688,2682.0307664588795,1
4548.7,49.95,53.97,0.367,2891.40523188112,0
890.1,14.96,32.38,0.292,4842.664001549618,0
3002.2,20.86,95.45,0.189,3018.5150815241022,1
312.6,12.02,45.24,0.735,2771.965106011834,0
1124.7,25.91,75.54,0.512,3038.545421139542,0
1056.4,15.33,68.11,0.786,2600.0564285337064,1
330.7,10.79,22.23,0.504,2760.0682743669818,0
2037.3,13.62,64.63,0.586,2552.573793534162,0
1923.3,29.03,45.49,0.254,2182.134654467569,0
647.3,21.11,70.86,0.709,3914.945913383909,1
3252.2,24.0,35.16,0.573,2770.681554531754,0
413.5,5.09,60.1,0.837,4424.192542948701,0
2159.6,19.93,89.48,0.779,2418.2925387377427,1
290.6,14.73,40.66,0.516,2658.444985218662,0
589.0,15.7,50.06,0.95,4802.972834370731,1
2143.4,37.29,54.94,0.776,4345.98672259953,1
4787.9,24.38,75.96,0.566,3026.33633048906,1
698.2,4.02,38.0,0.6,4918.373848830063,0
3248.1,16.06,60.87,0.498,3500.255095589712,0
400.5,17.31,47.46,0.95,3246.907940769338,1
2206.6,11.65,59.35,0.903,2457.164284810803,1
1322.3,29.36,90.94,0.624,2212.804168235812,1
1540.6,32.65,76.82,0.27,2001.0255825093168,1
807.3,17.88,40.69,0.269,2288.773304487964,1
746.0,25.3,38.76,0.564,2647.301399877714,0
175.1,25.67,66.54,0.516,2680.963756646525,0
3273.6,44.33,61.36,0.824,2343.7125374111592,1
644.6,17.6,53.45,0.409,2254.4301648403894,0
1206.9,25.55,70.48,0.586,3392.3682799440544,0
1819.9,22.64,56.24,0.684,2570.187403460114,0
803.3,31.94,63.15,0.565,3478.9226205937453,0
1054.6,45.24,50.56,0.679,2202.192513441727,0
3143.3,8.96,72.53,0.469,2722.05737295923,0
571.4,17.13,31.56,0.705,2137.796684062309,0
3863.8,8.65,45.34,0.795,2362.118142754107,0
351.1,19.38,53.49,0.462,2945.7236823177523,1
1652.6,12.13,71.41,0.545,3510.4400218497644,1
411.4,48.55,87.66,0.573,3072.7611325198736,0
1217.4,22.04,84.0,0.723,2181.6764392089985,0
1245.0,8.14,22.19,0.682,2381.686824024712,0
4866.3,8.77,69.51,0.352,3673.250688507352,0
827.3,10.99,20.07,0.602,2554.573684000876,0
3267.0,16.63,43.32,0.519,2873.5565394630776,0
197.7,30.19,17.88,0.695,2297.42909100362,0
1990.1,15.43,48.45,0.499,2544.489116555984,0
890.8,22.91,44.54,0.607,2552.599405665716,1
1536.6,22.85,46.02,0.454,4895.597535534272,1
792.4,5.04,55.15,0.878,3072.666095302573,1
4345.9,18.25,55.89,0.628,2958.9770659300784,0
659.8,19.6,86.07,0.713,4827.20958490076,0
3538.0,39.16,50.92,0.657,2417.625573490788,0
626.9,8.47,28.04,0.873,2369.96175229484,0
1113.5,29.09,40.84,0.423,3124.531324990243,0
1111.7,17.64,59.94,0.388,2463.177849365483,1
1296.4,47.57,22.48,0.491,2090.7377392602803,1
499.1,45.49,66.19,0.531,2509.830894842389,1
2260.9,39.26,84.31,0.622,2612.150346281688,0
728.2,11.29,22.24,0.791,2705.937858803473,0
4343.9,17.07,34.37,0.627,4321.61189067688,1
566.4,6.49,29.29,0.757,1856.8471302578805,1
1341.2,7.45,40.66,0.422,2880.738328813068,0
787.8,14.12,81.45,0.535,4111.687218532402,0
513.1,22.88,81.02,0.505,4089.6178575044337,0
1943.4,4.06,22.89,0.559,3477.017011421603,0
4332.7,27.58,65.39,0.654,2415.2739332721662,1
536.8,25.09,57.42,0.289,3513.523444777097,0
3563.0,29.96,62.74,0.6,2784.848855149958,0
69.3,22.97,35.94,0.406,2401.4485570377806,0
936.5,19.88,34.86,0.58,2684.950757857667,1
1287.6,25.18,51.57,0.403,2715.435133467992,1
620.4,19.18,36.86,0.543,2778.497945859516,1
1713.3,12.08,74.66,0.6,2312.778400058894,0
3562.6,13.4,60.33,0.665,2332.9918723427777,1
329.3,25.3,55.41,0.873,2763.650928489395,0
2502.5,12.92,71.75,0.661,2827.928928891537,1
108.7,2.73,64.97,0.718,3418.5940431263666,0
1473.3,22.35,34.36,0.507,2886.0169417634183,1
370.2,44.13,42.51,0.857,2376.06373694826,0
1744.4,20.43,21.18,0.525,2107.628106995889,0
1424.5,35.1,44.92,0.36,2516.906625175376,1
664.2,12.64,80.52,0.721,1642.4602175312698,1
415.3,20.01,64.98,0.72,3370.125040527201,0
2774.5,27.56,52.57,0.909,2814.528482546332,1
761.6,13.33,27.37,0.344,2481.253555833254,0
1004.6,16.77,41.45,0.687,2530.430141153088,0
1871.0,19.35,50.01,0.824,2649.357183058434,1
901.1,5.16,60.28,0.662,3044.0624522448243,0
1573.4,9.78,83.37,0.517,2407.3474672185266,1
1849.6,17.61,76.29,0.404,2612.632270364549,1
875.7,28.2,57.42,0.702,2869.1316824396263,1
2157.4,2.35,48.27,0.302,3202.208552389174,0
733.8,15.1,66.03,0.626,4426.394438667445,1
1711.3,12.75,61.66,0.724,2379.0711856252897,0
353.9,29.85,47.5,0.7,2370.166092695413,1
657.9,27.85,77.98,0.503,2727.6710090292577,0
2303.2,15.52,40.76,0.851,1753.6294384628254,0
1275.8,15.38,65.24,0.402,2684.950757857667,1
596.5,21.37,47.46,0.323,2328.9449137058205,1
3136.4,21.24,54.05,0.594,5286.96230379614,0
193.5,15.06,85.72,0.545,2377.920957345396,1
1216.6,21.0,77.69,0.617,2209.826415741045,1
900.6,46.45,85.62,0.772,2040.531437968182,0
1337.5,15.35,39.14,0.576,2688.975534122015,0
1263.7,26.64,55.96,0.534,4385.321484845271,0
2575.5,7.86,66.39,0.708,4351.317504684877,1
195.4,14.56,64.49,0.096,2544.320457885452,0
1801.1,24.52,68.75,0.837,3477.2835649008653,1
719.8,25.51,62.44,0.421,4448.7556633142985,1
916.3,16.81,53.45,0.515,4308.190295772055,1
430.2,17.07,72.06,0.612,4861.390660863038,0
1041.8,18.34,58.9,0.578,2305.1606658853325,1
1656.4,18.05,25.49,0.466,2628.488671134842,1
509.7,7.79,70.11,0.411,3124.524955963273,1
618.4,21.99,26.4,0.33,2425.490063250908,0
1539.9,29.91,40.44,0.628,2870.447969846889,0
285.8,7.14,59.1,0.795,3786.28299076078,0
1143.5,13.87,22.39,0.276,2480.791634907781,0
1665.6,30.95,71.99,0.428,2543.652760627452,1
1668.8,13.94,48.61,0.654,3179.3916531212994,0
1454.0,15.82,76.07,0.386,3397.584509503888,1
1975.8,6.38,59.21,0.554,2524.4634523416184,0
733.5,10.0,57.32,0.483,1800.7805922954915,1
2359.7,39.88,45.62,0.759,2183.132967969668,0
222.8,14.82,50.52,0.532,2696.0183095037582,0
1336.4,8.51,58.16,0.583,4321.378792990278,1
1558.8,56.57,36.74,0.417,2292.921488689405,1
1202.6,40.35,74.08,0.58,2207.2795385090594,1
1197.0,18.68,34.32,0.312,2365.6183438422613,0
4554.4,2.47,62.65,0.928,2978.900207770645,0
164.1,22.04,50.66,0.551,2419.8584287630665,0
1831.6,23.59,75.94,0.476,2412.6048817708315,1
274.2,52.49,55.48,0.773,4375.601040816523,1
747.5,20.75,62.92,0.934,2636.1262123185606,1
572.1,15.96,61.01,0.729,2684.950757857667,1
927.3,24.39,70.68,0.409,5209.727462920117,1
1402.6,35.48,51.01,0.445,1934.883244009944,1
3981.9,23.88,50.32,0.647,3752.336452157585,0
680.6,12.38,74.39,0.616,2411.137637259761,0
1541.2,13.33,34.99,0.189,2670.9320932370224,0
254.5,24.96,46.55,0.659,2412.485116148481,1
947.4,19.92,46.08,0.537,2833.8505085185443,0
1358.0,17.46,48.64,0.774,2272.2301531843373,1
733.2,16.54,46.17,0.449,4964.49895222992,0
1924.7,20.37,51.61,0.717,2780.2220694240086,1
3732.3,17.05,65.62,0.928,2687.1125321173754,1
109.4,8.31,50.9,0.494,2843.422434984873,1
4063.0,23.4,26.36,0.314,2995.9686362639923,0
509.0,16.47,35.43,0.634,2513.737221938353,1
1174.7,11.23,51.99,0.523,2590.5561232381983,0
1428.2,18.44,64.21,0.59,3023.6910648754083,1
347.5,15.01,30.15,0.633,3336.559672018784,0
1690.9,49.51,47.47,0.76,2826.194450488025,1
1454.0,26.81,59.57,0.487,3908.65020489127,1
153.1,11.27,58.81,0.604,5273.827665391425,1
2321.8,22.6,59.55,0.585,1729.9001532604389,0
771.3,10.72,95.89,0.58,2684.950757857667,1
1534.8,7.72,24.07,0.549,3891.5493374074977,0
627.3,22.07,48.47,0.676,2196.875042228823,1
413.0,18.22,73.48,0.869,2320.115008072334,0
749.8,21.21,11.57,0.728,2040.041171567201,0
4861.6,17.38,67.69,0.843,3850.709447296409,0
351.6,25.13,95.04,0.76,2152.8565405505487,1
3271.1,9.62,54.89,0.72,2001.357497431212,0
725.6,4.02,57.89,0.574,2308.431134330929,1
2448.8,13.15,33.44,0.566,2897.01468017402,1
649.6,6.48,87.01,0.95,2272.575323667246,1
1191.7,20.57,94.11,0.671,2684.950757857667,1
253.4,15.94,54.62,0.639,1874.0195318670835,1
2413.9,24.18,37.28,0.723,3395.119499139227,1
69.0,27.14,41.78,0.368,2361.475354578622,1
3877.0,32.77,90.18,0.302,2760.994737974575,1
84.0,60.0,45.65,0.506,2776.092452666684,1
2244.6,28.96,95.57,0.54,2738.4544443728046,1
1683.3,19.71,54.06,0.493,2790.8958160946813,0
1353.5,28.92,37.18,0.669,5472.280694485614,1
976.1,20.04,60.71,0.787,2200.010889662257,1
1902.1,54.02,49.8,0.429,2298.1500568645865,0
364.9,26.51,74.34,0.713,4579.771142095112,0
3132.5,7.83,77.75,0.532,6111.69096892474,0
663.1,4.21,15.2,0.546,2645.46933134292,0
1643.7,16.92,76.88,0.637,3653.29717687581,1
1161.8,27.54,36.78,0.575,2684.950757857667,0
672.2,12.36,35.15,0.761,2417.914472464337,0
1948.5,40.34,44.11,0.742,2755.805247099033,1
4340.9,24.16,70.88,0.299,4103.6402857038165,0
513.2,26.47,60.8,0.782,2968.569586167657,0
4442.6,34.57,46.66,0.561,2753.388959969718,1
478.3,1.49,10.23,0.677,2322.082002871116,1
2351.7,51.32,87.96,0.507,2526.7922500450745,0
699.0,40.05,62.89,0.462,2905.6316511287573,0
1154.9,14.16,77.81,0.6,2684.7432145936227,0
1037.0,27.31,59.37,0.697,3595.8735563202167,1
1464.3,23.66,43.09,0.591,2564.142577214708,1
808.8,18.76,51.58,0.769,2365.3578286258685,0
2175.3,16.51,57.22,0.539,4051.0026414261233,1
87.3,8.71,42.39,0.518,5494.197623752048,1
905.8,15.98,28.28,0.515,2174.859649865459,0
631.8,27.61,60.98,0.672,2316.042278878128,0
434.2,7.62,100.0,0.475,2786.486878963748,0
257.2,17.6,50.14,0.62,2785.903023342227,1
2274.2,6.9,62.96,0.662,2530.3823676354705,0
679.1,10.28,73.0,0.622,2727.8868519500984,1
2738.6,12.43,32.24,0.736,4428.790845062556,1
453.2,19.13,51.79,0.555,2377.150930693883,1
2014.9,28.03,76.79,0.493,2927.51219180591,0
836.3,8.9,43.24,0.397,4970.481845040846,0
759.8,12.45,40.46,0.382,2823.354062501579,1
1477.6,53.32,65.05,0.558,3286.228386940102,0
4908.9,13.97,44.94,0.397,3051.6866791697453,0
679.4,7.63,83.96,0.33,2755.9710983465984,0
2579.6,15.28,98.78,0.384,5302.953962403148,0
284.0,13.04,62.37,0.274,2827.811803060372,1
2496.7,15.36,22.55,0.418,2394.911124919872,1
324.2,21.4,49.24,0.708,2523.5917562953896,1
477.0,11.82,62.84,0.586,2212.97751798492,1
1158.3,10.51,44.02,0.703,2439.868864583162,0
2738.5,13.74,98.69,0.521,2252.2813152745325,1
552.4,15.21,72.96,0.644,5240.790895837701,0
4063.6,30.89,33.44,0.303,2694.33065524015,0
559.8,8.92,35.31,0.524,2793.2455429794536,1
2035.5,28.14,78.61,0.695,4341.633400239028,0
1015.1,44.68,76.56,0.616,2297.6511348275644,1
1796.4,18.44,40.44,0.681,2502.71724560037,1
1174.6,3.94,36.89,0.7,2408.406028194964,1
3923.8,10.6,50.93,0.439,2282.9575854339564,0
594.6,13.18,100.0,0.567,4183.846985792594,0
3843.0,60.0,54.5,0.526,3332.7643313403937,1
621.9,8.2,89.32,0.44,2665.909917453904,1
1489.3,16.31,93.81,0.78,4167.023556695449,0
1112.3,6.66,48.94,0.735,3059.408977517579,0
532.3,7.97,37.19,0.443,2593.428871104163,0
998.5,27.19,34.49,0.523,2997.0003405750163,0
4485.8,14.09,67.65,0.95,2932.604721913984,0
417.8,4.99,47.32,0.517,2337.3448175361104,1
4416.0,10.28,34.3,0.374,2762.960635878984,1
562.2,36.94,60.82,0.627,2540.154927599343,0
1828.0,17.19,36.46,0.862,2315.010816183092,0
1871.2,52.87,59.29,0.664,4124.220626326291,1
534.5,15.95,70.6,0.76,2409.8960418649986,1
911.6,19.43,28.8,0.478,3922.978464112823,1
4254.4,20.42,26.01,0.697,2792.013450900674,0
105.5,3.78,13.1,0.55,2410.239952580439,1
4079.3,36.41,54.54,0.809,2176.064471308834,1
565.8,13.61,22.97,0.635,2290.358638137583,0
2288.3,28.98,72.49,0.909,2680.288932634229,1
484.7,9.88,81.35,0.597,2384.790187714236,0
1533.5,20.73,26.87,0.447,2452.7863468195374,1
2495.9,40.55,40.57,0.579,2684.950757857667,0
2216.2,28.44,32.66,0.457,2310.578176898386,0
131.5,10.3,29.25,0.685,4678.402451268778,0
2909.1,30.51,66.88,0.515,2641.942446713718,1
353.7,17.09,50.25,0.782,2193.8769531402577,1
1441.9,10.6,49.92,0.421,3422.106795458884,0
1549.3,16.68,66.55,0.556,4193.202385984062,1
546.4,17.22,38.53,0.338,4854.373164887611,1
1296.8,10.26,42.12,0.591,2571.743387182877,0
2122.0,21.95,70.26,0.677,3255.790704196108,0
682.4,6.7,42.15,0.621,4684.389094565694,1
2995.1,29.85,37.18,0.233,4311.86924118305,0
172.8,12.8,89.87,0.676,5456.340593462585,1
1058.1,20.24,48.93,0.602,2706.714009981676,1
596.2,35.61,75.72,0.405,3641.368020597322,0
1271.9,40.3,63.27,0.56,2922.7375449033057,1
721.5,36.12,58.3,0.95,2494.5017401072405,0
2186.2,58.18,65.01,0.554,2337.2677589443056,1
372.3,11.16,57.29,0.58,3036.6389045360843,1
4399.7,28.67,79.4,0.611,3942.512873436567,1
691.8,29.14,51.98,0.797,2521.4044697377813,1
1113.2,32.8,28.1,0.465,2539.3253903531304,0
235.7,51.21,70.04,0.258,2628.947321218824,1
354.2,17.14,56.67,0.831,3213.6908332301305,1
1678.6,20.45,83.3,0.579,2334.8372511889443,1
4648.7,38.09,71.3,0.497,2674.2804475825405,1
591.2,5.26,72.74,0.786,2542.443889315344,0
1708.3,45.82,68.45,0.756,3153.6815793389574,0
618.0,12.37,35.85,0.301,1680.4778051665355,1
2182.0,25.26,62.27,0.603,2791.851416354912,0
948.4,6.64,79.2,0.376,3068.679209279042,0
1458.6,46.1,62.98,0.633,2599.356854738186,1
2322.4,10.18,50.85,0.358,2626.683406453137,1
4502.8,25.21,69.59,0.897,2554.847049592144,0
267.5,8.59,88.63,0.518,2894.9598629497964,0
3993.7,32.68,56.57,0.492,2305.636728584685,0
552.4,10.94,62.8,0.614,3688.923913482869,1
1563.6,44.28,48.36,0.592,2410.285879277838,1
509.4,22.98,51.88,0.527,3103.72521038838,0
1100.1,43.39,58.03,0.596,2346.54144581523,1
1242.0,16.59,30.24,0.221,2547.35713854773,1
3971.6,23.83,21.19,0.501,2906.5989976909523,0
572.0,11.98,60.54,0.771,4553.379616834758,1
3458.7,13.54,57.52,0.257,2579.445672813061,1
199.8,30.81,37.25,0.807,3436.3824532918,1
2134.0,31.3,53.01,0.301,3445.5502214417165,1
527.8,59.33,61.59,0.674,3193.9575581862096,1
1588.5,18.22,48.19,0.586,2382.868124376991,1
1911.6,8.13,49.86,0.431,3145.696636690933,1
3675.4,32.84,42.05,0.541,2641.987508149916,0
587.3,6.1,47.67,0.484,2810.509786831752,0
2752.4,30.94,61.58,0.451,2499.680365235802,1
670.6,27.72,45.73,0.904,2347.0808617998937,0
1333.8,14.12,19.71,0.778,2192.3809713948845,0
393.5,16.37,74.55,0.761,2983.046778802315,1
1416.7,15.18,74.59,0.63,2231.205873627552,1
383.3,8.58,26.13,0.554,2342.641035785458,0
2061.9,28.55,40.98,0.501,4117.930093551128,0
513.0,36.59,58.75,0.95,2320.246453004122,1
2251.9,33.4,66.56,0.787,2709.4794549141816,1
652.5,25.02,43.16,0.645,2619.413197808776,1
1192.1,15.12,66.51,0.529,4680.001455374445,0
1053.1,15.25,34.26,0.623,2994.492085323516,0
1261.0,4.48,43.85,0.95,2200.94509556974,0
2014.7,12.29,53.54,0.462,2527.3031786819724,0
3414.4,13.43,43.2,0.473,2608.3158769099973,1
396.3,11.83,79.19,0.813,2213.638161173464,1
1915.0,16.53,31.81,0.403,2561.143275377982,1
76.4,23.66,20.0,0.267,2564.071518904638,1
1832.7,13.73,26.81,0.79,3359.379027932217,1
547.1,8.33,73.16,0.672,2675.4596636177293,1
588.5,20.74,41.8,0.704,2830.171200294155,0
1523.1,28.8,84.39,0.457,2210.39132764866,0
3242.5,60.0,52.66,0.68,2694.171847310457,1
338.9,13.72,73.58,0.764,3448.365914182631,0
2685.3,35.27,34.57,0.449,2775.744869979504,1
201.5,15.88,25.93,0.287,2411.5357861177645,0
2301.4,23.01,64.43,0.54,2176.373295541584,1
933.5,19.63,67.53,0.358,5500.6308688775935,1
300.5,15.95,68.81,0.582,1914.185552470891,1
779.3,10.49,81.73,0.591,2278.324317602724,1
937.1,12.91,69.66,0.589,2367.275576343613,1
604.6,17.26,77.61,0.275,3464.643279808965,1
4172.6,24.11,50.01,0.736,2294.2352277457617,1
460.2,18.86,64.44,0.413,2603.7882742301576,1
2018.3,25.89,53.26,0.95,2382.633203523449,1
766.9,16.81,52.54,0.734,2931.412142451128,1
1400.2,46.62,43.22,0.695,1907.8206794122448,1
2305.7,22.43,78.52,0.507,3188.1047933001973,1
1257.6,7.58,33.91,0.881,2347.511663348295,0
454.5,29.57,29.16,0.813,2684.950757857667,1
2764.9,12.26,26.86,0.652,4917.81279179181,1
762.7,15.44,41.6,0.495,2760.1255494006764,0
1845.0,37.22,76.63,0.701,3397.1281854516205,1
741.7,26.43,72.26,0.748,2194.289715555487,0
367.5,9.8,84.06,0.779,2839.9270445957245,0
793.7,9.22,31.87,0.369,2774.168272479462,1
2470.2,25.77,37.48,0.526,1840.7205212959848,1
231.1,19.06,67.99,0.372,1634.3536653538683,0
3261.0,28.15,79.75,0.755,2399.4553958546608,1
352.9,4.76,56.27,0.59,2667.143630914347,0
1286.7,8.3,34.05,0.602,2846.040016882035,0
503.2,17.78,22.12,0.707,4125.273725033766,0
569.5,24.92,52.1,0.579,2495.151686754586,0
1295.8,22.24,25.21,0.369,4153.49655100103,0
4247.7,13.2,65.08,0.826,2244.8110245606754,0
529.5,30.57,42.16,0.87,4639.8053931964805,1
3828.7,19.28,58.06,0.634,2782.1847000452003,0
147.4,37.58,100.0,0.726,2684.950757857667,1
845.3,24.45,94.7,0.797,2739.691851996752,0
1115.6,37.48,74.73,0.624,2483.332415796671,1
1675.4,21.73,67.33,0.487,3925.3533853587887,1
1924.9,10.15,41.72,0.683,2186.5118628599034,0
3274.5,15.78,24.2,0.826,2512.8257130833026,0
830.4,10.36,71.7,0.779,4157.326781733238,0
1648.9,17.26,42.78,0.65,4220.250766303363,0
644.1,16.33,66.91,0.74,2659.990482244645,1
1889.5,36.2,38.42,0.427,2272.878945836529,1
1759.9,9.21,57.64,0.764,2538.1168539361684,0
1782.2,7.66,57.01,0.395,2317.497363559838,0
1805.3,43.25,33.45,0.738,2662.613763299955,0
4362.8,13.36,98.82,0.454,2188.810758711982,0
539.9,16.32,46.26,0.839,4009.6954795402658,0
1694.3,9.91,52.16,0.261,2387.760472171544,1
403.7,24.63,70.06,0.531,2557.234640567005,0
1075.1,19.58,64.07,0.41,3362.4110070625584,1
1367.0,15.39,69.94,0.533,2261.5403832538204,1
1271.6,12.46,39.66,0.646,2556.304818066442,0
1863.9,17.01,41.63,0.832,2576.3664895603943,1
1340.7,13.4,58.87,0.502,2378.1525784435084,0
89.0,29.62,39.24,0.532,2522.653831725307,1
2481.4,15.99,51.35,0.637,2547.490809363875,0
526.7,16.1,73.77,0.305,2546.5742324083712,1
1423.9,13.1,46.67,0.671,2716.569552907907,1
594.9,36.85,35.75,0.9,2709.0105770922264,1
372.8,18.4,58.78,0.376,3175.5002275626703,0
1479.3,31.89,80.96,0.559,4302.440027423862,1
2310.4,35.01,40.04,0.477,3010.66431552727,0
194.7,11.71,75.17,0.621,2415.415114163115,0
4092.8,18.9,10.06,0.528,3627.831296126813,1
389.1,24.07,73.26,0.728,2661.0209712960195,0
2351.3,26.77,58.79,0.687,2589.238656356487,1
312.6,27.26,22.08,0.578,2512.3827852646127,0
1401.1,10.08,73.01,0.616,1910.9154578405453,0
811.6,8.09,39.24,0.719,4099.723086985568,0
3225.4,9.27,51.68,0.564,2684.950757857667,1
460.4,19.35,37.86,0.595,3427.972270590772,0
2841.4,27.34,35.83,0.511,4106.073863013708,0
270.9,60.0,28.68,0.645,2805.8899812908103,0
2359.5,11.31,94.06,0.26,2318.082320551975,1
1534.4,20.72,84.77,0.341,2418.698446247497,1
1341.3,16.24,86.72,0.865,2575.256651287326,1
1975.2,11.37,36.6,0.336,2333.0357772303096,1
2648.6,13.52,91.02,0.885,2607.8540763030605,1
604.4,16.62,75.2,0.359,4810.247119434629,1
2039.5,12.94,90.28,0.639,2374.464923804694,0
728.8,23.17,59.33,0.644,2180.772787123711,0
1133.0,18.66,70.16,0.637,2254.70143712179,0
1868.3,41.08,85.93,0.552,4227.804402246655,0
566.1,20.61,73.39,0.554,4165.570108379955,1
1213.6,16.74,49.04,0.709,2629.3729127526685,1
698.8,40.41,44.34,0.471,2553.8907815266884,1
266.0,27.9,64.53,0.773,1749.8433599854582,0
3099.1,24.37,61.8,0.391,2163.543087330298,0
659.4,6.49,48.63,0.513,2994.583252073908,1
2204.7,33.58,17.07,0.834,2971.273574578321,0
255.3,18.69,48.04,0.439,2700.877067916916,1
1459.7,26.01,38.74,0.427,2563.833242703357,1
2160.8,36.62,64.31,0.591,2630.468727683144,0
2302.2,47.5,60.69,0.387,2507.2032384931395,1
655.1,6.7,39.3,0.582,2424.041211715655,0
4110.2,8.67,24.31,0.296,2333.814024763128,0
301.9,5.82,53.11,0.596,2779.7425696830023,0
1276.5,23.57,87.67,0.752,3016.142574928839,0
1729.4,22.08,50.28,0.805,2958.4816322264005,1
934.8,27.91,45.17,0.42,2708.660390615996,1
1786.9,26.23,56.82,0.163,2195.599835299125,0
2568.7,34.85,46.92,0.642,2781.589285534639,1
22.6,16.18,79.71,0.503,2428.97797910325,1
1554.0,15.54,45.27,0.575,4795.489248324867,1
101.8,22.24,53.31,0.625,2580.416640378552,1
2474.7,3.62,64.1,0.95,3429.7695566771367,0
1615.5,5.27,91.18,0.851,2880.457228387451,1
1690.9,25.1,42.45,0.461,2366.918128069459,0
2340.2,5.63,40.77,0.61,2788.452373470186,1
956.3,20.39,61.54,0.344,2700.906863203997,0
617.9,17.3,67.29,0.594,1641.6825179404918,1
3985.8,36.27,61.47,0.684,3156.897263810301,1
282.3,9.37,62.68,0.581,2563.908682424173,0
2376.7,16.65,41.06,0.309,3035.3423429580776,1
280.0,10.6,56.44,0.857,2422.838838578129,0
1170.4,27.91,50.28,0.232,2927.531846340892,0
1678.4,19.05,50.04,0.694,2653.4844548549977,0
3477.1,15.89,59.02,0.368,2754.7818272828063,0
444.9,33.49,77.69,0.809,3004.821443028757,1
2867.9,11.86,47.63,0.568,2254.970845604147,1
106.0,16.41,29.11,0.23,2207.22338542762,1
1073.2,28.77,63.6,0.555,3106.575708549309,1
720.5,30.41,41.82,0.574,2357.7152116640978,1
1401.2,60.0,11.06,0.37,2657.648381942354,1
1243.6,22.56,46.51,0.55,3273.857888704511,1
4761.4,22.99,30.87,0.514,2513.017832530047,1
99.2,42.34,31.01,0.819,6350.41206360321,0
2208.0,31.35,73.65,0.935,2334.093605732669,0
71.9,29.76,62.13,0.596,2537.7686644214664,1
1399.7,3.64,47.03,0.733,2758.499383890856,1
1413.0,23.97,44.52,0.478,2760.370442225762,0
590.8,16.59,25.55,0.913,2748.173431040561,0
766.5,15.63,59.32,0.205,4312.929501698949,1
700.2,22.41,47.03,0.379,2911.0228663149087,0
648.4,9.13,66.87,0.365,3656.806801547664,0
3030.4,18.39,42.54,0.847,3027.4548515777915,0
323.8,36.72,64.22,0.762,2542.615075020642,0
1838.6,17.16,21.28,0.58,2580.149348916216,0
605.1,29.41,52.23,0.783,1990.116711053031,0
302.2,24.78,47.92,0.65,4787.689937768976,0
2402.9,18.28,58.15,0.474,2708.9970870248508,0
2211.5,26.14,20.75,0.633,2525.7367758048235,0
189.8,11.24,38.64,0.574,2586.703874440088,0
3650.9,48.13,68.38,0.725,2705.94491825876,1
543.8,45.18,21.11,0.585,3297.427865846144,1
1781.1,24.31,61.54,0.758,2711.1551517119083,0
1358.0,29.15,91.42,0.546,2446.998728357682,0
730.5,6.46,71.34,0.318,4059.6333907457615,0
406.1,41.18,38.94,0.494,2684.950757857667,0
1398.2,11.95,60.08,0.304,3373.0346893282167,0
831.6,17.02,50.79,0.517,2783.0844124712703,0
3168.3,27.53,70.87,0.629,2197.125055203501,1
476.2,13.79,37.35,0.458,3267.677399994747,0
2265.6,18.43,29.46,0.518,2679.665337540778,0
1039.9,17.51,60.33,0.313,2711.0650457469587,0
1574.9,45.63,71.11,0.827,2661.435909196408,1
508.8,25.96,68.68,0.35,2772.3567779083915,1
4132.2,15.22,32.87,0.571,2271.4386120571867,1
218.0,13.05,31.49,0.451,2487.899101395908,0
1932.4,21.69,42.25,0.287,2520.1807771547888,0
556.1,14.71,66.17,0.14,2540.0144617196943,1
2209.7,20.87,32.86,0.416,2293.9658161685743,1
1065.3,13.01,50.84,0.321,2272.5879947358067,0
1017.1,28.08,50.9,0.41,2341.407835440233,0
557.1,29.13,42.38,0.498,2684.950757857667,1
4223.1,20.29,34.7,0.431,2707.3211568058045,0
436.0,13.26,47.94,0.56,3779.20853346702,1
4291.4,13.56,70.46,0.514,2440.211007714129,0
513.1,7.83,52.91,0.499,2760.0126893382494,1
956.5,25.44,53.7,0.739,2828.650422808102,1
543.1,24.15,47.06,0.549,2752.258164485402,0
1335.5,28.23,60.03,0.8,1707.1268202395,0
1041.8,32.33,70.36,0.518,2893.9942939480084,1
4535.4,20.55,69.71,0.516,4370.243902608348,1
590.2,49.22,35.39,0.396,2724.1105631081195,1
3084.1,21.69,38.64,0.716,4732.563667706043,0
540.5,18.92,40.27,0.586,4149.738372122328,1
2383.3,12.66,16.4,0.415,2767.1733096045505,0
292.7,38.75,38.11,0.656,2626.8413323715545,1
1254.6,18.12,45.1,0.624,2519.653253276556,1
1302.7,10.47,56.53,0.901,3147.518858155113,1
3522.6,23.29,62.57,0.533,2540.594139770892,0
531.8,27.16,27.4,0.628,2419.9530419687726,1
2723.8,5.86,41.24,0.709,2567.073735135583,1
58.4,11.6,71.67,0.602,2998.4098368632,1
2029.3,17.39,57.3,0.205,2188.9695144388065,1
1794.4,32.88,42.7,0.723,2228.2565492474555,0
1124.3,34.67,79.94,0.627,2471.711341504844,1
1432.8,15.04,67.39,0.425,2478.07394494794,1
1190.9,2.55,51.83,0.66,2835.4923045897967,0
420.5,5.36,72.68,0.295,4283.274715887422,1
3831.8,11.98,44.24,0.668,2793.428172026161,1
457.4,13.08,45.96,0.622,2501.901424863135,0
963.9,30.69,54.57,0.67,2301.570847522789,1
909.1,25.38,61.55,0.321,2412.609100003861,0
1587.8,15.88,74.55,0.421,4339.68327260361,0
2489.7,4.16,43.45,0.278,4216.277356789036,0
4033.3,9.6,44.64,0.282,2405.666788852366,1
763.6,10.52,68.48,0.823,2246.873041243254,0
4411.3,10.69,62.52,0.648,3273.7601590203803,1
131.1,19.72,28.21,0.576,2887.971208370448,1
1537.3,4.69,39.45,0.353,2864.8286781674697,0
1814.4,8.6,44.26,0.364,2194.506968587041,0
1514.4,20.7,60.38,0.862,2684.950757857667,0
649.1,17.63,44.78,0.444,2749.575675875775,0
519.5,9.4,62.87,0.64,3716.140787085526,1
431.1,19.11,63.93,0.677,5670.870037281436,1
3554.7,32.69,67.34,0.536,2517.996544559737,1
454.2,10.87,80.04,0.346,2027.4958899941605,1
1133.6,19.87,65.32,0.631,6170.596530764885,0
310.6,33.56,62.34,0.541,3038.042174518273,1
1698.5,15.76,58.4,0.664,2700.2867200190854,0
897.6,28.79,42.8,0.374,2172.4268722872457,1
973.6,18.46,52.49,0.629,2330.6738745201314,1
558.5,5.11,58.5,0.708,3194.771387967488,0
3668.5,60.0,62.74,0.505,2811.953409449369,1
367.4,10.47,100.0,0.612,1827.978211944445,0
1389.8,16.29,53.95,0.452,3483.294628421662,1
1741.0,15.07,38.75,0.619,5250.954669744902,1
1022.0,15.9,13.86,0.865,2714.1990336207928,1
1060.1,11.58,74.38,0.921,3503.135260514242,1
3962.3,11.43,15.89,0.357,2489.203876945922,1
807.6,7.82,24.82,0.482,4198.875090485463,0
4421.8,12.79,59.66,0.503,2394.553744681597,1
205.2,16.76,26.08,0.822,2414.256881427405,0
2495.6,17.34,76.55,0.529,3603.622528944783,0
1810.5,14.43,99.27,0.676,2440.1534757780937,1
1449.1,18.5,52.6,0.793,2731.22283261165,0
2107.4,16.78,12.3,0.654,2196.853730818594,0
3062.1,32.45,86.24,0.358,2547.524275451782,1
301.0,8.74,81.1,0.499,2646.073077902063,0
3183.3,9.67,48.45,0.537,2810.779161976279,0
536.0,8.39,80.2,0.909,1734.907478778267,1
2320.2,39.18,47.67,0.638,3691.1309880762064,0
625.4,24.59,94.37,0.7,2499.161363741749,0
990.0,21.41,25.36,0.786,1758.5058967914051,1
1374.3,26.22,60.12,0.411,2596.1945965281134,0
4882.5,20.35,87.82,0.353,5255.957400551534,0
278.2,18.0,50.71,0.646,2788.0133104044503,1
2690.1,11.28,91.31,0.871,4217.335311118422,1
602.9,5.5,34.06,0.776,3642.634404486669,1
1244.4,24.03,49.0,0.649,2902.190611250592,0
486.0,26.44,5.0,0.476,2867.947965816583,1
1408.6,10.14,38.91,0.662,5531.583785960935,0
1026.2,13.97,22.62,0.353,3862.456875194205,1
4122.7,1.22,48.32,0.924,3129.043215656012,0
598.6,18.77,72.45,0.526,2283.597707454805,0
3382.5,18.7,55.95,0.78,5077.834907359969,1
358.4,20.45,56.55,0.615,2267.870725736744,0
1943.7,19.51,75.88,0.727,2569.976855424107,1
167.2,10.32,50.62,0.485,3537.3556174540936,1
1425.8,25.92,60.96,0.719,2933.063812682471,1
761.5,13.8,71.17,0.347,2186.7989230095213,1
4887.4,12.4,49.35,0.446,2564.406392509249,0
64.4,22.39,62.05,0.305,2658.8907900930312,1
4142.7,18.97,53.47,0.299,2291.8909639013373,1
699.9,28.44,25.36,0.767,2937.6610197503537,0
1913.3,34.95,38.42,0.664,4682.585696778245,1
430.7,21.48,30.22,0.581,2602.669321650362,1
401.6,54.92,56.16,0.498,3098.0601922747,0
2249.1,39.99,73.85,0.699,4575.342456619408,1
1343.0,49.81,72.76,0.95,4336.032877682615,1
891.3,7.21,5.33,0.316,2791.7938294290266,0
3694.7,7.35,16.42,0.472,5266.121127814967,1
223.3,17.41,28.54,0.427,2436.2582330266346,1
2033.3,9.27,43.66,0.709,4972.714105502074,0
265.5,25.42,54.27,0.714,2648.784444526158,0
1019.7,35.52,51.26,0.593,4891.547315914534,1
2097.8,22.29,45.48,0.45,2585.443675935805,1
3884.0,10.29,50.74,0.787,2761.785680767516,1
577.0,5.4,91.73,0.476,2901.0265742715533,0
2766.0,32.29,89.49,0.644,2665.4135464770047,0
676.3,15.31,70.02,0.374,4824.236152506231,1
1499.9,6.42,30.21,0.511,2479.695345239727,0
1556.3,28.06,7.03,0.377,5259.994380062235,1
1279.1,15.11,53.92,0.733,2517.393685948541,1
2264.4,13.84,69.8,0.471,4636.491637042482,0
633.1,5.19,53.51,0.636,2266.0334778022407,0
566.6,19.0,58.83,0.678,2501.036818627019,1
4327.5,60.0,34.56,0.565,3763.4606476323593,1
483.4,16.34,28.46,0.535,2937.14176937149,0
1345.5,19.75,32.52,0.459,3812.684317719904,0
1074.8,17.67,86.58,0.592,3424.64985078984,1
1010.2,21.06,56.94,0.939,4045.801625002977,1
962.6,33.99,61.06,0.655,2900.4102197537964,0
2385.4,13.59,42.36,0.487,2772.882479654685,1
561.1,17.32,50.02,0.768,2382.50517205572,0
1647.0,54.53,31.6,0.715,4127.604497741998,1
755.1,20.36,77.51,0.621,3008.6612372045083,0
1014.5,21.51,32.83,0.444,2511.4345051047285,0
1115.8,14.29,79.26,0.556,2770.525872131096,0
1183.3,19.91,45.46,0.95,2819.786298508181,1
821.1,12.29,48.97,0.564,3047.426172686885,1
3679.2,41.51,37.19,0.453,2780.964804177055,0
771.4,9.97,84.12,0.435,4422.615196856995,1
3111.7,8.25,43.9,0.604,2488.222962870746,0
789.0,12.56,73.12,0.645,2171.026672353905,1
2187.2,34.78,56.56,0.599,2676.4277284839545,1
1296.4,16.0,60.17,0.662,2619.842089267538,1
1770.4,15.23,10.34,0.458,2507.393190587009,0
2019.2,25.98,23.7,0.758,2705.3293122668133,0
4799.4,19.83,24.43,0.652,2266.28491820589,1
281.9,1.79,36.02,0.641,2443.710232224003,0
3188.2,19.64,52.69,0.59,2874.714984810932,0
420.1,14.03,40.63,0.95,1944.0489787005329,0
2417.3,17.19,88.66,0.512,2348.473380984514,0
1383.0,50.75,87.56,0.742,2347.4410788637874,1
633.6,6.45,45.99,0.694,2384.416516285697,0
2485.7,22.97,72.71,0.547,2199.107008827182,1
3240.0,4.71,57.17,0.338,2728.4214169810634,1
299.2,17.0,54.64,0.499,2524.658654408658,1
3302.4,35.21,50.37,0.602,2897.6751724224823,1
167.5,12.24,21.47,0.487,2260.106095997358,1
1914.9,35.66,61.23,0.361,3638.1472291843006,0
1234.6,28.62,47.76,0.95,4837.75254965338,0
336.7,29.88,55.27,0.436,2310.6864679569944,0
1290.6,23.11,71.66,0.416,2840.649404790929,1
2631.5,13.66,84.14,0.725,2338.240770654372,1
75.8,30.19,63.89,0.723,2233.744913859964,1
3839.8,10.68,89.11,0.59,2740.5341747469515,1
223.8,17.76,30.3,0.629,2086.169787040957,1
788.6,17.74,25.68,0.805,4903.618210870889,0
957.5,12.59,49.12,0.369,4221.913402805775,1
1085.5,11.23,19.95,0.348,1846.6753283092,0
2294.8,22.3,65.23,0.837,1935.851040036468,1
961.4,21.9,5.97,0.59,2600.2789956125075,0
90.2,4.11,67.31,0.564,2410.48844216694,1
2744.2,60.0,83.14,0.479,3317.90029748518,1
508.9,24.57,78.86,0.46,2548.824298573867,1
2389.8,24.79,45.02,0.622,6115.758858218508,0
1365.3,38.7,53.5,0.791,2596.55395872198,0
648.0,7.59,36.69,0.243,2976.5607110224305,1
845.8,38.9,61.83,0.497,2639.9780565881083,1
1851.2,6.37,81.7,0.586,4846.57318619114,0
765.8,6.34,55.2,0.235,3449.6364397703646,0
3870.9,41.59,45.94,0.655,2365.3466063882825,0
786.5,6.12,61.61,0.776,2501.032363882462,0
2194.8,18.23,19.63,0.667,3452.5158472029,1
850.1,37.5,78.9,0.47,4357.645842102448,1
1175.0,2.44,33.36,0.278,1754.120858921228,1
1069.1,14.5,48.61,0.676,2753.8857550239045,0
4634.9,25.87,74.01,0.702,6363.579611032425,1
697.3,24.15,83.27,0.412,1782.1985726110936,0
4474.9,15.16,15.72,0.686,2526.8978527848044,0
349.9,15.71,58.41,0.755,4876.608255204887,0
1760.0,35.05,61.57,0.626,2479.511256045416,1
1532.3,9.18,31.65,0.95,3274.936078462162,0
894.5,27.07,64.61,0.374,2311.4878272086826,0
1316.7,20.32,68.55,0.645,2280.036340094362,0
3943.5,14.31,78.51,0.696,2178.3766454744946,0
529.0,17.91,29.23,0.366,2555.394558229069,1
2728.7,43.83,23.55,0.636,2580.947711683536,1
602.7,28.91,67.77,0.335,2367.8239513221924,0
819.5,24.59,52.05,0.341,2957.0446077466568,1
273.9,24.25,67.87,0.831,2588.353316627154,1
1506.1,25.33,56.85,0.608,2684.950757857667,0
1653.1,13.16,29.94,0.497,2171.2522836950548,0
4763.9,12.09,43.63,0.395,2368.369822504673,0
735.4,13.11,47.84,0.341,3005.686022443905,1
1725.1,19.42,42.29,0.511,2243.5224897614016,0
100.9,7.72,40.38,0.469,3301.0666713363817,1
1583.5,35.77,39.97,0.597,4688.612908415625,1
1514.7,28.47,34.59,0.17,2926.758111964168,0
1400.8,17.39,69.84,0.44,2844.3273543241703,0
1979.1,15.47,26.99,0.59,2206.830273775929,0
1441.2,12.72,5.0,0.894,2684.950757857667,0
829.6,7.62,53.64,0.399,2543.990469034028,1
2500.8,3.6,58.55,0.585,2238.695727340816,1
556.1,23.01,17.21,0.429,4827.45643199868,0
971.5,11.24,81.55,0.861,2267.954660218856,0
908.9,27.69,59.47,0.709,3125.8268747834045,0
1770.8,25.47,33.62,0.739,2411.5954557346863,0
999.8,31.87,47.4,0.407,4920.514255269948,1
2314.6,8.18,74.13,0.566,2683.82598175818,0
708.7,11.09,38.61,0.679,2508.431651818206,1
2532.1,16.44,59.8,0.566,2712.0508142402005,1
569.5,17.4,57.58,0.784,2684.950757857667,1
1361.2,19.42,74.7,0.679,2777.3544837543564,1
1763.7,26.25,79.74,0.572,2748.646940454933,0
1635.0,14.61,35.44,0.536,3083.148104354457,1
2317.6,11.43,60.64,0.499,2368.157232941847,1
1551.6,21.68,11.74,0.62,1739.3861316803373,1
80.1,17.29,31.87,0.604,2562.521601569127,1
3069.6,9.11,26.05,0.596,2687.0175430713293,1
754.4,21.21,5.0,0.896,2816.393899568073,0
1366.5,32.98,61.46,0.093,3304.015040536296,1
663.5,12.72,100.0,0.588,1769.016881703408,1
401.8,28.54,37.15,0.768,2743.2334060309418,0
2405.8,17.31,59.08,0.529,3023.6805868977176,0
3772.6,28.78,44.17,0.728,4976.767208417056,1
848.8,7.92,68.71,0.707,2684.950757857667,0
2174.3,12.36,34.41,0.446,2692.193925560141,0
670.8,12.23,78.9,0.565,2479.7215562801657,1
2471.9,8.12,68.72,0.453,3593.695186852781,1
899.1,29.14,51.02,0.486,2838.637018327777,1
841.9,10.67,54.99,0.789,2684.950757857667,1
1861.0,12.59,57.39,0.574,3155.012272481162,0
2078.6,14.4,68.03,0.471,3604.206204520998,0
47.4,20.89,44.04,0.95,2493.3019452937606,1
2030.9,11.42,70.51,0.407,2402.4879272430794,1
409.1,6.42,51.78,0.813,2345.528704520648,1
1597.3,23.93,36.45,0.663,4114.064753436578,0
1440.5,31.51,83.16,0.46,2324.5431606069565,1
1690.3,10.36,60.59,0.531,2250.68149360506,0
662.7,12.88,61.43,0.316,4331.629537105589,1
3676.6,28.67,33.11,0.564,2767.7512258345787,1
621.4,2.81,38.5,0.516,2552.0840327587584,0
3445.4,11.74,70.26,0.547,2265.0314203639814,0
141.8,7.55,28.85,0.33,2624.535414113848,1
1667.4,24.78,64.23,0.757,2580.876333508465,0
1677.0,14.68,57.6,0.663,2044.2925924339045,1
581.0,9.49,24.43,0.728,3082.4717223825014,0
349.7,34.81,27.9,0.807,2292.6688188335525,1
1430.2,40.87,73.64,0.549,2870.130094196189,1
282.3,27.96,51.6,0.657,2275.416361713448,0
2549.7,24.02,52.76,0.278,4549.63286679177,0
737.9,1.34,78.07,0.884,2409.82569951562,0
2367.8,23.04,79.25,0.315,4317.559109076719,1
1031.9,8.36,43.83,0.794,1816.785844535924,0
1456.5,19.27,54.97,0.653,3409.276255257176,1
2259.8,32.96,78.47,0.755,3253.286455156717,0
1336.4,26.89,69.77,0.318,2706.39617875412,1
89.2,29.64,71.54,0.434,2790.246042376996,1
1893.8,19.11,79.27,0.383,3422.943517280247,0
91.3,11.04,48.3,0.488,2564.8609874187887,1
953.2,5.65,37.87,0.38,2614.7843702204173,1
872.2,27.85,24.5,0.736,2188.132140115166,1
1597.8,22.9,28.18,0.542,4595.344994867199,1
1932.4,37.01,78.54,0.26,1972.477707441292,1
3893.7,16.61,72.13,0.66,2684.2992994138062,0
74.1,3.18,69.15,0.664,2996.7871517122644,0
3525.2,60.0,77.07,0.419,2105.964942283917,0
529.3,6.07,48.51,0.563,2379.5308280385752,1
928.4,24.38,36.62,0.68,2787.753186217058,0
948.1,21.76,41.51,0.5,2397.665959926149,1
1413.6,16.39,65.3,0.861,2343.739358979989,0
2438.9,26.91,53.51,0.364,2677.900295562308,1
4030.0,19.1,57.64,0.56,3613.92709176555,0
886.8,4.18,47.74,0.947,4474.088470559044,0
1711.6,30.76,85.89,0.805,2781.0261552723364,1
594.3,32.31,62.02,0.66,2293.3818505779395,1
764.4,25.69,84.41,0.934,3043.741852013295,1
940.5,20.42,60.93,0.548,2011.550407786638,1
922.6,17.71,44.68,0.722,3027.974791861672,1
2324.7,11.58,80.24,0.633,2687.7336544725176,1
3307.9,19.9,35.99,0.798,2995.0739007931984,1
701.6,10.95,50.36,0.683,2164.240645910492,1
3608.8,20.78,31.44,0.583,3263.654357798449,1
619.1,19.54,80.6,0.629,2528.3294469544303,1
1104.6,17.19,77.9,0.679,4231.271252078824,0
1826.7,38.16,40.52,0.614,2367.220846209156,0
976.5,23.2,74.32,0.435,2499.2303609787127,0
1855.2,19.55,61.38,0.564,3509.286901610581,0
2635.4,22.82,100.0,0.256,2684.950757857667,1
658.6,12.72,29.2,0.685,2616.8392076643613,0
3332.6,2.98,64.36,0.317,2545.7510715407707,0
145.2,7.34,44.18,0.697,3111.346037129178,0
968.7,17.64,46.0,0.593,2521.7300077960444,0
715.5,16.42,73.39,0.48,3023.5514002797886,1
395.9,18.27,45.73,0.566,2966.1433902377653,1
1334.8,60.0,100.0,0.95,2652.4919520739504,1
2413.7,16.15,29.71,0.635,3184.048447191753,0
602.1,27.25,57.92,0.229,4881.552965604974,1
3646.4,16.61,100.0,0.341,3241.0018716456734,1
710.7,9.68,48.4,0.668,2362.3608296085586,0
1600.1,16.76,46.92,0.308,2581.710258275824,1
703.5,12.05,32.76,0.476,2504.399910682096,1
1113.2,27.14,67.19,0.308,5258.654133423717,1
1057.9,19.53,71.57,0.734,2684.950757857667,0
4406.4,25.74,81.66,0.622,3495.1649798050066,0
550.3,24.03,50.97,0.836,2816.206402837161,1
3786.2,23.1,21.97,0.442,2158.775952258893,0
117.5,13.07,71.85,0.484,2134.074866817845,1
2113.2,10.23,70.1,0.766,2362.5411628350266,0
255.4,16.19,61.59,0.452,3421.0678423446698,0
727.1,5.42,38.7,0.552,2175.316020982454,0
787.6,3.26,89.44,0.641,4192.944017069429,0
2684.2,30.99,66.39,0.844,2908.9106629368043,1
780.3,5.0,54.3,0.765,2466.4895050216937,0
4393.9,41.38,69.45,0.418,2668.4824006727235,1
694.9,12.63,36.13,0.732,2332.352708844848,0
2054.4,20.37,56.95,0.793,2369.5890609708404,0
161.8,47.3,71.99,0.258,2725.627619463677,1
1293.5,20.47,41.3,0.91,2784.67372140805,0
1562.7,15.53,80.28,0.236,2465.497526562988,0
928.8,25.07,41.36,0.846,2684.950757857667,1
189.6,7.12,89.31,0.383,2687.360327019128,1
2309.1,26.94,43.12,0.349,2726.593490364834,0
337.1,52.96,54.07,0.95,3341.197083292471,0
2448.2,15.69,43.15,0.211,3513.363556133253,1
1492.8,10.05,48.46,0.595,4079.799683319372,1
574.3,30.69,81.44,0.791,2358.2205052526087,1
1183.5,16.77,89.3,0.289,1960.4180993389152,0
2402.1,39.8,80.28,0.678,2347.865182050949,1
795.8,6.15,60.21,0.461,2273.1493376974267,0
2323.2,24.31,36.32,0.49,2609.772248441842,1
506.7,7.38,46.26,0.588,2274.0788046362395,1
1928.1,13.65,33.61,0.569,2265.052445815312,0
531.1,13.6,50.54,0.672,2169.5273307240736,0
433.9,19.05,50.75,0.584,4321.337707610316,0
727.6,43.32,90.03,0.796,2665.286963279811,0
4338.8,11.96,89.61,0.686,3163.547644127742,1
885.0,3.34,61.13,0.229,4221.953004743207,1
3194.2,13.01,13.77,0.631,2048.039604704823,0
104.3,12.4,44.82,0.746,2192.824572225385,0
2192.3,4.64,75.47,0.496,2641.462698371477,1
804.3,24.61,66.34,0.558,4848.546133934687,0
910.6,28.23,66.36,0.571,1915.8300755655848,1
2380.6,12.95,37.11,0.388,2684.950757857667,1
3200.4,36.41,66.05,0.625,4187.169372965617,1
495.7,30.78,25.36,0.487,2609.6609069446763,0
1648.4,8.92,59.23,0.714,2316.2980418772604,1
383.6,15.08,41.51,0.536,2321.153087368259,1
809.3,13.7,98.71,0.582,2517.7492655558235,1
1227.4,45.58,35.29,0.95,2506.4652613591948,1
590.6,14.66,36.1,0.503,2810.318312661021,1
794.7,14.71,56.51,0.547,4328.862595213651,0
4778.5,31.84,90.41,0.765,4709.359836387615,1
800.2,8.7,32.31,0.501,2594.99071050813,1
3557.8,38.71,17.15,0.315,2299.552724932693,1
509.0,21.54,46.09,0.462,3384.7088948430514,0
1681.0,19.1,74.27,0.561,3281.500350367388,0
674.6,9.93,51.7,0.937,2518.8113200931466,1
463.4,37.59,73.06,0.73,2905.0446322490297,0
1669.3,3.45,29.56,0.95,2707.913978326218,0
1924.9,21.53,58.46,0.523,2499.952168916056,0
479.6,26.76,66.87,0.326,1704.4820674888542,0
2238.1,19.09,70.85,0.408,3156.020876032316,1
114.9,9.48,36.72,0.578,2641.37868748601,0
1965.0,28.45,5.0,0.434,2684.950757857667,1
767.1,26.78,67.95,0.656,3569.275181234876,1
646.2,41.29,57.9,0.346,2340.6025816193865,1
2349.7,15.32,64.61,0.394,2131.5456635039745,0
818.2,30.75,13.63,0.298,5703.936615219171,1
657.8,7.21,37.32,0.472,2450.611306661695,1
3248.5,33.86,74.49,0.151,2852.801277434857,1
80.3,58.55,41.55,0.54,1736.2556910085198,1
2343.5,35.66,50.49,0.757,2694.0582818743687,1
616.2,21.97,54.88,0.359,2757.465211699279,0
1183.1,32.73,46.41,0.799,5223.815194195527,1
1691.6,17.86,57.62,0.843,5691.531695183196,0
3447.4,28.7,29.92,0.743,3800.247964008589,1
693.2,8.75,42.9,0.475,2302.4832950594982,0
2851.5,18.14,69.13,0.611,2646.085151045977,1
122.0,6.28,32.94,0.547,2522.340140959933,0
1788.7,11.32,73.5,0.672,2517.465774400158,0
171.7,12.64,53.93,0.676,2122.4777653545184,0
1767.5,17.42,25.92,0.713,2576.8780910298424,1
940.0,38.24,72.52,0.95,2203.9145999299767,1
3890.4,6.69,48.27,0.691,2866.84274876631,0
268.3,24.84,70.04,0.636,2744.0971457759547,0
2046.0,28.66,52.99,0.624,2320.008228175851,1
185.6,10.98,64.22,0.531,2735.2357779710464,0
2236.6,23.85,40.99,0.658,2684.950757857667,0
1592.9,40.75,36.29,0.515,2600.030403205346,1
515.0,30.0,29.59,0.631,2394.833615270999,1
2028.4,21.72,51.66,0.616,3045.738060222988,1
2514.7,28.55,59.7,0.66,1990.8748242270483,1
367.3,18.27,63.69,0.763,2694.188738237221,0
2252.9,11.29,56.43,0.607,2789.6269843354653,0
706.6,25.32,53.02,0.402,1646.7551647045736,1
2441.2,10.12,56.94,0.64,4974.563124251528,0
1877.8,18.46,57.11,0.532,2307.323268525492,0
521.0,26.05,43.35,0.798,2860.484001744908,1
1362.0,17.7,81.97,0.59,2342.6628183410626,1
2888.2,15.25,74.42,0.909,3666.9072250576633,0
59.2,14.23,33.35,0.6,2976.9801670767274,1
4159.4,10.11,52.73,0.656,2551.6704972998377,1
620.9,11.18,77.06,0.54,2754.6905708707054,1
1122.4,12.43,67.94,0.4,2276.248670349076,1
515.7,17.47,48.37,0.432,2684.950757857667,0
609.5,30.42,24.95,0.316,2452.2728030141902,1
698.1,31.01,51.65,0.483,2023.6364886381907,0
2020.3,29.96,40.41,0.671,2879.457706222276,0
234.0,2.55,34.12,0.549,3222.525264945292,1
4445.0,18.59,32.5,0.531,2514.01067214489,0
597.6,60.0,39.59,0.487,2249.0095694403626,1
2138.0,14.52,86.58,0.404,2338.457990096705,1
591.6,30.09,48.19,0.411,2852.279834500177,0
699.1,37.88,40.96,0.358,4489.286442556102,1
2282.7,18.2,79.24,0.51,2301.2103883221,1
4632.7,24.68,83.16,0.669,2381.672215554132,0
658.1,24.47,56.43,0.484,1605.534831405711,0
2092.1,36.32,40.6,0.681,4183.221006500402,0
564.6,11.66,45.18,0.478,4822.399141705598,0
1531.1,4.38,74.83,0.624,2267.3323250025246,0
251.6,25.04,55.21,0.586,4767.003498165818,1
1230.5,12.08,39.92,0.595,1895.027947416884,0
1781.0,53.66,73.27,0.737,3809.015229864352,1
3424.0,22.47,99.63,0.484,2480.73935840694,0
723.2,3.59,83.22,0.598,3128.4380852507,1
2664.0,30.12,10.55,0.59,4162.475944928548,1
605.9,14.27,50.5,0.542,2684.950757857667,0
1595.8,32.14,57.3,0.51,2694.660336662544,1
709.5,20.96,52.63,0.491,2849.632106152166,0
744.9,35.55,41.53,0.494,3529.9814184886936,1
2030.8,12.13,60.79,0.446,3153.7914734969654,1
4912.3,19.46,69.23,0.252,2427.086642890385,0
870.9,17.29,67.84,0.785,3062.653477802452,0
2057.4,23.88,39.16,0.364,2631.1529282524752,1
271.8,23.44,55.42,0.528,4951.7857896682735,0
2434.0,57.38,81.02,0.608,4138.546695046896,1
1502.0,25.14,38.14,0.363,2684.950757857667,0
593.3,24.27,71.52,0.521,2345.588425307244,0
1508.2,18.99,63.39,0.761,2372.2456087086107,1
1392.8,22.74,81.17,0.494,4569.526437774584,0
293.8,20.41,37.88,0.657,2289.870212253673,1
2267.2,48.41,51.67,0.56,3604.8518860707536,1
283.5,28.6,85.67,0.613,2161.363707206474,0
2247.3,15.78,73.87,0.772,2803.096111378516,0
849.0,7.48,76.95,0.437,2890.431049988019,0
1569.6,21.43,47.92,0.683,5255.269175181248,0
1872.3,21.08,53.56,0.377,2740.3355173497903,0
2255.0,21.47,81.02,0.884,2267.9592743538456,0
501.8,7.9,22.34,0.678,4105.496650777814,0
3125.6,20.43,5.0,0.415,2245.7276644912627,1
568.5,13.83,70.37,0.679,2668.0610213432287,0
1137.2,13.18,65.45,0.694,2787.6146336771144,0
378.7,27.71,53.37,0.267,3483.1424873643487,1
451.9,15.59,40.18,0.623,2857.728035153727,1
802.5,32.86,56.46,0.279,1778.145426531118,1
1669.9,27.13,36.93,0.442,2258.42952208586,1
572.7,3.54,65.04,0.496,2338.9842783198023,0
2413.2,20.34,27.27,0.546,2531.770154086908,0
234.0,13.23,17.7,0.676,1939.5804663300976,1
2337.4,6.65,29.69,0.602,2259.7917331188346,0
1010.8,12.76,36.39,0.59,2047.102099494084,0
1216.5,13.6,65.29,0.328,1946.6229279168049,1
1934.8,49.54,64.71,0.449,2401.6178589930187,1
3388.1,8.71,90.74,0.718,2594.8459912840094,0
805.8,25.83,55.0,0.675,2656.61925805481,1
1710.6,9.67,63.27,0.907,2855.512703248613,0
679.8,24.86,75.8,0.695,2504.9611838180726,0
2165.7,23.27,39.84,0.558,2310.326019627243,1
1307.3,23.09,61.98,0.606,2618.130064715546,1
728.6,25.39,20.03,0.851,2369.8734736900583,1
1810.2,14.71,37.01,0.887,2654.6796086789627,0
4109.8,13.14,17.86,0.773,3209.388660515751,1
212.6,4.14,24.57,0.428,2278.052485964434,0
3775.9,21.32,74.53,0.554,2363.2717841420163,0
764.0,18.35,68.16,0.618,2426.0087117345306,0
1295.5,17.23,51.38,0.553,2328.663748157237,0
1869.4,16.95,48.51,0.332,2306.3916897791864,0
1746.4,31.58,38.69,0.637,2420.802507707297,0
2457.6,20.98,49.22,0.746,2508.7959292288865,1
1881.7,24.79,80.41,0.76,4196.210769705401,0
354.0,12.6,46.47,0.328,2499.7211504239044,0
3245.9,21.64,53.92,0.754,2684.950757857667,0
375.1,10.99,55.71,0.452,2253.5652839433524,0
1406.9,17.89,44.33,0.81,3897.5439747255928,1
1564.1,40.32,74.38,0.762,2680.75668068328,0
1202.4,24.03,39.71,0.749,2425.8241725198613,1
1507.0,34.64,65.83,0.509,2876.506066759904,1
3051.1,27.27,83.38,0.736,1864.3462217606084,0
871.9,8.17,54.29,0.391,3364.586674763432,0
2552.6,37.13,92.31,0.45,1875.27355558864,0
236.3,22.93,39.4,0.609,4421.357194324396,1
2225.8,25.61,85.87,0.683,2694.616248189545,1
1388.9,21.08,64.79,0.206,1741.2662211799968,0
1295.6,7.59,28.27,0.626,1878.8065724880305,0
1518.3,26.2,44.49,0.547,2326.6424558696326,0
2654.0,17.13,88.03,0.54,2377.2200306127843,0
140.4,9.65,60.26,0.449,2281.089253514076,1
4022.2,22.7,100.0,0.746,2684.950757857667,0
196.2,7.01,53.98,0.348,4347.094530713269,1
1038.2,32.21,59.92,0.82,5480.1757422801375,1
517.2,21.93,33.94,0.414,2403.410465015116,0
480.1,19.87,97.95,0.712,2575.028961092891,0
1170.4,10.27,67.06,0.456,2799.1079508136986,0
1449.4,18.35,50.52,0.493,3128.679759100335,0
127.2,49.61,75.96,0.523,2684.950757857667,1
4027.4,15.94,72.76,0.596,2217.639367020809,0
327.1,25.8,28.64,0.447,2116.3546217563467,1
2209.0,12.46,23.41,0.624,2885.828784218944,0
1379.3,15.58,71.36,0.516,2693.6441201150656,1
928.9,18.89,49.18,0.475,3387.685708805433,1
2482.9,6.06,65.99,0.698,5090.100313337101,0
3641.0,10.09,66.01,0.461,2684.950757857667,0
476.0,16.55,49.71,0.561,2320.229953208209,0
3695.7,25.55,68.67,0.58,3004.088294450131,0
362.2,19.54,92.69,0.592,5233.892742234131,1
1157.4,21.4,49.87,0.643,2750.360621393392,0
842.2,23.71,80.17,0.583,3343.8075251258138,1
1040.9,25.39,30.43,0.429,2442.155012521097,0
848.0,34.95,7.79,0.313,4148.680291307054,0
4749.0,24.01,60.83,0.614,2326.568082592089,0
577.4,2.92,24.47,0.526,2939.1339215277,0
2595.6,57.83,45.56,0.245,2274.786515681742,1
132.7,14.6,55.38,0.527,3200.51463280101,0
2377.7,9.2,52.1,0.651,1595.082384552714,1
1780.9,16.54,66.36,0.522,2617.871402229459,0
1637.4,43.64,29.07,0.748,2816.7033271667333,1
2288.2,8.44,45.06,0.35,6107.005237036274,1
1993.6,19.93,51.55,0.571,2548.829628793382,1
237.9,15.03,53.01,0.652,2684.950757857667,0
4316.1,7.89,26.9,0.453,4368.469864382685,0
655.8,11.61,50.73,0.44,4781.514205882997,1
2358.2,11.51,50.54,0.624,2630.216397672521,0
1418.5,21.75,37.77,0.527,2251.662086047516,0
1301.8,12.24,68.28,0.933,2631.1661946609934,0
2067.5,11.47,41.25,0.632,2397.1139245236377,0
4358.6,12.08,40.1,0.625,2725.437312300078,1
285.7,11.73,48.2,0.477,3418.656502667662,1
4077.7,31.98,41.67,0.513,2605.6921897029924,0
742.8,25.26,42.18,0.646,3419.649593831162,0
1598.8,18.93,68.54,0.534,2412.406676421468,1
1544.5,32.83,91.03,0.562,2473.8843565071143,1
1313.4,6.06,33.19,0.749,3688.252890227361,0
2037.1,48.66,70.54,0.735,2720.586938081356,0
4723.0,17.32,63.25,0.625,2365.221600997601,0
515.1,8.5,12.83,0.587,2715.7019099107256,1
4414.6,8.12,45.72,0.832,4357.960288863623,0
450.7,12.23,38.58,0.792,2484.644156161955,1
1349.9,18.12,67.41,0.48,2512.1859173024704,0
1032.7,14.83,66.96,0.467,2275.2604992315323,0
650.3,38.57,65.25,0.598,2710.57186453075,0
2394.2,13.24,44.36,0.335,2253.6676621637807,1
2184.7,16.63,63.12,0.588,4186.194711475635,0
233.6,6.81,47.6,0.772,2813.889235450957,0
1797.5,23.17,82.7,0.646,6139.343178492396,0
222.6,42.4,75.4,0.178,2748.49640175696,0
1119.2,22.14,77.93,0.501,3390.792259040692,1
728.9,32.75,47.93,0.59,2202.942082562691,0
1428.4,20.85,52.14,0.643,2171.3596059383167,0
2496.1,44.37,42.23,0.245,2194.6870441160963,1
2506.0,13.18,78.04,0.762,2347.6522646260505,1
103.6,14.6,69.81,0.57,2489.5957341879425,0
4371.1,9.35,59.97,0.403,2576.839355038517,0
181.7,7.64,43.52,0.583,2314.449473067528,0
2484.1,35.85,41.41,0.471,2550.3408585376383,0
1065.5,7.08,60.55,0.466,2517.194169054065,1
689.8,4.39,62.32,0.581,4932.063925718787,1
1750.3,8.54,46.72,0.559,2805.857427660715,0
3963.8,10.4,79.46,0.503,2292.1428614034603,0
595.5,26.81,70.78,0.163,2806.9385660419107,1
3252.0,31.58,58.97,0.697,4211.092436648542,1
137.5,34.53,60.88,0.536,2346.3688777155794,0
2124.5,16.57,56.83,0.709,2782.1401688053693,1
636.9,6.63,67.52,0.514,3079.744354658648,0
547.7,14.33,54.33,0.41,3302.002532808824,0
437.6,9.33,31.19,0.427,2110.824554219312,1
1272.0,16.32,76.78,0.324,2194.3898059189632,1
576.6,5.27,44.79,0.493,2963.23033394354,1
4297.9,28.67,56.32,0.688,4540.248635686258,0
316.5,39.44,35.56,0.422,2651.870604522552,1
1905.9,14.03,45.33,0.41,2438.4601510569314,1
583.9,36.8,88.65,0.283,2738.1189855141174,1
1174.4,26.96,43.39,0.611,2658.3707650906126,0
352.0,23.98,39.11,0.468,2738.528045632759,0
4810.6,34.27,52.47,0.737,2375.888861115928,1
489.5,12.91,26.96,0.779,2781.582110766509,0
2818.3,16.01,100.0,0.328,2490.525374299935,1
316.8,21.0,20.52,0.692,1684.3279419818173,0
1164.5,19.57,46.95,0.508,2347.036896043,1
1730.9,11.82,96.2,0.524,2684.950757857667,1
511.2,12.1,28.35,0.601,2791.5580341696755,0
2168.8,21.26,72.65,0.444,3428.811471794848,1
1865.2,28.18,26.4,0.643,2319.2520319461164,0
749.4,9.07,73.32,0.426,2493.952135860764,1
2690.7,34.31,69.29,0.427,2624.114790898122,1
450.8,11.69,77.04,0.635,2523.0210537671305,1
769.1,14.13,65.39,0.647,2731.465829109401,0
647.1,12.58,53.41,0.522,2448.867130561742,0
974.7,19.43,55.86,0.687,3374.3412461382145,1
1780.9,9.11,50.5,0.659,3990.391503820254,0
4932.8,31.12,100.0,0.348,2364.887776426129,1
80.1,26.05,56.17,0.703,2325.214461257477,0
4379.1,13.53,68.71,0.482,2918.276068935871,1
607.7,40.25,48.92,0.579,2187.261134594337,0
902.6,10.17,95.2,0.504,3439.2185644131896,1
1170.6,15.16,48.06,0.95,2566.1247830648963,0
1220.8,24.71,60.73,0.593,2980.654746198158,0
250.1,18.78,37.28,0.622,2284.994801846344,0
750.5,17.38,57.32,0.808,3256.410546712604,1
388.6,11.13,74.3,0.424,3296.5050758611305,0
3690.3,27.61,47.47,0.575,3316.448159192028,1
604.2,4.35,58.06,0.722,4157.362446770599,0
1883.8,37.28,68.76,0.581,4688.296360117346,0
1402.1,18.16,82.42,0.788,2753.059653839206,1
1227.3,15.58,62.62,0.547,2817.389352485657,0
1797.2,41.0,38.89,0.667,2236.2978751095293,1
3170.4,39.52,43.08,0.482,2273.29581711609,1
463.0,21.05,34.37,0.473,2911.624454054363,0
3680.3,5.29,40.4,0.434,1881.7908089922496,0
593.1,9.75,76.32,0.95,2136.371207852744,0
704.0,22.82,76.45,0.719,5730.649110234462,0
1755.8,14.54,50.25,0.89,3765.8466511732345,0
606.3,30.93,15.87,0.781,2529.7679279710965,1
650.0,29.01,37.97,0.544,2532.4514519611967,0
4911.1,14.08,82.82,0.812,3686.803708851985,0
456.8,20.84,34.96,0.604,2335.6396781493345,0
4367.9,24.7,46.98,0.812,2448.7331587017416,0
218.0,23.65,13.65,0.403,2473.1344907589,0
2382.0,26.29,47.12,0.746,2396.082527481838,0
875.9,12.43,18.28,0.59,2361.5241568148863,1
1443.9,14.65,58.78,0.691,2595.08512632714,0
693.6,3.49,56.0,0.658,2940.8114841580414,1
2318.1,2.91,32.06,0.667,2684.950757857667,0
603.3,22.76,37.22,0.396,2299.187101145518,0
4104.1,30.22,31.3,0.463,2697.0031164192856,1
546.4,12.15,69.5,0.457,2345.963310449833,1
873.5,45.04,60.26,0.258,3771.5663282907713,1
1158.5,12.29,70.87,0.439,2414.9878023365213,0
451.3,39.07,40.24,0.41,2335.3734853183264,1
1867.1,16.38,30.94,0.807,3908.5138667112656,0
3081.4,39.39,40.23,0.595,3098.891348932837,1
393.6,49.45,42.74,0.384,3805.502732330556,1
3282.3,60.0,20.11,0.887,1943.5739383467555,1
717.2,8.48,63.86,0.415,2765.6959135996526,1
1266.0,17.86,57.51,0.671,2674.011324286936,0
782.9,22.49,71.35,0.225,2870.897683586304,0
1047.8,12.81,74.09,0.196,3336.952928629832,1
2275.0,5.71,68.34,0.623,2521.662521593777,1
2763.3,26.98,66.12,0.868,3398.0631256363067,0
689.2,8.6,52.87,0.647,2791.7841499245706,1
3143.0,8.36,22.99,0.814,1672.5026655897964,0
539.4,6.76,52.21,0.63,2649.772650826391,0
893.3,21.63,80.43,0.598,2510.906659754676,1
1331.7,8.23,29.87,0.488,2909.267105689061,0
1361.1,52.33,47.76,0.543,2551.308103639804,1
622.7,33.56,43.7,0.529,2164.8406217668844,1
601.9,22.06,46.23,0.427,2716.338147030707,0
148.4,9.73,62.61,0.248,2331.085213567515,1
2374.8,25.48,61.12,0.683,2307.174407001207,1
588.9,13.97,60.01,0.903,2898.763073891891,1
1883.3,18.08,45.06,0.569,3716.0565993020746,0
593.0,14.99,55.79,0.506,2699.499234965875,1
383.6,31.88,69.39,0.825,2184.5809238965103,1
807.7,17.28,80.11,0.686,2879.481541443837,0
2828.8,11.84,45.05,0.568,1862.483527970468,1
752.9,42.76,80.71,0.562,2504.2157797953937,1
2984.5,9.2,35.81,0.504,2273.873916294711,0
386.5,27.2,51.05,0.669,2616.955934773634,0
954.5,13.41,60.4,0.583,4802.45519806528,0
971.3,13.72,34.41,0.884,2684.950757857667,0
707.6,10.04,52.93,0.535,2434.310357113475,0
456.8,14.05,60.82,0.861,2681.3678932569583,0
4092.4,24.08,19.93,0.343,2499.043702641743,1
637.5,3.61,43.25,0.604,2500.720846700784,0
3213.7,40.01,34.26,0.698,2823.8754524219144,0
175.8,16.38,34.01,0.572,2243.218712461554,0
1589.9,18.15,91.66,0.425,3883.646081249178,0
1266.5,10.36,19.5,0.641,2488.4781201268697,1
324.1,21.91,52.15,0.695,2672.137085968505,0
1294.9,37.92,59.9,0.912,2766.679222361611,1
4220.8,2.68,47.98,0.212,2686.3918675927307,0
735.1,1.96,53.13,0.836,2479.927354973392,0
2126.8,21.4,38.8,0.584,2317.1825859992546,1
56.0,26.46,50.19,0.789,4846.477840182789,1
2096.8,27.65,56.8,0.725,2743.630364117005,0
1472.6,13.59,62.63,0.581,2618.8886716924703,0
1247.7,43.21,59.85,0.692,2768.4495559224288,1
2243.0,22.41,66.81,0.292,2432.055987446203,1
2062.5,42.98,39.64,0.331,2514.734916678008,0
571.0,4.37,71.59,0.37,4577.163799808862,0
2369.7,29.56,57.42,0.478,2765.0162818338526,0
642.6,26.24,49.82,0.553,2380.558690262863,1
2308.7,10.35,86.79,0.594,3547.010646827953,0
1679.5,10.5,76.38,0.37,4383.335522372636,0
781.0,10.67,32.55,0.838,4093.430050307461,0
1523.2,17.82,40.25,0.837,2747.3277523493493,0
2228.2,14.51,48.79,0.64,2954.6675593997948,1
830.0,7.44,73.31,0.56,2423.4969642691085,0
3801.8,23.71,61.32,0.377,2357.681247134128,1
353.6,15.75,59.44,0.308,3183.321741400353,0
1323.5,9.05,91.71,0.514,2754.0294971266226,1
354.3,9.84,44.26,0.334,1753.5184661451422,1
1388.5,6.47,87.11,0.486,3068.9507662892843,0
466.9,44.22,31.02,0.426,2660.1032841876563,0
672.5,11.22,39.76,0.53,3495.5443819918105,1
198.5,35.51,38.08,0.479,2293.146881237584,0
2198.7,29.03,63.08,0.712,3402.3955900245574,1
759.5,13.26,44.62,0.79,2173.1940068072768,0
2041.0,25.59,90.92,0.535,2724.080092283697,1
1764.7,37.35,80.01,0.708,2408.9648988674526,1
1791.3,13.96,45.38,0.527,2424.667834615928,0
976.7,15.19,71.99,0.805,4090.1110277175344,1
3272.3,20.52,64.65,0.488,2713.141772745874,1
896.7,26.01,77.56,0.769,2798.796981688375,0
2451.6,27.54,80.08,0.675,4142.994095710088,1
133.6,26.87,41.08,0.526,3054.3664432307496,1
841.6,20.98,57.74,0.812,4954.824199011354,0
845.2,18.04,74.55,0.781,5253.1176871729,0
1512.6,13.09,87.15,0.669,4108.466334378604,1
1485.5,14.85,36.41,0.571,4870.045767950354,1
2410.7,27.85,88.36,0.377,2606.13538553203,1
715.7,56.09,57.08,0.542,3213.361940626071,1
4437.6,48.87,54.2,0.365,2777.635683851785,1
178.5,19.68,20.26,0.516,2239.278175229375,0
1194.1,19.65,43.12,0.667,2376.001900353292,1
1490.7,12.25,21.21,0.375,1938.2968113171785,0
545.1,15.93,37.59,0.511,2425.988027525355,0
2123.1,33.19,54.8,0.853,4147.347658108388,0
2500.8,24.47,36.47,0.815,3168.7812518156893,0
574.4,8.98,23.0,0.612,2524.170960279528,0
2635.9,11.48,36.65,0.547,3358.8272233756875,1
184.7,8.64,92.98,0.677,2260.861641696152,0
1785.5,45.79,28.52,0.769,2863.872613631296,0
1506.1,28.57,65.91,0.833,2713.2975458734186,1
1093.5,13.96,61.04,0.819,2868.5792575174964,0
288.2,29.08,38.47,0.465,2500.0704452642885,1
1946.8,21.41,68.06,0.765,2800.766600238608,0
617.1,19.5,63.18,0.418,3008.4449270255177,1
3151.9,11.8,78.15,0.484,2891.6170608428147,0
130.9,19.52,53.38,0.435,2718.815242914961,0
983.6,60.0,35.85,0.341,2272.4858312412853,1
672.1,19.74,52.79,0.646,2380.413371392616,1
1126.4,23.68,22.92,0.3,2744.9240781535123,1
2148.1,24.1,44.51,0.494,2557.639993575332,0
2581.5,18.29,42.73,0.815,2838.4888452475348,0
854.7,9.13,54.23,0.73,2279.9816999524896,1
2069.6,42.71,32.63,0.54,1941.813588423089,0
634.7,26.33,68.95,0.637,4692.196848032031,1
943.9,21.82,90.82,0.796,2679.5534925869024,0
266.7,11.93,54.83,0.527,2886.711289162924,1
1507.2,31.12,76.18,0.65,2718.8609037363503,1
2214.7,17.53,46.21,0.594,2231.26542178922,1
2176.8,60.0,100.0,0.646,3405.714491375826,1
821.6,13.85,17.78,0.631,3584.3481574903453,1
3910.5,31.06,72.04,0.403,2492.929749579256,1
500.4,37.81,30.7,0.566,3415.96123861912,1
2462.0,18.43,80.2,0.921,2328.6915213387283,0
1494.7,16.04,45.36,0.605,2326.915893669828,0
1070.1,53.12,77.33,0.654,2388.093002782964,0
1648.7,26.99,73.47,0.903,2384.726107627116,1
1685.7,42.43,42.81,0.412,3605.004582377382,1
687.8,17.48,65.84,0.685,3198.7292228099777,1
3988.4,17.96,51.86,0.723,2782.766721660975,0
417.8,5.51,68.94,0.643,2684.950757857667,0
1598.3,22.23,66.9,0.417,3288.2521436196607,1
995.0,55.79,81.14,0.599,3280.4210207954206,1
593.9,16.32,61.17,0.457,3473.899854418657,0
766.4,60.0,56.44,0.541,5314.842662468524,0
4406.9,17.41,36.41,0.591,1969.264275680221,0
834.9,16.16,59.44,0.565,2753.723701945107,1
3299.4,19.89,24.66,0.245,4094.387756711784,1
729.0,22.19,34.8,0.417,2039.3426498609635,0
1773.5,35.85,56.19,0.47,3162.596895777117,0
368.2,21.7,78.17,0.651,3397.114635685277,0
1440.2,22.67,67.26,0.479,2201.124013634421,0
2156.5,27.55,45.43,0.568,2477.0067188137573,0
4535.4,22.7,57.64,0.61,2390.1324073823903,0
727.2,33.54,46.62,0.278,3286.534136106906,1
4343.3,25.55,58.38,0.535,2253.2064555498687,0
791.7,4.12,61.39,-0.023,2422.6455357505824,1
2463.7,10.05,71.79,0.155,3713.824049413423,1
1742.8,16.81,21.09,0.553,2799.246594514509,1
1602.6,39.24,43.68,0.617,2794.3418090963028,0
791.1,9.68,66.76,0.292,4761.963769459399,0
2855.2,11.88,46.28,0.375,2083.989548107631,1
669.1,27.74,67.87,0.691,2434.1734984728846,1
4392.3,34.08,61.58,0.349,2899.403808623451,0
77.9,25.27,61.94,0.514,3112.733936661524,1
1944.7,18.77,47.8,0.281,2544.5471832042745,0
1521.0,24.95,56.75,0.581,2684.950757857667,0
1486.9,58.61,77.34,0.293,2806.122512019981,0
1980.8,37.28,33.22,0.471,3640.722505023604,1
2671.0,24.43,49.36,0.636,2220.63005078396,0
218.2,8.02,81.47,0.376,2180.3611805699884,1
3598.1,9.4,68.6,0.714,2701.2417065134377,0
103.8,10.45,7.05,0.913,4501.419831485035,1
824.3,33.51,71.22,0.496,3135.4434756397145,1
302.9,17.64,47.58,0.678,3511.3832521053296,1
1122.2,32.11,35.75,0.468,4243.9917084971175,0
1999.2,15.4,18.15,0.389,2358.2714569773884,0
3128.0,10.64,38.84,0.317,3298.2993339408395,0
327.9,13.98,33.96,0.525,3667.265216446736,1
2668.2,23.89,43.47,0.6,2654.341501505931,1
270.4,13.79,98.36,0.511,3215.928455067348,1
2176.5,18.23,44.58,0.34,3330.725583698147,0
1588.4,15.23,37.07,0.423,3312.7029222355523,0
879.6,34.17,27.53,0.636,4103.838609544787,0
650.0,22.98,60.49,0.774,2392.6141947982683,0
3562.6,13.13,68.44,0.509,2684.950757857667,1
848.4,8.74,52.81,0.592,2555.4848089203206,0
1783.7,33.19,44.23,0.736,2408.419674320105,1
531.3,42.66,88.1,0.685,2661.870636974614,0
1695.3,12.26,36.52,0.453,2287.015673283556,0
826.4,39.9,67.6,0.678,3127.0944168093315,0
1636.7,16.32,79.82,0.602,2678.644767215789,1
1662.3,23.25,37.13,0.753,2963.1354554372388,0
3419.7,27.73,52.37,0.439,2372.3652678518483,1
831.3,31.44,47.7,0.7,2677.213379266249,0
3250.6,49.95,52.86,0.532,2684.950757857667,0
103.6,17.47,55.02,0.565,2388.354799889896,1
776.2,24.03,96.6,0.629,2684.950757857667,0
736.8,20.62,43.87,0.888,2911.388813567828,1
734.1,21.68,52.95,0.634,2250.7823152412257,1
2106.8,33.51,79.57,0.639,2792.129793534364,1
4782.4,42.04,92.46,0.787,6112.081665421062,0
766.3,7.05,44.8,0.442,4448.138084529467,1
3916.6,22.23,51.97,0.875,4887.687124565165,0
402.3,28.41,65.35,0.139,2308.773726985899,0
2027.0,8.94,62.84,0.478,2755.764718767086,0
1283.9,24.57,40.85,0.506,2923.419801833815,1
361.7,13.8,56.35,0.726,4736.979326738127,0
1034.2,26.56,89.14,0.285,2554.014063180539,1
1793.6,33.14,78.94,0.593,2555.731073462835,0
587.0,19.4,31.65,0.65,3395.60124448184,0
1526.8,16.46,55.52,0.384,2785.4952627930707,0
615.3,26.27,69.74,0.5,3577.3831335206046,0
1916.4,60.0,72.87,0.508,5481.889154810192,1
479.3,14.24,43.62,0.755,2667.9384396974024,1
1423.1,30.92,73.18,0.446,2680.759871154708,0
1518.1,46.9,97.68,0.595,1905.4992100525533,0
1087.9,13.11,50.76,0.751,3358.6988079376483,0
44.5,20.11,27.71,0.562,4871.638395897628,0
3765.6,16.79,84.29,0.558,4125.799559954884,0
510.6,15.42,40.59,0.293,2801.7275029403345,0
1952.6,9.1,65.61,0.584,2078.836356546052,0
534.0,11.68,57.33,0.558,2720.748237702499,0
1628.7,26.83,57.76,0.436,2538.662747492192,1
2020.3,19.03,74.58,0.572,4893.255402357498,0
2994.9,30.13,74.68,0.708,3267.6647826284016,0
638.7,8.71,60.29,0.676,2310.371166823574,0
1597.2,37.82,63.27,0.413,2658.751685083052,0
686.5,18.5,47.91,0.428,2651.798121912099,1
1154.7,22.95,47.96,0.323,2556.5808799088936,0
1624.4,12.29,67.04,0.16,2547.642649017376,1
753.7,25.6,51.25,0.53,2683.0383586864086,0
1938.2,10.99,65.54,0.928,2529.1843428131288,0
2737.8,17.41,19.03,0.314,2704.379294449456,0
308.0,9.48,46.4,0.38,3237.173072747325,0
2738.4,36.33,13.19,0.463,2916.1057547533624,1
482.8,3.96,28.02,0.481,5304.238836598552,1
720.8,22.01,69.49,0.491,2785.453169440168,1
1572.1,28.74,34.35,0.591,2779.196947515242,1
1536.2,47.34,66.84,0.923,2264.7241170909183,1
1594.6,12.22,68.66,0.754,4866.627071924226,1
3897.7,37.74,85.2,0.646,2684.950757857667,1
62.5,16.72,73.9,0.443,2464.150213119741,0
3908.0,28.99,46.56,0.506,2280.5523105551374,0
418.9,7.37,54.47,0.61,2271.625946593862,1
2371.3,28.88,83.09,0.862,2732.103231420909,0
1292.8,26.64,42.6,0.584,3033.934242885876,1
1053.9,21.67,62.56,0.427,2748.4594783705907,0
2026.9,12.68,85.09,0.586,2456.98032652728,1
1561.8,18.32,48.9,0.671,3789.3261235271,1
221.9,3.91,57.46,0.907,2346.5678894753582,1
4270.6,9.63,82.64,0.736,2156.085017058503,1
273.5,8.39,71.6,0.415,2684.950757857667,0
1616.4,28.51,54.53,0.114,3320.8785310839025,1
1642.8,6.4,47.05,0.538,2665.325630275859,0
1105.4,29.57,29.33,0.613,2539.061436312036,0
2389.4,28.33,35.99,0.519,2401.0868313041656,0
3467.7,23.55,44.21,0.368,5275.956389369107,1
251.9,14.89,57.6,0.593,4785.325331927623,1
3282.0,15.74,56.47,0.21,3216.115953553905,0
376.7,16.06,50.87,0.84,2163.0782909462523,0
2378.8,26.35,37.11,0.701,4590.076915840354,0
211.0,47.02,44.54,0.401,2205.2020546985136,1
866.6,25.0,80.86,0.525,4155.767878787608,0
826.1,28.37,36.14,0.535,2450.089696177987,1
3459.8,9.32,58.62,0.764,3984.944333753556,1
882.5,11.26,13.51,0.725,2313.6796193922714,0
1724.5,16.75,42.29,0.515,3151.187161956154,1
166.5,36.71,61.27,0.477,6133.509663036059,1
812.7,17.45,74.73,0.466,4369.447661827869,1
363.1,12.67,71.69,0.724,2835.5906596174545,1
1047.4,38.83,47.89,0.149,2741.3871272043607,0
300.6,36.11,31.87,0.443,4474.127694732734,1
3138.5,25.67,62.66,0.348,2179.285065360294,0
884.5,9.52,47.78,0.721,2278.650402382332,0
2654.8,25.69,43.94,0.529,1976.7454758873484,0
362.2,17.23,35.22,0.725,2995.116258284105,1
871.9,14.69,40.62,0.351,2152.6828281875987,0
565.7,19.66,65.89,0.931,3200.283576313771,0
1665.3,13.75,51.07,0.95,4343.390358133643,0
2021.3,11.77,30.19,0.176,2180.277091929226,0
4402.5,37.7,60.88,0.608,2238.644308456717,1
872.8,35.82,77.31,0.904,3064.293151650061,1
3055.8,20.75,65.34,0.286,2198.525323746372,1
764.2,10.4,64.01,0.275,2607.676561826254,0
2204.7,10.16,55.97,0.673,2209.533921072729,1
747.2,14.0,100.0,0.429,3373.44369309518,1
1618.0,21.04,73.86,0.722,3604.840109389542,1
321.6,5.09,41.73,0.445,2247.758858123074,1
4083.7,13.76,8.1,0.534,4682.59829953265,1
720.1,9.66,49.75,0.56,1933.9970768806083,0
2835.0,29.9,43.1,0.547,3778.7184069458895,0
568.0,22.6,44.42,0.758,2286.676113310846,0
801.5,15.89,53.69,0.746,3493.810474852868,0
1594.9,12.38,67.9,0.581,1749.8892864465993,0
1005.7,23.0,51.94,0.51,5257.823331135754,0
1648.9,2.59,97.25,0.616,2674.1711010875547,0
640.3,12.74,18.23,0.95,2338.792975974985,1
518.6,23.8,34.06,0.407,2758.652557898165,0
1766.5,9.97,67.33,0.626,4904.091851267571,1
641.9,27.56,63.85,0.792,2578.913910763409,0
1269.1,22.81,53.98,0.577,2667.680726373952,0
299.4,18.65,45.11,0.74,2623.8169487057885,1
847.3,17.52,81.27,0.54,3365.145272010589,0
251.3,41.44,32.98,0.734,2654.679452289865,1
4826.6,15.81,52.65,0.718,2472.0897687413817,1
729.8,12.63,65.21,0.508,1654.479347423735,1
1595.6,25.35,67.9,0.751,2270.849250793838,0
329.7,20.07,63.94,0.497,2561.073183219656,1
1353.9,41.09,64.49,0.562,2211.56125810438,0
522.4,10.8,37.33,0.681,2778.403017475786,0
975.1,30.0,39.62,0.87,3813.522495702172,0
1835.7,21.23,50.84,0.226,2375.690791557533,0
1817.2,22.24,46.53,0.733,2521.9075630866128,0
215.9,30.02,89.55,0.8,2684.950757857667,1
1664.2,20.28,5.0,0.452,2659.475865070855,0
635.0,11.68,18.77,0.583,2364.342907240343,1
1853.7,26.78,100.0,0.709,2288.6528288035533,1
465.1,10.88,82.95,0.69,2126.8560266094214,0
505.6,18.6,26.92,0.425,3479.994292166832,0
281.4,57.91,47.55,0.593,2978.2662426298216,1
2304.8,15.01,52.39,0.499,2642.478994222693,1
177.8,9.64,95.97,0.651,3410.7451235550448,1
1817.7,17.99,75.44,0.681,2690.6038438056376,0
474.9,33.96,58.16,0.541,2269.215917508402,1
2127.3,10.64,53.15,0.54,2783.315158516228,0
1279.3,17.13,62.76,0.842,2614.361128118981,0
1182.0,25.01,70.94,0.679,2255.942347483667,0
1118.8,25.86,54.78,0.583,2469.3010556243025,1
4098.7,43.9,70.11,0.385,2276.1002534029217,0
152.7,9.8,62.18,0.375,3342.609295724459,0
2673.0,34.05,46.18,0.453,2303.332500890753,0
795.0,17.07,43.02,0.427,3153.802665869797,1
1177.0,25.16,29.05,0.771,2758.2350267104666,0
653.0,14.4,59.74,0.522,2823.530728829446,1
1187.0,16.05,79.23,0.331,2498.365310694004,0
1210.9,14.2,53.71,0.569,2664.2570957542102,1
604.9,49.2,79.71,0.465,2352.432477570113,1
320.2,11.96,34.75,0.762,2483.589684015718,0
3183.0,4.95,27.23,0.704,2579.463168124765,1
280.8,14.44,67.8,0.5,2564.100013227481,0
1496.3,22.73,50.68,0.386,1879.875819859636,1
1552.4,15.71,74.67,0.779,2685.433356472736,0
814.3,20.29,45.72,0.95,1996.863949768276,0
1214.9,51.71,37.22,0.42,1990.470030361548,1
3209.5,9.9,20.5,0.294,2573.0632501747014,1
554.6,6.35,95.23,0.758,2770.7977550390347,0
2325.5,23.62,46.88,0.604,3043.7244847674565,1
709.7,7.79,79.85,0.608,2480.2245662907785,0
2423.0,23.82,70.07,0.213,2245.6582354646434,0
1249.3,15.46,71.0,0.41,2762.095936249608,1
1578.1,18.71,77.15,0.606,2639.4288097072063,1
2234.2,20.55,18.98,0.63,2919.460023666811,1
4640.9,4.83,64.09,0.95,2238.620574765366,0
760.9,15.25,61.58,0.835,2620.115579185175,0
2855.0,26.16,69.19,0.732,2257.3213489373784,0
252.5,17.78,30.63,0.197,2489.358555075532,0
1784.8,9.49,44.78,0.748,2980.0396104843594,0
532.4,19.08,86.48,0.559,3196.1615888284946,0
1248.1,20.2,84.67,0.574,2362.53500445263,1
1526.6,13.37,57.49,0.871,1948.4542834080507,0
3624.7,28.07,52.08,0.578,6138.524977294692,1
498.2,7.74,43.92,0.567,2208.906792886627,1
2637.7,26.15,18.71,0.398,2370.123238422563,1
505.8,34.64,50.12,0.75,5245.098949174563,1
2233.3,17.06,52.68,0.626,2951.504640233924,1
1041.8,15.27,56.16,0.743,2322.7621746304303,1
359.8,15.68,60.38,0.378,3886.7726043765374,1
310.0,19.89,45.6,0.88,2384.2066139998988,0
1869.6,17.66,59.37,0.746,3519.414687478923,1
230.5,24.25,31.46,0.542,4889.85024083471,1
4250.6,31.45,44.73,0.694,2343.44120318868,1
120.6,7.12,42.6,0.712,1982.242639366364,0
1038.9,21.12,24.1,0.877,4070.609583448207,1
1439.4,10.94,53.54,0.535,3430.9446649892648,1
1338.8,17.85,73.24,0.539,2419.1939131386266,0
611.2,40.0,72.13,0.395,4810.632568510203,1
3039.5,13.17,62.24,0.95,2355.442214901852,0
224.0,26.03,55.15,0.404,2609.1906635578885,0
2395.8,19.18,45.22,0.567,2636.33161901027,1
317.5,3.67,61.89,0.621,2723.130894872427,1
1723.3,16.7,32.29,0.378,2365.361307555037,1
1481.7,17.11,65.91,0.83,3702.046856264672,0
1686.3,28.82,49.7,0.95,2690.571182442596,1
808.6,32.73,57.94,0.431,2945.019031347869,1
2174.7,29.75,41.59,0.488,2178.8754610023425,0
872.7,41.65,73.61,0.95,2666.664314111252,0
1673.7,32.17,64.57,0.452,4376.559525582913,0
197.1,1.24,18.98,0.273,4196.710173263325,0
1829.0,36.13,67.45,0.502,2700.771862966684,1
1567.8,12.33,36.73,0.7,2163.6259741342164,0
396.8,7.33,67.02,0.454,2667.362392438528,1
1649.1,32.06,76.33,0.229,2763.8715704174224,1
618.3,30.34,93.15,0.649,2672.5563032151827,0
177.2,7.34,54.17,0.761,2563.173891261229,0
3650.0,12.37,62.17,0.465,2528.93953044232,1
124.9,31.1,55.73,0.542,5288.300406436583,1
726.8,42.41,39.06,0.677,1736.0037985397748,1
1215.2,16.73,56.06,0.467,2671.3106587595903,1
902.9,16.7,42.65,0.39,2508.8703259051786,0
745.5,13.79,54.57,0.232,3958.393814634815,0
1909.5,14.79,30.61,0.513,2852.5438574723366,0
137.4,14.6,66.31,0.472,4864.121788221885,1
3200.0,11.76,59.74,0.699,2759.047177022408,0
536.0,32.23,52.88,0.422,3433.2964338885367,1
972.8,13.35,54.59,0.613,2108.143416578128,0
1655.4,10.99,79.47,0.666,3045.056283486423,1
1495.2,22.42,59.17,0.464,2282.143988755278,1
2500.0,21.97,60.66,0.66,2809.359640285973,1
2632.3,26.43,61.35,0.705,2489.6146179968714,0
889.3,13.45,44.45,0.533,2483.397936626462,0
4396.8,12.71,7.31,0.545,2885.014687565574,0
66.2,21.07,84.1,0.694,2342.5433612746656,0
1446.1,7.44,62.79,0.728,3417.5246941093314,1
479.2,10.99,70.02,0.703,2482.1700275358976,1
551.1,24.76,69.53,0.666,2767.024723193209,1
1174.5,14.9,49.37,0.475,2638.6903986276147,1
4901.7,21.95,30.31,0.95,3491.6666320705885,1
57.3,5.16,15.31,0.393,4191.768135408263,0
3446.3,19.75,48.51,0.517,3379.944752751857,1
728.4,11.86,63.28,0.491,3790.062128536909,1
1662.5,14.36,5.0,0.655,5465.556228669196,0
1798.4,16.37,44.46,0.778,4315.88550165394,0
1652.2,18.71,41.42,0.436,4177.071315067184,0
2023.3,11.61,95.19,0.513,2662.882927273319,0
554.5,10.69,78.84,0.539,2386.030937827385,1
576.6,7.36,70.16,0.924,4360.060042009501,1
2584.4,6.65,5.0,0.51,2301.225681619428,1
222.3,1.77,67.49,0.427,2594.9489235397896,0
1355.5,17.26,67.66,0.765,3320.5193492532244,1
808.5,50.71,29.23,0.538,2541.9863287838743,0
1689.5,47.03,71.19,0.656,4797.999888945322,0
1751.7,11.83,34.87,0.522,5304.757554672439,0
2754.0,18.09,38.67,0.234,2184.033342401561,0
36.5,60.0,57.23,0.588,1680.717946894922,1
2939.8,8.39,35.63,0.697,2360.659606279092,1
168.6,2.43,29.62,0.466,2312.6038664755065,0
1819.2,13.61,62.14,0.59,2434.195851045938,0
1084.6,11.65,49.75,0.563,2174.144457610228,1
1586.0,15.03,32.9,0.511,2684.950757857667,0
1172.5,16.94,74.99,0.673,2191.091706935858,1
1400.0,13.56,31.85,0.549,2201.340398274137,0
851.4,5.47,36.43,0.833,2668.998358248496,0
3077.6,10.23,63.99,0.793,4909.53109482705,0
69.1,30.68,53.5,0.89,5279.996152399187,0
886.5,27.69,56.22,0.806,2789.038217567357,1
322.4,14.86,61.98,0.762,2551.6727185621894,0
542.4,24.09,57.3,0.421,3890.474260368188,1
1181.3,33.53,87.2,0.709,2684.950757857667,0
4731.6,20.61,100.0,0.707,2484.038430604561,1
530.1,37.4,8.34,0.563,2304.517003210435,1
3319.2,23.73,81.43,0.478,2494.8810165649625,0
61.8,5.79,61.21,0.654,2656.944696353463,0
1056.1,37.52,55.9,0.397,2460.076225317448,1
473.5,16.13,16.75,0.876,2722.8388997302363,0
1002.6,33.68,90.63,0.281,2874.717811529546,1
1310.6,11.74,29.12,0.264,2895.5689902922786,0
4322.8,60.0,78.35,0.344,2742.769687478936,1
660.1,4.04,51.91,0.64,2549.722560987214,0
3682.3,3.29,59.29,0.434,4794.571489590168,0
505.0,14.76,18.43,0.613,5270.072248119325,0
1549.4,60.0,25.89,0.517,2607.058897426738,1
1047.0,23.64,84.08,0.467,2538.282488276865,0
905.8,16.8,54.25,0.723,3914.617926993834,1
1623.4,28.9,95.11,0.725,3901.878510232274,0
1310.8,29.72,65.57,0.789,2409.906045554876,1
780.3,11.5,28.93,0.925,2907.5283184170435,0
2186.6,4.7,95.2,0.283,2419.4893617544485,1
181.2,5.6,63.1,0.517,2668.3860290054527,1
764.3,9.86,95.66,0.634,2197.5953393203667,1
1812.4,31.92,46.68,0.265,3333.1992591557714,1
609.3,9.79,61.87,0.327,2397.137065190435,0
1083.7,10.24,39.61,0.742,2601.5599475556987,1
4031.5,53.92,37.6,0.95,2251.2703303717285,0
149.8,12.02,55.43,0.645,4924.136588969363,1
4175.3,14.84,97.44,0.759,1964.341727439744,1
764.2,13.01,56.79,0.612,2708.8052430016505,1
1621.9,8.5,64.77,0.536,2800.371229334853,1
905.8,21.55,82.23,0.4,2864.608588880952,0
1202.6,14.68,42.44,0.713,2868.1683488959297,0
2373.8,60.0,87.34,0.478,2463.948853474026,1
3927.1,20.59,58.58,0.564,3816.943239046021,0
730.1,16.72,58.05,0.59,2414.65056031977,0
2754.1,10.64,40.29,0.535,2307.2201529681493,1
746.8,49.16,58.49,0.383,3304.917070574241,1
1172.3,9.46,67.54,0.662,1978.3153365430403,1
1883.8,22.41,82.36,0.607,2547.2212473017457,0
518.8,30.39,91.05,0.596,2770.131108799801,1
1790.4,8.12,20.95,0.579,2682.519561629176,0
4438.8,12.4,72.48,0.609,2720.7595817721217,0
656.7,5.68,63.21,0.272,2820.183773392698,0
2430.6,60.0,97.86,0.517,6346.281697382439,1
204.9,1.23,47.15,0.822,2486.5555398217343,0
1666.8,8.43,65.97,0.642,2918.2062625110484,1
438.6,60.0,63.69,0.047,4194.496079083193,1
1111.1,27.75,57.35,0.331,2247.9642023073216,0
1493.7,25.86,35.64,0.724,2836.510818812472,1
2068.9,22.07,20.51,0.667,5212.860517397983,0
293.4,30.74,53.93,0.427,4901.673458766733,0
2708.1,11.93,86.82,0.419,2038.7816673371417,1
702.2,21.4,54.12,0.201,3693.436371792592,1
1829.2,10.25,39.97,0.559,3065.292622177012,0
1728.9,13.06,21.5,0.441,1859.7841183129408,0
969.9,46.33,72.4,0.382,2730.3088696970617,1
2495.9,17.23,40.61,0.441,2766.3050355770392,0
649.6,6.25,62.33,0.503,1821.89578033418,1
463.1,8.84,39.37,0.433,2365.3015554272183,0
1612.8,46.36,69.44,0.509,2172.3929498376283,1
694.9,60.0,88.99,0.497,3337.945665036214,0
2153.9,21.13,34.84,0.719,3484.468252968483,1
538.6,27.38,41.2,0.747,2230.066418066796,1
957.7,32.04,60.11,0.468,2162.334082175977,0
1414.9,10.43,58.67,0.449,4132.827444001357,1
2725.1,15.66,41.96,0.573,2446.1389757858983,1
68.1,14.37,67.58,0.775,3797.380610611036,0
3183.6,6.71,38.93,0.66,2310.3799995696304,0
493.2,8.43,53.38,0.633,2803.4396865716853,1
1822.2,11.2,29.18,0.397,2475.8799400982057,1
1829.4,14.88,48.81,0.388,2612.8516460634696,0
1553.0,13.93,63.4,0.13,2610.1864886451813,1
1063.1,12.92,51.84,0.549,2731.6751193797263,0
4878.6,19.08,58.1,0.459,2235.794416584259,1
793.6,7.21,47.7,0.199,1925.2304489467704,1
2228.7,10.85,62.98,0.809,2274.8048462198467,0
273.1,9.03,36.04,0.409,2582.30383094503,1
1094.1,26.62,67.38,0.574,2226.908889076181,0
447.9,13.18,49.47,0.862,2667.8725170025346,1
1163.7,20.14,55.5,0.554,4675.451770814067,1
1997.4,26.17,99.13,0.861,2285.596591042669,1
1977.8,19.85,26.75,0.56,2795.141231536741,0
399.8,25.18,66.63,0.831,2772.618921163782,0
2885.1,9.45,58.32,0.602,2594.5484181557867,1
203.6,15.87,48.44,0.512,3051.1077039425163,0
2164.1,48.99,54.51,0.669,3074.6212852051563,1
925.4,20.98,64.58,0.434,2420.007461580861,0
1520.1,43.7,48.32,0.533,1858.3379515412385,0
1050.1,11.85,99.33,0.753,2189.196521696555,0
3273.0,18.75,69.86,0.575,3297.4071231758217,0
157.8,18.83,42.66,0.461,2534.528423064966,1
1917.6,35.49,67.48,0.557,4381.802405653801,0
357.5,9.98,33.31,0.56,4315.465890896816,0
1819.1,11.91,49.32,0.243,3390.6069849592013,1
1841.5,12.53,86.42,0.483,4855.096102291117,1
594.8,22.05,50.22,0.224,3788.961008460383,1
1731.8,41.25,9.92,0.581,2208.63113335102,1
2800.1,36.02,31.23,0.547,2498.114424809632,0
472.3,6.35,55.91,0.703,2484.6804491689127,0
4227.0,26.83,76.95,0.298,2566.4388247621687,1
80.0,18.63,54.86,0.662,4222.618974352768,0
1943.7,12.07,47.08,0.745,4084.446370953498,0
1228.3,24.37,61.15,0.871,2386.895950669446,0
922.5,42.54,42.6,0.941,4139.704646894262,0
1412.0,15.08,56.8,0.643,2035.3934879212973,1
1087.3,23.78,67.57,0.434,3483.6565911621456,0
54.7,34.53,80.6,0.701,1892.09820297171,1
2506.6,30.43,69.79,0.631,2404.6097372741333,0
320.0,1.89,59.66,0.65,2184.823362489675,0
844.0,34.09,42.14,0.629,2843.0354210129603,1
1483.6,41.48,52.94,0.573,2508.361244803421,1
1067.1,44.24,61.9,0.832,2082.843524774759,1
514.8,21.45,51.22,0.517,2223.422121971233,0
1634.9,38.37,61.71,0.886,2991.7700697198,1
205.4,15.64,26.2,0.241,3306.458884225071,0
2886.1,21.79,37.72,0.603,1648.0932602230607,0
431.4,12.67,71.63,0.409,2000.129635152396,0
1222.1,12.97,68.51,0.595,1927.810254195927,0
912.0,24.5,64.37,0.448,2568.907241507635,1
309.5,7.03,61.04,0.524,2724.025199742814,0
1225.3,21.19,60.04,0.767,2636.9428271944266,0
3315.7,15.36,46.27,0.716,2673.937276000312,1
157.4,9.27,75.19,0.354,2249.184093365064,0
3570.0,13.46,77.59,0.418,2201.3706666338408,1
585.7,16.13,63.03,0.566,2357.102445644656,0
1690.2,14.18,44.5,0.68,2218.9149709041194,0
336.7,5.43,71.9,0.411,4190.625663764127,1
494.2,43.51,57.46,0.546,3154.132372135098,1
1441.0,7.87,62.37,0.524,4120.892488264575,0
2443.3,22.34,93.95,0.464,2356.0082393178923,1
297.4,8.53,55.3,0.6,1928.1011220696373,0
1976.8,46.03,19.83,0.831,2664.336894521868,1
237.5,4.65,84.92,0.565,2967.915005126303,1
2094.9,44.89,79.29,0.826,2286.341594458659,0
1756.8,60.0,50.18,0.42,2285.476847063147,1
536.7,7.17,68.85,0.604,2201.8433794624484,1
1789.2,20.09,42.74,0.394,2083.9235818553225,0
3817.4,28.66,49.13,0.583,2786.249366960684,1
319.1,8.14,46.67,0.56,4323.7080248951925,0
2830.1,17.75,69.21,0.345,2795.682438491373,0
514.8,17.5,73.36,0.385,2425.660023792475,0
2191.3,22.25,68.17,0.661,4787.448751385631,1
1779.2,23.98,36.36,0.392,4930.469592237961,1
827.5,14.78,52.97,0.35,2814.914315202198,0
2471.7,10.09,51.97,0.336,2693.5196659159574,0
4014.4,60.0,21.71,0.689,2684.950757857667,0
897.5,13.59,67.99,0.709,3197.669678974982,1
3735.1,18.27,20.25,0.439,2528.83951146097,1
129.0,37.81,48.85,0.614,2828.6823651121736,1
1022.4,60.0,72.11,0.658,1755.5715587552547,1
599.6,24.76,53.22,0.595,2510.306471768958,0
1640.8,17.72,37.62,0.781,2462.5162705313464,0
1944.1,9.2,44.17,0.882,4954.047039558161,0
4860.1,10.29,82.77,0.368,2646.829013801053,0
135.7,4.39,40.21,0.64,5529.51147072938,0
3539.1,25.1,12.4,0.841,5672.540385767915,1
208.2,15.2,69.13,0.636,2169.224463829837,1
1575.1,24.43,34.46,0.446,3496.145841421191,1
725.8,6.01,40.59,0.433,2700.843953245491,1
912.6,18.41,58.56,0.531,2399.2277121312045,0
773.9,23.53,32.52,0.621,2308.6448340120987,0
2181.1,13.38,45.15,0.622,2720.974795452973,1
235.7,24.93,16.21,0.751,3356.233942910804,0
1798.8,15.58,34.62,0.434,3075.2381188938834,0
579.5,32.78,45.92,0.66,2148.9996340469406,1
1604.1,14.26,62.67,0.594,3510.8142577171066,1
1190.9,17.31,35.97,0.783,2020.3703740356584,0
1617.7,7.25,66.7,0.593,2275.1523477773653,0
1504.4,14.57,64.85,0.422,4127.638034612553,1
3280.8,58.93,32.19,0.635,3047.1858431006035,1
771.2,20.61,56.88,0.486,4853.571202806573,0
2065.1,23.51,67.32,0.551,2473.636176382538,1
671.1,57.22,26.58,0.581,2759.977769368794,1
914.7,9.96,56.69,0.706,2215.262304730186,0
1026.6,10.1,32.34,0.487,2831.2906017064875,0
865.8,11.97,74.41,0.753,2768.5509825537183,1
1812.5,20.44,81.83,0.95,3273.3843088870044,1
667.4,29.21,100.0,0.576,2223.2539689573646,0
541.9,13.08,40.12,0.62,2844.0830955050183,1
4192.4,42.18,47.0,0.564,2256.6346517424618,0
310.8,32.48,35.03,0.313,2430.3266566606844,1
2427.8,54.61,38.03,0.495,2961.1856892927067,1
799.6,17.35,73.17,0.654,2977.0328075696734,1
1576.6,26.97,43.91,0.904,3802.0483436399327,0
2187.9,31.92,63.7,0.319,4578.204970955943,1
2603.1,33.87,79.02,0.405,2253.92851184558,1
800.9,11.42,61.05,0.388,2463.7448026479315,0
4118.9,25.73,39.17,0.95,2560.024354915522,1
110.6,19.59,81.44,0.874,2392.707498950268,0
1496.7,21.17,65.76,0.718,1705.356652178269,1
664.8,8.83,37.11,0.589,2744.2928685350844,0
1269.7,13.67,15.88,0.709,2707.9010963579617,1
2160.4,19.61,40.35,0.617,4687.912999689501,0
2756.6,32.15,29.41,0.351,2386.170882962292,0
165.4,12.39,29.51,0.488,2550.0199893275208,1
3203.8,20.5,65.78,0.377,3914.798676165943,1
795.3,7.1,63.5,0.514,3771.9121793727086,0
1567.9,39.32,52.42,0.639,2512.4401767114623,0
450.2,45.49,44.21,0.444,2710.955887822216,0
882.4,35.65,36.93,0.685,4822.033689704818,0
2066.2,19.78,84.17,0.417,2255.8355753793635,1
2704.8,50.72,22.44,0.613,3709.724475726916,0
619.2,8.16,11.6,0.584,3608.1898439242746,0
1879.7,39.42,64.76,0.46,2935.4775707479,0
233.1,10.7,33.66,0.4,2539.804710314342,1
1010.5,9.71,59.74,0.528,3509.4516129771405,0
1363.5,8.81,74.61,0.727,2676.7311918155424,0
1728.2,26.67,44.27,0.729,2516.912730818994,0
2403.6,13.36,52.69,0.179,3498.2719430089514,1
693.2,55.06,43.73,0.431,2395.479982300665,1
273.7,6.64,51.78,0.551,3498.5792596693414,0
1559.7,21.81,89.37,0.709,3332.119382258742,0
402.0,34.61,76.63,0.682,2407.6531582985635,0
1695.9,50.83,50.31,0.325,2684.950757857667,1
1104.2,21.79,67.52,0.713,2274.6929368975666,0
534.6,24.93,59.26,0.878,3243.072694047956,1
2496.1,17.62,81.23,0.155,2386.159873663695,0
556.4,16.26,58.73,0.821,2254.525303128189,1
45.3,11.48,58.02,0.425,2552.4663439723868,0
1725.4,25.07,100.0,0.91,2185.5517921171554,0
544.6,6.06,64.82,0.255,2499.651117401036,1
2260.2,10.5,60.63,0.427,2684.950757857667,0
1314.2,22.99,69.28,0.454,2780.644163426178,1
1687.0,16.95,78.62,0.617,2780.758675811632,1
931.0,14.97,51.41,0.767,2711.242665618529,1
3300.3,18.07,29.22,0.558,3373.796790992627,1
475.0,19.81,49.85,0.235,2968.084251024173,1
1661.1,52.17,46.18,0.781,2259.12399390773,0
793.9,29.31,52.93,0.407,2341.45675541875,0
1837.2,17.1,37.31,0.677,2394.49820205312,1
1419.0,20.43,75.35,0.506,2182.97055287903,1
509.6,14.1,74.76,0.431,2697.210763944924,0
989.2,18.69,40.03,0.383,2308.372504702465,0
3560.6,29.55,58.58,0.697,2836.5182388973103,0
511.7,12.66,35.99,0.689,3280.4488002671187,0
2052.1,24.0,75.48,0.583,2428.359996273405,1
296.7,3.7,50.85,0.201,2201.7720112733705,0
1489.3,23.32,71.6,0.283,2600.9650080734204,1
618.3,29.35,81.41,0.651,1807.8672379998163,0
919.4,22.41,45.17,0.694,3383.763552175488,1
1899.1,22.71,69.35,0.276,2901.37153062416,1
4693.7,12.66,37.0,0.907,2796.665282255834,1
542.3,15.53,68.45,0.759,2256.465146662481,0
3523.0,20.42,62.86,0.607,2185.5909644711533,0
739.1,5.27,70.03,0.393,2488.377656393748,1
1993.9,23.57,77.56,0.919,2389.541144926066,0
772.5,11.58,72.9,0.754,2706.505272477397,0
766.2,15.97,65.07,0.445,3416.8763338966883,0
818.9,13.91,48.39,0.697,4450.091454601771,1
2397.1,30.24,46.05,0.796,4418.721093034212,1
62.7,48.96,59.87,0.389,2626.1861834399806,1
2265.9,10.04,64.1,0.744,2817.544798522751,1
529.3,20.92,90.0,0.495,4885.201659402535,1
2486.1,35.73,68.08,0.78,2562.7683595357594,0
1240.7,24.59,46.88,0.442,2154.803235537361,1
1711.7,33.16,59.9,0.462,3027.5203704532173,0
769.1,11.14,38.91,0.394,2181.83753018306,0
2278.5,12.44,68.42,0.767,3295.743893920505,0
713.1,5.03,55.32,0.133,3292.615965465204,0
3090.8,15.54,40.95,0.566,1836.530632288484,1
464.4,7.97,37.73,0.424,2977.0596492531063,1
1167.7,21.57,59.95,0.246,3085.429379805444,0
344.9,41.01,79.79,0.788,3440.145129783918,0
1657.4,38.45,81.32,0.698,2726.0178300628204,1
885.0,40.55,45.78,0.45,2767.503035398221,0
1640.3,32.53,41.25,0.743,2367.62019682641,1
689.9,18.54,61.0,0.511,2681.688065509112,0
3208.7,23.86,48.33,0.606,1739.3621113541335,1
130.5,9.65,54.81,0.582,2267.2465570872305,0
2377.9,22.58,62.21,0.536,2763.1196823874325,1
691.9,14.04,54.01,0.235,4811.482777797591,0
461.1,36.03,8.4,0.653,3745.9373152070857,1
1029.9,4.24,59.44,0.694,3373.3960385405544,0
1755.7,4.76,59.16,0.243,2504.045815344363,1
73.1,12.77,48.79,0.513,2213.538840711451,1
3682.3,53.46,45.73,0.791,1848.8928130876689,0
511.1,36.88,29.72,0.891,2375.166126456452,0
1594.0,28.53,21.18,0.372,1747.581158783506,1
355.6,36.91,65.15,0.715,2582.340960808576,0
1756.4,55.06,45.28,0.926,2500.6314933477224,1
1215.4,11.15,67.77,0.61,2105.069685730955,1
4302.9,8.09,59.72,0.595,3172.200182995321,1
369.5,4.07,79.05,0.484,2684.950757857667,1
3149.7,25.04,58.24,0.751,2414.1974185735503,1
653.9,15.27,52.84,0.526,2750.6466038888307,1
2026.1,40.01,90.03,0.521,2885.62472291093,1
1110.8,60.0,38.87,0.584,2973.6563011896137,0
850.5,12.0,27.48,0.588,2527.2787850321565,1
1445.0,15.26,39.04,0.656,2358.4107760750803,1
3412.0,12.35,90.27,0.574,4411.052792470941,1
392.6,5.08,20.16,0.487,3740.393093961502,1
3735.9,13.44,53.73,0.292,2976.616620520074,1
219.1,11.17,50.51,0.519,4206.558328700785,0
983.4,8.92,66.57,0.04,2677.7162792534364,0
618.6,9.56,64.08,0.205,3118.535771955915,0
1303.9,15.45,42.25,0.414,2456.982408645152,0
1458.1,10.57,49.09,0.562,2117.693629361065,1
1668.1,33.57,78.11,0.568,2650.9031242519272,1
400.7,31.3,47.18,0.062,3375.743271504536,0
3001.1,8.37,58.92,0.343,2711.419266943088,1
630.3,26.39,81.81,0.942,3044.746816471273,1
2284.4,18.29,49.17,0.462,2489.0281355236184,1
1873.8,9.26,76.44,0.734,2812.078375283361,0
386.3,54.11,53.53,0.642,2455.6056609738976,0
2091.4,18.29,59.86,0.402,3103.4698731366243,0
4138.8,3.67,67.97,0.396,2275.58078335678,0
250.5,18.54,60.31,0.786,2403.249214013325,0
1783.1,15.74,5.0,0.95,2736.715923638641,1
156.4,11.68,55.92,0.753,2278.5827318524366,0
1158.7,26.43,68.1,0.611,4221.720753798599,0
1039.5,17.57,85.52,0.663,2635.2466272816,0
390.0,9.59,34.11,0.442,3208.1652309725714,0
2497.2,21.65,77.35,0.401,2858.3176302000893,1
1090.6,21.26,77.55,0.31,2688.421525476568,1
752.2,21.91,58.0,0.719,2443.000033898236,0
2949.7,17.76,61.65,0.709,2187.383762060312,1
397.2,18.48,59.81,0.586,3308.1378935805765,0
1287.0,15.71,75.24,0.828,2748.621251107192,0
390.3,8.62,65.67,0.857,5049.4505067504415,1
1683.6,3.53,43.4,0.72,3123.1239637645745,1
1299.1,25.4,65.03,0.372,2403.8697943185366,1
1286.6,38.15,82.82,0.453,2780.353040685477,1
590.2,14.85,9.78,0.672,2371.195827877048,0
1865.2,60.0,55.66,0.773,6127.31304345944,1
430.1,19.66,44.88,0.649,2545.6115905154497,1
2083.1,18.94,87.85,0.634,2387.7922752432523,1
664.3,47.9,73.8,0.657,2521.2479721705727,1
1281.0,17.21,53.85,0.569,2530.391146629944,1
2234.1,15.59,48.99,0.53,2911.8577984467943,0
2355.0,28.98,66.61,0.432,2321.170352679642,1
54.6,4.61,63.09,0.95,4213.160496054566,0
3603.5,40.74,55.74,0.822,2737.697325671993,1
346.3,32.91,84.84,0.5,3195.817365847181,1
2123.0,11.01,60.72,0.614,2714.005712560759,1
1110.6,16.54,47.03,0.526,2669.2973498647243,0
665.7,9.72,17.49,0.408,4922.475997492351,1
1096.9,46.57,58.22,0.269,2283.2894340501693,0
2037.8,5.21,80.78,0.424,2491.4101747944705,0
205.6,10.41,56.71,0.661,2437.230207834757,0
3512.4,39.44,21.09,0.861,4339.764593886312,0
472.8,21.12,77.85,0.558,2778.9757141435616,1
2208.4,35.18,40.33,0.335,2539.9526717476087,0
1519.3,8.29,57.01,0.097,2462.99991557634,0
928.7,29.5,25.53,0.435,2717.592031785073,0
1526.3,28.14,5.0,0.417,3854.8892431660265,0
3851.1,26.1,62.79,0.461,3814.969982043386,0
842.3,5.15,64.63,0.798,5049.695980198757,0
1800.6,19.17,61.54,0.764,2213.239288936096,1
115.9,8.24,62.35,0.631,2780.5843245492115,1
1990.8,15.03,81.15,0.798,2391.89347823983,0
992.0,12.59,71.1,0.641,3916.2752321685593,0
1106.9,15.96,69.43,0.587,3898.692454305992,1
1719.9,30.67,10.19,0.522,4685.968458733421,1
2669.9,17.41,81.8,0.776,3267.076463870626,1
895.9,5.41,63.62,0.405,4833.665267731521,0
3036.3,26.32,38.88,0.575,2581.1224969612786,1
734.2,18.78,60.2,0.293,2031.856569637628,1
1264.4,21.91,63.83,0.518,2322.739212768818,0
1120.3,34.94,35.57,0.728,2362.091678046895,0
593.2,27.58,80.26,0.697,2535.053441149601,0
969.7,18.53,35.13,0.672,6118.930555976995,0
3061.4,20.12,27.17,0.494,2902.554448718575,1
340.7,30.33,35.76,0.435,3439.481682194973,0
3640.7,7.83,100.0,0.557,2006.983552247744,1
575.0,30.01,47.25,0.393,2383.606951504571,1
1372.8,22.6,35.45,0.208,3220.287772746797,0
667.5,8.95,37.48,0.537,3046.0542785867506,0
1198.0,16.32,46.88,0.357,2172.7247218937,1
2213.6,28.6,63.34,0.871,2681.374746668169,0
3754.3,28.89,54.68,0.794,2275.346472155924,1
598.1,51.3,77.17,0.619,4154.11015973027,1
2529.1,21.79,76.06,0.45,2967.5883965474773,0
200.0,19.87,50.19,0.393,2196.937962677905,1
1324.0,14.07,75.09,0.471,2405.673711363853,0
458.8,7.38,31.64,0.726,2334.886551345351,0
1552.2,19.86,66.77,0.714,2642.2572785639736,0
896.6,31.58,60.03,0.681,2617.511980317989,0
2437.8,44.41,34.49,0.742,2120.7529769475327,0
586.2,17.79,43.78,0.798,2446.095447334128,0
2359.9,35.31,71.34,0.475,2758.979652118742,1
435.1,4.09,69.46,0.317,1823.721697033116,1
1388.2,8.41,68.61,0.375,5494.575583943466,0
1514.3,21.84,23.09,0.944,2938.113682389084,0
1595.7,17.98,74.31,0.95,2320.882630483264,0
1396.2,20.57,37.86,0.625,2528.115264377373,0
4951.5,24.84,52.3,0.763,2242.46811662584,0
198.3,42.65,68.8,0.671,2390.6566828739096,0
1964.1,10.19,5.0,0.299,2288.1056620762,0
220.2,27.96,41.18,0.358,2684.950757857667,1
1922.6,16.81,69.62,0.459,2366.7047657182384,1
1073.4,24.06,5.0,0.551,3054.5824309492195,0
1023.6,17.19,52.97,0.324,2797.023774435499,0
1582.5,18.03,50.34,0.628,2658.2524247256447,1
4189.2,29.09,37.36,0.592,2348.409199525473,1
347.8,44.52,65.18,0.447,2418.613383438224,1
3560.8,17.05,89.21,0.584,2111.863869992037,0
151.7,17.68,44.94,0.677,3639.501750617692,0
1986.8,6.76,68.92,0.714,2831.9823717202503,0
1472.5,29.02,38.87,0.575,2966.968087177857,0
368.5,4.91,89.45,0.491,4099.052277543388,0
387.9,24.53,56.79,0.628,2761.251158616124,0
4066.4,25.26,59.27,0.29,2831.1209075767983,0
787.8,9.07,60.67,0.505,2246.5669704124607,1
3430.3,18.02,77.84,0.269,2797.4817975367764,1
675.8,12.81,70.18,0.568,2554.6997494128896,1
834.7,20.33,21.87,0.492,2757.4016442691945,0
293.8,10.49,63.84,0.636,2684.0364228708368,1
1766.3,19.42,37.74,0.453,2178.5990486523783,0
2248.9,49.9,83.96,0.72,2391.7470162675468,0
1937.4,13.74,63.25,0.521,2684.950757857667,0
327.0,7.87,47.24,0.771,4852.88267555302,1
4488.9,10.31,64.55,0.707,3372.508741466844,1
99.9,21.55,71.0,0.543,2246.1273199642683,0
1543.4,33.44,15.74,0.309,2309.729837659727,1
935.5,15.39,40.94,0.655,2397.644739184735,1
1766.2,16.07,53.77,0.683,2146.2992421636773,0
1983.9,7.53,72.38,0.175,4826.934392287788,1
4365.5,26.82,84.93,0.22,3749.1507480952814,1
592.1,57.39,84.06,0.479,3960.487325621738,1
4295.5,17.04,48.32,0.154,2283.211903445801,0
739.5,50.47,38.54,0.789,2384.626492672905,1
1855.2,14.0,31.64,0.443,4378.245498367186,0
1371.5,32.21,64.55,0.416,3229.1926187540607,1
606.4,22.02,56.74,0.363,2536.801202856845,1
2046.3,15.72,55.55,0.486,4453.674729288048,1
3751.8,25.14,59.13,0.584,2710.2265092295925,1
696.2,18.56,76.61,0.602,2468.3825699364584,0
2975.4,30.35,62.61,0.473,4428.736343414919,1
638.1,2.08,61.31,0.598,2472.758721340704,0
2166.5,33.34,24.43,0.082,4827.166462815375,1
559.0,10.72,28.13,0.766,2520.879763067702,1
1423.3,22.6,26.01,0.748,2243.636699986901,1
2203.0,12.91,66.75,0.525,2067.358067581634,0
3886.3,7.82,77.52,0.659,2776.2342057904,0
885.5,12.45,53.29,0.408,2857.506449219067,0
2258.3,12.5,22.92,0.643,2709.287390943802,0
103.3,6.25,85.2,0.447,2390.288104441634,1
2490.2,9.79,51.33,0.645,2946.181771984706,0
1081.9,17.35,55.16,0.487,2531.823220372914,1
559.4,48.08,17.66,0.732,3349.315567696712,1
341.9,9.49,45.61,0.476,2228.496804938454,0
4326.5,11.29,60.68,0.573,1882.9859062115831,0
450.3,18.89,93.33,0.524,3379.842910408388,1
2186.7,22.22,100.0,0.583,2289.9653266920864,0
548.2,14.49,36.93,0.491,2654.07750236545,0
957.4,10.05,74.05,0.585,2288.5317877070293,1
404.5,18.43,30.03,0.624,2864.211283769674,1
1595.5,14.57,69.14,0.814,2783.203538062297,1
1368.8,26.14,48.89,0.515,4315.018172583543,0
4706.3,26.86,52.91,0.554,2406.494547543108,0
873.5,11.33,57.98,0.557,2502.139238218526,1
2118.1,10.24,49.55,0.72,2713.0364415488853,0
610.9,20.18,52.11,0.257,2577.3694878580623,1
1993.6,28.17,23.25,0.721,2684.950757857667,1
1750.8,22.37,91.67,0.799,2862.517997690148,0
700.3,25.63,61.08,0.475,2413.6948643433448,0
2057.7,15.07,40.42,0.725,2529.3253258848126,0
4618.6,11.79,92.36,0.565,2821.060261596528,0
651.8,20.31,50.23,0.531,2235.0574157299297,1
2106.9,26.26,63.65,0.661,2342.516720067639,1
720.1,12.18,75.84,0.417,2504.374934192017,1
2481.9,33.82,52.4,0.333,3046.5848602358087,0
1805.0,22.37,18.88,0.553,3446.0036704944487,0
1594.3,21.6,55.14,0.415,2669.0891130183863,0
2217.5,16.3,100.0,0.95,4169.597234904594,1
2863.5,21.66,71.81,0.578,5656.787997398402,1
549.7,32.04,52.37,0.351,2387.2764616956456,0
2118.9,13.64,69.3,0.447,2003.090237744632,0
344.7,5.67,39.7,0.596,5477.297293225416,1
1883.5,23.01,39.96,0.685,2317.047051398421,1
782.2,25.74,100.0,0.484,2847.2730386644494,0
1550.0,13.17,53.18,0.615,1652.3141425443998,1
1238.6,11.47,55.96,0.368,2284.436409147082,0
1706.8,9.79,50.9,0.465,2713.086119416166,0
838.7,17.36,73.09,0.831,1966.016674257816,0
3360.4,43.14,36.35,0.601,2903.7776688063177,1
714.1,21.36,100.0,0.2,3171.8986688232894,1
894.4,10.25,43.74,0.622,2922.646554490128,1
501.7,26.37,89.65,0.698,3349.3798550463234,0
1757.6,42.9,80.89,0.659,2314.8304908101886,0
1627.3,17.38,79.63,0.692,2485.8869767271594,0
745.4,19.87,77.66,0.398,4321.917943733221,0
167.9,23.95,67.54,0.771,2514.200606227236,0
3904.3,27.95,58.0,0.581,4442.279581911476,0
769.0,6.77,73.0,0.409,2455.365193986998,0
1718.6,15.35,74.63,0.522,2995.2283404538084,0
343.2,14.02,23.73,0.713,2382.1224602936013,0
939.7,28.73,59.09,0.591,2621.097795329036,1
722.8,14.05,72.1,0.735,2334.625041931823,1
760.0,44.35,16.86,0.521,2094.58652324871,1
539.1,27.42,23.88,0.482,3671.343169673469,1
2161.0,57.97,67.12,0.425,2551.0583662146755,1
230.2,13.97,76.4,0.376,2707.3648912226977,1
2419.5,18.82,49.62,0.635,2531.584099176994,1
1266.6,20.85,33.47,0.605,2435.6376454686583,0
705.4,4.96,46.11,0.663,6314.860432959491,1
2410.3,11.54,31.59,0.523,4288.444538000224,1
1329.9,37.68,49.29,0.455,2495.0848036431066,1
874.8,26.22,32.49,0.536,2795.0304614380666,0
4258.4,17.75,42.31,0.436,2375.582597043159,0
776.7,15.83,35.44,0.519,2695.6452517637244,1
1095.0,6.47,72.85,0.551,3755.00911717596,0
945.4,12.61,79.44,0.48,2600.858212390516,1
312.5,19.7,45.93,0.697,2066.708472039429,0
751.3,15.21,25.4,0.946,2664.049856549688,1
1163.4,30.86,18.81,0.67,2223.6112325301115,1
793.8,18.31,48.33,0.475,2005.634584741941,1
3838.3,21.13,64.9,0.854,2313.6268838911706,1
435.0,23.77,68.16,0.598,2071.3534767796564,1
1565.0,8.36,24.05,0.753,2142.042815079757,0
449.4,16.07,55.13,0.651,2809.88727159978,1
860.0,26.72,56.44,0.587,3864.792853542556,0
1767.2,22.96,100.0,0.525,3621.9780114793175,1
2873.0,15.23,46.5,0.93,2670.789653112557,1
456.5,51.07,68.9,0.515,5251.562558028734,0
3260.9,17.21,14.82,0.515,2770.4850279546536,0
334.0,22.26,37.18,0.54,2799.78597342358,1
1985.0,26.9,52.93,0.138,3219.6618829409845,1
1823.2,18.73,72.35,0.725,2451.631964033967,1
1518.0,15.15,75.53,0.268,3577.601261148229,0
2356.6,13.86,40.32,0.686,2718.1138176321783,0
4499.8,41.59,96.06,0.702,3673.645623854039,0
24.9,16.62,44.96,0.66,2386.173141422075,1
3132.5,44.08,87.05,0.48,2984.6959524194526,1
622.1,23.48,38.22,0.568,2951.6533028756417,1
798.5,27.3,76.76,0.401,2001.9133354166204,1
1121.8,27.13,42.1,0.424,2362.3730917135563,1
593.8,9.68,39.16,0.677,2693.68389393196,1
1644.2,56.47,91.87,0.771,2855.452490271848,1
1852.6,14.14,63.77,0.909,2684.950757857667,1
618.6,6.06,48.41,0.213,2983.128609492238,0
1600.3,19.39,79.02,0.496,3385.109483137755,1
781.2,39.78,43.92,0.855,2595.5431081645,1
2116.1,23.19,47.5,0.605,2223.986600744633,1
1125.9,27.7,59.57,0.518,3606.872974902627,0
1584.7,20.62,49.24,0.602,4159.295624806145,0
2146.4,18.12,90.28,0.269,2720.552798764425,0
4899.8,20.95,74.0,0.579,2796.9985601557087,1
651.9,23.15,60.39,0.57,2606.032953700939,0
4399.0,7.93,67.11,0.533,2471.489016676125,1
621.2,44.81,45.8,0.464,3192.135718317983,0
1584.2,32.98,6.06,0.791,4899.584628489935,0
1850.6,24.06,63.94,0.61,2003.2212305160244,1
630.2,12.91,24.76,0.539,2276.134659496497,0
1066.6,26.46,62.25,0.18,1715.3257741985938,1
705.9,46.96,77.23,0.312,2084.01648203769,1
497.5,28.54,40.89,0.553,3612.471062239026,1
2993.2,12.39,90.5,0.668,2585.086448242302,1
144.5,21.8,34.37,0.865,2329.937227002579,1
2331.9,26.39,85.04,0.941,5242.811836660867,0
1373.3,6.27,32.51,0.265,2781.9584078157186,0
1068.3,42.4,32.16,0.694,2196.642599593275,1
1910.8,25.46,50.73,0.78,3359.032848877461,1
2949.4,32.77,65.4,0.641,3044.862716869479,0
34.0,9.84,81.05,0.736,3782.618968917798,1
1709.5,34.41,63.42,0.479,2703.732234353412,0
610.0,55.42,79.01,0.631,2649.266340281963,0
1336.0,27.75,23.65,0.844,2667.978086971443,0
491.8,14.56,48.93,0.615,2777.17001396155,1
664.4,24.9,21.61,0.508,4074.790168061156,1
426.1,13.18,36.66,0.697,2185.7864771642044,0
3626.4,18.52,57.75,0.639,2252.9010014894025,1
80.3,5.25,74.06,0.863,2583.330230583673,0
2729.5,6.57,45.44,0.515,3417.473162046075,1
368.1,4.22,56.62,0.716,2358.659625894579,0
702.4,28.16,75.41,0.898,2963.453399173129,1
1103.1,40.33,52.37,0.674,3810.750394948992,1
435.3,11.67,55.53,0.283,6325.756971425604,0
1052.9,40.94,62.46,0.459,3216.499385827907,1
2939.6,16.76,67.69,0.611,2120.9985054017325,1
158.6,13.2,84.08,0.78,2750.4221950454744,1
3794.9,31.84,54.13,0.719,4617.858611617993,1
358.6,2.86,61.34,0.486,2451.607108780788,1
1430.7,28.88,64.04,0.593,2793.331675906167,1
755.1,22.87,82.04,0.592,2694.679117408461,0
810.2,28.87,70.86,0.538,2886.527986390399,0
1411.0,19.44,74.98,0.373,2191.2317676782063,0
3349.6,22.9,39.43,0.642,2527.5502307109264,1
800.8,9.35,34.59,0.63,2400.702349768724,0
2845.1,23.16,49.93,0.415,6348.411054678914,1
559.7,14.61,11.08,0.345,2664.6826629903458,0
787.0,10.2,39.76,0.924,2393.2952488710475,1
1050.8,9.94,35.63,0.285,2639.611550125074,0
953.2,11.89,58.36,0.592,2672.3313957224896,0
2131.7,10.84,37.15,0.591,2236.594406390283,0
3528.9,23.39,19.97,0.67,2301.4396625915315,1
469.7,21.96,68.9,0.478,4280.170216246612,1
2956.4,32.99,47.64,0.681,2318.898674637462,0
531.6,9.99,90.02,0.456,3181.6766884829744,0
2453.0,10.03,62.21,0.461,2994.195184032163,1
364.8,28.83,32.69,0.607,2267.52110496505,0
600.1,35.47,50.82,0.63,3001.1488659229108,0
2359.4,19.44,80.24,0.4,3870.664112633372,1
1635.8,42.96,33.5,0.414,3903.714657607905,1
262.3,8.01,52.73,0.95,2571.1620447899013,0
1819.2,26.66,70.41,0.595,2799.6512083156144,0
723.0,10.0,50.29,0.718,2483.932619376668,1
922.7,9.98,65.27,0.422,2684.726816458846,1
396.0,46.38,74.35,0.697,2229.249385943779,1
494.6,10.97,41.6,0.436,2324.209997819741,1
728.0,46.84,51.05,0.566,3191.843452204236,0
1352.3,13.07,49.12,0.674,2682.6473564635644,0
263.3,12.2,41.65,0.797,2390.814860313289,0
4464.2,33.12,73.72,0.398,4886.484317808063,0
311.1,15.44,69.23,0.5,3291.6674429442664,0
1139.9,14.56,76.93,0.601,5681.7760368194295,0
180.0,24.92,47.38,0.681,2438.1593590813504,0
1686.5,11.57,80.45,0.747,3440.319347203708,0
311.3,10.65,56.67,0.478,2260.54837645739,1
2405.7,23.03,95.83,0.392,3203.666416790454,1
805.6,11.19,35.46,0.479,3012.4492090361337,0
2539.2,41.03,71.41,0.705,2776.6501915758445,0
305.1,24.37,75.74,0.657,2611.615419491634,1
1811.8,40.49,87.08,0.687,1805.8095367872104,1
470.1,19.72,70.8,0.652,3057.577887121342,0
1197.3,11.24,46.48,0.624,1982.696277381028,0
2381.7,15.64,32.67,0.4,1985.9667104235564,0
1042.7,16.04,88.57,0.472,2453.5934794042137,1
333.7,21.14,46.4,0.658,3329.760044812062,1
2659.3,5.69,62.85,0.862,2875.6448613974408,0
626.4,4.08,74.78,0.603,4413.937500806019,1
1172.7,29.03,43.32,0.491,2742.190819083823,0
606.2,14.89,21.21,0.284,3068.324768127013,0
524.6,19.46,50.95,0.717,2684.950757857667,0
555.6,23.71,58.49,0.453,2046.26776363302,1
1821.6,12.57,62.54,0.646,2684.950757857667,1
447.5,33.11,46.24,0.545,2546.818433387693,0
3584.5,14.41,47.38,0.679,3913.685642589794,1
328.6,19.78,39.91,0.304,2702.537339554067,1
937.7,37.23,68.23,0.574,2135.778225912132,0
652.5,33.22,61.45,0.853,3372.222607026896,1
814.8,29.38,21.05,0.83,2751.488932716385,1
305.2,18.79,6.52,0.36,2357.661051450828,0
1006.5,19.29,55.74,0.225,3158.00780875535,1
397.3,17.51,68.8,0.392,2684.950757857667,0
1835.4,30.54,70.05,0.467,2648.457330459379,1
476.7,17.72,70.35,0.608,4168.434325844574,1
1312.4,20.27,67.92,0.662,4172.986041663233,0
1656.4,5.5,37.82,0.666,2597.973318161551,1
799.8,33.69,17.71,0.686,2976.7310554669025,0
1450.3,12.44,78.21,0.371,2336.31961867539,0
1052.7,10.59,65.42,0.375,3203.405317667528,1
388.7,21.86,38.49,0.567,2402.783988158228,0
1693.3,9.04,72.57,0.63,2793.9081521918274,0
140.3,11.73,55.0,0.505,3240.8920420116888,1
1493.5,25.11,64.06,0.177,2525.504698726382,0
1261.2,17.61,73.9,0.602,2164.3528898954214,0
780.0,14.55,16.51,0.515,4901.671603870758,0
956.5,10.22,38.07,0.57,2635.257945331364,1
840.4,16.18,80.87,0.539,3271.047794741492,1
895.0,10.59,51.72,0.481,2686.0220710952767,0
4449.4,30.26,53.05,0.833,2370.550813712477,0
326.8,7.82,61.55,0.4,3821.004001906044,0
1798.6,22.05,57.65,0.625,4455.443622368061,0
1368.0,6.81,72.95,0.488,3448.2735047916326,1
676.4,31.42,77.11,0.574,2382.680585768495,1
2127.0,30.4,45.76,0.397,2187.64367106326,1
1972.9,14.62,37.65,0.563,4136.838974923742,1
402.4,3.71,24.7,0.42,3295.039867844921,0
1947.9,19.51,19.51,0.321,2516.240868686066,0
642.7,9.49,55.16,0.909,3808.0272372580416,0
1565.6,43.79,40.97,0.455,2684.950757857667,0
1782.2,22.36,42.28,0.796,2667.991256087742,0
887.3,23.3,49.22,0.535,2350.5744336368625,0
2008.4,13.88,22.08,0.504,3293.780074848005,1
1278.6,16.24,47.42,0.95,1972.8484821259829,1
420.6,3.21,84.93,0.629,2752.6621505616304,0
3748.0,35.61,55.54,0.178,4435.417589742718,1
708.6,4.2,60.72,0.564,2165.355946106941,0
2238.8,14.98,82.7,0.95,2220.7829349740887,0
1446.7,21.77,72.12,0.597,3796.455857814313,1
1072.3,19.3,68.93,0.552,2616.296330631927,1
945.3,30.01,61.75,0.468,2303.4276474305743,1
2212.1,16.13,60.52,0.597,2244.651723153247,0
818.0,9.99,51.51,-0.025,2346.4336507084886,0
1592.6,17.16,100.0,0.578,2715.756449865559,0
163.0,28.55,58.7,0.607,3383.966500070584,0
2395.6,19.41,86.29,0.421,2524.8476799532395,1
1632.7,7.15,70.02,0.664,2738.683703779669,0
1256.5,41.92,69.17,0.361,2531.7554063520374,1
1968.4,10.53,69.17,0.54,4179.305561126425,1
2493.4,17.71,39.23,0.932,4360.181641345245,0
450.0,8.19,5.0,0.769,2112.6409832711583,1
3320.6,60.0,59.91,0.845,2324.8441969185205,1
692.2,12.82,56.38,0.451,4106.5973350841,1
1498.8,21.06,23.89,0.75,2481.618896877637,1
1194.0,24.25,53.34,0.832,4195.634883103497,1
704.3,35.46,65.99,0.582,1659.1639727816207,0
754.6,10.77,62.07,0.775,2814.850685740783,1
4254.8,23.2,45.56,0.834,2431.7131980085624,1
229.5,16.82,66.51,0.401,2051.988208585276,1
4376.5,13.14,22.99,0.543,2545.563906021337,0
184.3,19.17,51.81,0.762,2435.546302491135,1
1421.4,31.55,79.37,0.409,2402.029920339417,0
1628.0,41.47,58.2,0.639,3486.6066492302884,1
1736.9,11.93,37.77,0.673,4914.897672201056,0
291.3,19.26,81.87,0.488,2526.774316725076,1
4418.7,9.74,55.09,0.421,2209.588962223479,0
153.5,23.32,56.24,0.779,4416.6651262673095,1
2403.5,12.78,67.81,0.84,5685.51301760234,1
487.6,22.74,53.26,0.794,2637.325485523412,1
2456.5,9.07,46.89,0.396,2068.358400404894,0
635.1,29.94,56.41,0.482,2676.7258066067625,1
1774.9,52.91,61.45,0.797,2727.2669082655675,1
2405.8,21.8,100.0,0.537,3177.4527883768847,0
2501.4,29.86,43.99,0.813,3821.869986690882,1
608.2,26.38,76.92,0.469,2255.983677426601,1
1754.2,20.89,50.19,0.389,2187.670867864371,1
582.6,6.82,67.23,0.426,2732.602011662992,1
963.4,22.54,48.65,0.815,2453.0057206280394,1
928.7,4.84,48.99,0.409,2687.459241218932,1
542.5,18.83,47.12,0.386,2838.5875252554333,1
1521.2,20.49,78.53,0.292,2286.858067496275,0
1457.4,13.7,54.61,0.446,2756.395957913314,1
490.7,10.69,58.65,0.67,4324.932175044205,1
3917.8,10.46,73.43,0.47,2359.530070673896,0
153.2,24.81,51.06,0.819,2234.9355834839416,0
1686.8,8.77,48.69,0.706,2654.763792232369,0
1173.7,12.18,55.02,0.768,3493.762792120764,0
1034.8,22.18,86.36,0.557,2852.71727144515,1
996.3,17.8,36.63,0.6,2789.2458026897298,0
1924.8,17.49,64.18,0.72,3178.4729375886977,1
814.6,10.02,50.16,0.552,2840.4644755883937,0
2082.9,15.85,52.66,0.451,4915.272670027953,0
449.2,30.73,37.41,0.559,3701.800378903271,1
1536.2,20.5,87.27,0.811,2295.8551622995424,1
474.7,23.29,64.33,0.321,4253.00429754098,1
437.8,12.54,49.86,0.716,2358.3303963385456,0
1389.5,10.51,42.6,0.609,2184.227041192048,0
1697.2,48.29,59.96,0.653,1797.731194381423,0
862.2,23.15,69.32,0.492,2313.787535516497,1
4161.8,31.84,37.8,0.844,2684.950757857667,0
192.5,22.41,47.64,0.411,2315.0632940321266,1
965.5,29.52,65.94,0.483,2857.7329815651774,1
1612.3,13.83,70.94,0.381,2708.112623175368,1
1088.3,51.54,65.93,0.743,2116.5725016434926,0
1957.0,60.0,75.95,0.621,2242.143281509226,0
4059.1,22.26,80.89,0.46,2807.851266234619,1
778.4,25.38,52.66,0.819,3112.9431205403907,0
3378.4,45.85,52.89,0.797,3458.84763419144,1
145.5,13.51,54.83,0.76,3653.7542032834217,1
1775.1,25.58,29.12,0.559,2597.292801408809,1
1388.4,20.63,54.56,0.6,4888.177293156745,1
1676.9,16.57,41.92,0.645,5012.696006407634,0
1984.1,22.49,60.93,0.95,3002.645978561108,0
3111.2,12.23,31.93,0.502,2804.588660157139,1
149.7,3.53,50.44,0.633,2169.385114736705,0
3716.0,18.84,23.21,0.37,2491.9460890291048,1
109.3,14.66,71.87,0.399,3228.333869614797,0
1111.8,20.36,34.15,0.506,2416.9876521639726,0
178.0,14.02,33.34,0.806,2275.968289729989,1
342.6,35.54,42.01,0.479,3348.932213013088,0
427.6,11.9,52.01,0.258,4868.782810969308,0
2827.3,27.62,55.17,0.628,2602.1116857911115,0
532.7,22.43,38.19,0.658,3431.756186640665,1
2755.7,8.58,75.11,0.676,2195.9305285262226,0
680.6,25.96,45.28,0.651,2399.117168496416,0
1406.6,22.36,61.59,0.542,2606.718139630985,0
1540.9,29.89,44.65,0.724,2684.950757857667,1
1359.7,12.1,77.71,0.618,2655.5029972490715,0
2044.1,15.64,98.04,0.633,4548.903117791571,1
3795.6,20.99,44.12,0.599,2411.0502684252524,1
416.1,16.35,69.14,0.579,3286.094043609792,0
3445.4,26.05,61.56,0.718,2823.6751857149243,1
164.6,22.28,76.7,0.833,3066.7568938443505,1
1090.1,46.47,51.09,0.557,2344.826916969171,1
1180.7,16.58,63.13,0.505,2900.735084704362,1
973.5,7.89,44.38,0.656,2425.3854405306056,0
2293.8,20.05,85.7,0.698,2508.783548181784,0
3767.1,13.6,68.07,0.287,3359.52653196713,1
552.9,29.55,21.28,0.812,2989.1841655303465,1
3124.8,34.44,63.53,0.527,1715.6202959215334,0
165.5,29.53,55.04,0.55,3504.6939626277763,0
1461.5,1.67,33.84,0.495,2339.02740799793,0
919.1,46.45,92.06,0.833,2707.735367953397,1
874.3,16.43,49.55,0.833,3421.203518995574,0
2278.3,32.64,61.77,0.197,2658.049664006805,1
4895.6,31.39,29.31,0.555,2333.4950334907203,0
337.3,5.75,65.86,0.548,3010.3807319266984,1
3220.7,18.6,54.04,0.468,2684.950757857667,1
52.2,26.27,74.87,0.34,2362.012359021184,1
1929.6,23.73,87.48,0.805,2641.647937721739,0
999.2,13.89,95.69,0.559,4305.551935830715,1
1760.4,31.98,27.19,0.629,2763.07491230406,1
2190.0,29.08,100.0,0.62,2605.413128288938,1
1018.9,11.17,21.34,0.561,2388.6600267967087,0
681.6,20.63,36.03,0.689,2846.9911941358523,0
2698.7,23.1,74.78,0.626,2638.1716099504424,0
140.1,19.51,70.66,0.254,3024.16378635069,0
2379.0,8.17,64.39,0.519,3255.502838238828,1
1559.4,9.32,55.84,0.585,2484.5603216466607,0
1520.0,14.81,42.02,0.395,2684.950757857667,0
1857.3,21.42,66.39,0.554,2746.4340209152097,1
1759.8,5.25,70.55,0.472,2449.8464301792,0
647.9,20.42,61.72,0.753,2284.119505704341,0
4019.5,11.28,64.03,0.758,2664.4462751862497,0
697.3,48.21,52.28,0.658,2666.118776828094,1
1020.5,22.82,80.25,0.439,2325.347153988582,1
425.1,14.51,70.48,0.621,2381.649141470092,0
676.1,19.77,54.23,0.844,3140.1018632693044,1
1548.6,8.5,52.2,0.405,2296.3004819799085,1
3191.8,14.5,77.74,0.783,2379.6494455501697,0
339.8,32.53,72.02,0.443,2230.494260528084,0
2041.1,17.56,43.3,0.505,2878.1607155210254,0
674.3,19.34,26.45,0.597,3778.0318673500337,0
944.4,8.24,48.61,0.698,2692.9856450900256,1
1463.1,50.12,67.55,0.616,2812.567344675141,1
791.6,14.77,36.35,0.435,2615.019393410194,0
1926.6,12.86,29.41,0.433,2460.1775979747654,1
3819.1,15.69,63.15,0.663,2921.677194941222,1
764.5,10.93,66.88,0.801,2598.273939555287,0
2873.0,18.18,97.04,0.592,1902.6413718936496,0
277.6,29.94,66.89,0.638,4711.921741990793,1
1363.3,24.97,69.97,0.584,2449.9409259828626,1
1203.9,16.03,86.96,0.45,2668.851595329721,1
1352.3,13.3,5.0,0.602,2786.125478721341,0
769.3,29.97,40.64,0.652,2244.664015693484,1
1189.8,16.02,50.16,0.471,2288.524125826516,1
413.7,3.86,74.3,0.399,2254.809028436456,1
4171.9,28.49,62.46,0.534,2513.9954105161846,0
386.6,6.27,52.16,0.494,2342.9183140842065,1
1162.2,19.68,27.99,0.317,2569.9092555313896,0
547.8,19.06,60.72,0.28,2485.71707765728,0
1673.7,29.27,22.4,0.807,5451.901097473874,1
2191.3,5.79,68.58,0.225,2767.254951997701,0
3451.8,52.18,53.46,0.682,2163.014847680685,1
269.4,15.61,33.02,0.406,2264.980403635119,0
2301.1,13.79,19.6,0.581,2561.762751114562,0
115.2,12.03,49.35,0.351,2541.6997623388147,0
2328.4,34.75,82.51,0.579,2684.950757857667,0
1255.3,17.1,35.86,0.662,2458.201474017894,0
1352.9,24.04,34.62,0.769,2666.5049323124904,1
2487.7,33.18,44.62,0.482,3087.2745569126714,0
624.9,8.76,67.02,0.637,2393.7179770491903,1
396.6,32.8,65.07,0.565,2867.913393897913,0
2414.9,12.9,51.33,0.792,4779.7449602425295,0
636.5,4.57,61.18,0.69,2486.6980916822854,1
1015.3,44.05,52.91,0.625,2431.9987181702536,0
1846.0,14.85,43.14,0.553,2850.1196456555017,1
1598.9,40.35,43.91,0.441,2198.5080659591417,0
2374.1,26.34,38.26,0.254,2438.002165582122,0
2599.6,20.35,13.81,0.723,1990.683151452727,1
274.1,7.78,50.77,0.534,2684.950757857667,1
2312.0,8.65,43.92,0.542,2372.6122891430045,0
455.1,13.27,36.13,0.562,3472.0086466315806,0
1460.8,24.51,55.58,0.712,2555.166338602341,0
881.4,21.05,20.62,0.63,2332.682777434041,1
1122.4,31.94,60.56,0.536,2681.583162208318,1
1491.4,45.03,29.45,0.664,2659.692050527989,1
2949.4,15.87,31.72,0.683,3826.4418558664815,0
865.4,11.32,66.7,0.74,3088.5254690118004,0
1756.0,30.84,69.44,0.504,6160.467666343906,1
551.9,21.43,59.07,0.673,2842.72941731356,0
725.7,22.37,68.71,0.892,4798.08800017552,0
946.0,33.86,58.12,0.56,2788.0050432359994,1
1040.3,5.35,80.82,0.44,2837.52229950658,1
1732.3,20.67,53.66,0.267,2465.972632058572,0
772.2,4.76,37.12,0.418,1933.9198182414625,0
53.3,13.52,38.24,0.52,2317.35554315466,1
2138.9,25.07,44.96,0.95,2876.888816050621,0
713.2,19.39,43.47,0.504,2483.1300634594786,1
1056.5,34.7,62.89,0.399,4968.841906678124,1
1861.6,16.11,45.21,0.681,4361.46587684353,1
302.9,37.03,42.54,0.561,2470.202641278476,1
2009.1,12.4,51.33,0.562,2412.097372899958,0
4315.3,24.09,45.47,0.57,3031.8098419081384,1
463.5,38.44,53.64,0.229,3372.010394527404,1
2723.2,39.77,82.4,0.668,3088.548826874872,1
706.4,21.29,79.9,0.505,2023.0291756931715,0
1405.7,21.43,55.89,0.649,2564.158103501098,1
1870.6,12.63,55.19,0.561,2383.511639226341,1
947.8,25.19,67.27,0.806,2684.950757857667,1
538.8,20.74,22.57,0.644,3605.414769707428,0
3295.6,34.74,22.71,0.824,2749.535275544542,1
71.3,11.1,51.26,0.708,2337.81690351266,0
1620.9,7.4,77.46,0.331,2242.6747545489966,0
194.3,38.58,14.71,0.719,2757.142417768246,0
1928.2,3.06,90.24,0.537,2794.068593110448,0
906.8,16.6,57.3,0.614,5686.285787961282,1
681.5,18.3,49.47,0.623,2910.220702699815,0
1612.0,16.62,23.53,0.523,2684.950757857667,0
2383.6,21.48,40.57,0.37,2684.950757857667,0
657.7,15.59,70.05,0.581,2585.7127701006693,1
2338.8,18.49,63.17,0.566,3076.6628209610794,0
639.1,11.36,42.13,0.833,2348.543083573072,0
1871.5,32.5,76.43,0.257,4089.654207685908,1
1064.6,20.48,75.47,0.476,2311.061553599937,0
1545.3,15.51,65.17,0.547,2342.642737827162,0
2399.4,16.57,56.65,0.511,2717.141432542402,1
3014.2,23.99,49.52,0.895,2296.086122474512,0
735.4,17.54,57.3,0.745,2294.040973332857,0
2355.5,17.36,80.51,0.752,2109.2697835062804,1
619.8,11.88,90.7,0.372,2485.8847016266445,0
2368.6,16.04,61.86,0.396,2530.2706630192047,1
1433.5,10.3,100.0,0.662,2198.9410858064043,0
343.3,20.73,61.86,0.603,2633.673371378421,0
423.0,5.9,100.0,0.723,2493.617727061228,0
2121.0,16.49,49.09,0.695,2423.6095709961924,1
613.3,16.15,82.83,0.698,3893.258482635956,1
3337.3,38.87,56.95,0.603,2760.376921163608,0
549.2,23.9,69.02,0.378,2330.695497466329,0
1587.3,10.81,61.49,0.54,2683.6649437992983,1
838.0,9.73,29.87,0.74,2176.17800136506,0
1027.3,14.72,74.64,0.754,4938.677854682996,1
507.5,18.48,52.21,0.702,2485.8174984322536,1
2581.0,18.3,75.51,0.68,2742.433055210537,1
701.8,4.8,25.56,0.382,2862.4389280688124,0
3467.5,16.87,45.67,0.736,4129.954137631065,1
756.0,5.45,48.99,0.61,2691.3309815277084,0
2163.0,28.19,63.31,0.284,2786.229193230268,0
530.2,12.92,44.54,0.471,2415.428697505894,0
1482.9,25.72,5.0,0.66,2873.833737850636,1
1195.9,13.29,53.7,0.279,2695.808771576705,1
3741.7,21.34,45.3,0.74,2382.918334418715,1
177.0,6.52,12.45,0.454,3717.434463724424,0
4356.0,21.9,60.91,0.269,3464.204850951436,1
253.3,10.29,70.07,0.577,2590.788181134107,0
1191.5,21.99,60.15,0.81,6310.1460058857365,0
477.3,7.96,55.65,0.71,2577.0869206623543,0
1106.2,20.14,60.92,0.651,2660.302250203875,0
1112.7,20.33,68.6,0.503,2775.725204237593,0
2083.8,31.96,86.44,0.736,2242.1050967832143,1
309.7,13.71,84.74,0.598,2346.782751434137,1
4034.5,10.03,57.06,0.808,2831.2786630646538,1
717.3,25.9,61.87,0.666,2435.065221163038,0
1010.7,17.09,56.84,0.702,2410.334555036819,1
793.6,8.66,72.31,0.473,2628.843136127175,0
1474.4,36.05,34.22,0.645,2364.147912458946,1
1319.9,42.01,52.4,0.543,2511.912911100661,1
3301.4,28.41,47.09,0.518,2375.88554906014,1
303.9,36.48,34.19,0.358,4298.701757406685,1
3483.7,22.48,36.16,0.668,3500.163321539814,1
144.6,3.61,24.22,0.46,2765.585359813981,0
2172.4,17.02,76.1,0.448,2516.7698604131983,0
1266.7,20.74,92.87,0.724,2202.873339957754,0
783.2,31.46,90.74,0.713,2636.550235866655,1
532.2,16.65,71.97,0.528,3195.6773769750907,1
4205.0,18.64,57.69,0.34,2381.132162362604,1
241.3,2.6,40.36,0.783,2500.252865691737,0
3804.7,22.22,56.77,0.661,2801.866609923929,0
536.7,5.35,54.33,0.784,2280.1206524011923,1
1642.9,36.5,22.67,0.779,2545.968637711307,0
873.4,19.76,41.74,0.362,3643.228546727048,1
314.6,28.78,59.32,0.56,2256.0195191711687,1
1705.3,44.42,16.74,0.43,2820.184778825486,1
3010.2,18.91,55.63,0.482,1977.267730394147,1
525.6,6.37,9.1,0.562,6321.873858728278,1
3545.5,21.96,30.52,0.388,2886.997465061996,1
573.6,23.14,22.17,0.691,4546.3933540953785,1
1982.1,15.2,25.86,0.689,2476.665194346047,1
1078.1,32.56,9.88,0.709,2672.3976842323773,1
556.8,47.92,70.44,0.726,2333.137059269257,1
997.7,11.81,77.28,0.95,1945.065375353656,0
1506.0,8.55,10.35,0.606,2103.5101644664965,0
828.2,35.29,42.49,0.448,2638.478894949839,1
1598.8,42.3,75.96,0.169,2194.21191430873,1
629.5,25.63,48.66,0.23,2719.907843747201,0
1768.3,14.48,72.93,0.858,2671.366448851568,0
620.1,35.47,65.14,0.62,2524.542528724207,1
402.1,23.98,91.96,0.651,2532.046841360041,0
978.5,15.08,85.69,0.95,2223.1392794722765,1
2885.9,27.76,52.09,0.608,2612.53865319312,0
610.7,49.66,86.17,0.669,1928.098820557915,1
4090.7,24.75,66.63,0.42,2261.985149231188,1
754.4,21.98,39.75,0.363,2049.893402463068,0
1545.5,25.63,53.59,0.721,2789.7372526679774,0
902.7,19.2,35.74,0.696,2759.846946964598,1
395.3,10.52,89.42,0.357,2597.768225800754,0
1678.9,16.63,51.16,0.406,2684.950757857667,1
1244.7,22.54,28.75,0.609,2940.3743883274124,0
305.1,13.6,70.92,0.591,2280.326425547285,1
2648.1,21.05,68.62,0.537,4196.523970674664,1
140.0,7.03,95.92,0.504,4886.234831479185,0
818.4,18.22,71.97,0.255,3269.383559081043,1
1023.1,9.9,40.07,0.662,5245.857344767653,0
934.4,16.19,70.22,0.462,3436.7391196855565,0
2013.7,21.64,55.66,0.31,4199.302409748576,1
2933.5,10.39,40.76,0.576,1647.2719305712983,0
249.5,12.61,70.83,0.485,2488.6215228862297,0
4105.1,24.41,64.79,0.439,4175.206524374048,0
350.9,17.24,53.53,0.389,2441.784142535403,0
1821.2,3.78,48.59,0.197,1681.7466655038834,0
323.2,18.77,14.72,0.656,2663.199252419517,0
1127.5,31.87,97.09,0.55,2181.922535069471,1
2326.8,15.03,55.65,0.571,2107.8235443276267,1
2427.8,25.42,55.08,0.392,3200.350645073416,1
200.3,12.74,51.69,0.058,4858.954072867356,1
2127.3,48.13,43.31,0.648,2397.845174724774,0
419.6,38.02,83.94,0.824,4116.774022161607,1
1295.2,10.84,27.39,0.906,2926.2088809629126,0
1723.4,31.05,54.49,0.374,2342.518893938121,1
637.4,23.61,70.59,0.661,3948.362363893432,1
615.6,16.43,84.26,0.631,3108.6640634529303,1
4927.5,13.92,63.45,0.698,2203.7249652757514,0
532.5,9.73,46.45,0.658,4285.636409935793,1
1529.7,25.25,72.12,0.59,2577.9403678293475,1
472.0,26.75,57.34,0.95,2672.639619699498,1
1849.8,25.46,42.78,0.604,4120.371505394541,1
1699.6,21.08,65.77,0.52,2290.2991488516177,0
576.8,35.42,68.09,0.442,2310.992633701171,0
1078.8,23.05,42.46,0.719,3427.865589664194,0
880.3,20.26,30.72,0.502,2968.90128477962,1
285.6,31.96,35.39,0.871,3063.008915419323,1
3615.6,14.85,34.57,0.549,3325.0572542736127,0
231.6,9.77,14.49,0.617,2184.170367663635,1
2134.3,17.8,30.04,0.626,2513.960172261554,1
1770.2,26.38,79.3,0.437,3645.770909550005,0
1798.7,38.39,41.74,0.257,3067.2721246942547,0
2019.6,13.73,54.87,0.853,2427.2556572102126,1
853.9,13.78,56.42,0.551,2303.420281560057,0
285.2,15.73,41.9,0.641,2372.3284070749664,1
3932.8,23.05,68.62,0.457,2486.791743885868,1
685.4,13.25,61.48,0.286,2741.0016652331224,0
1196.7,16.23,43.66,0.393,2605.903711978329,0
700.8,10.45,83.44,0.608,2066.887133139765,0
812.2,21.25,51.94,0.447,3206.536079287249,0
2264.8,14.24,32.47,0.212,2903.78572455187,0
4973.7,10.06,98.64,0.782,3034.8919259583186,0
787.3,6.87,75.72,0.721,3448.208617564088,1
1738.0,7.25,47.97,0.589,4328.530040915581,1
514.8,11.8,85.82,0.732,2889.201821221124,0
917.8,16.32,34.01,0.415,2443.588570467292,1
662.0,12.24,5.0,0.499,2390.618005541396,0
655.3,22.88,18.0,0.328,2301.3454654590582,1
1318.3,34.37,59.82,0.761,3654.2834340865593,0
3749.5,10.83,47.59,0.841,2211.983655224023,1
700.4,19.92,59.73,0.74,2618.43839057817,1
3098.6,17.04,65.97,0.706,2332.494241972812,1
557.4,10.5,70.05,0.635,2918.5284952743345,1
1556.8,33.5,54.62,0.527,2177.891011446048,0
1524.0,24.18,21.92,0.378,2900.432428832932,1
342.3,8.58,53.7,0.59,2321.880273024204,1
2019.3,18.47,53.54,0.532,3388.314109043173,1
2831.7,17.95,65.86,0.243,5690.139220051854,1
458.6,10.18,86.39,0.597,2431.57369431848,0
3017.9,17.08,49.35,0.472,2554.279061511878,1
755.6,24.38,43.13,0.728,2747.121309858671,1
1770.3,26.16,94.79,0.728,3413.0394839075675,1
1685.8,11.4,89.92,0.331,2247.5883773292744,1
929.8,8.29,73.62,0.672,2508.85513841216,1
1461.9,16.44,76.24,0.438,2241.3269137999564,0
587.7,22.92,17.95,0.305,1693.7249155291756,0
674.6,27.25,55.1,0.454,3384.134873978163,0
2879.9,38.81,24.18,0.426,2582.649050511294,1
212.7,6.11,48.66,0.573,3275.730090379958,1
1277.1,34.61,67.39,0.565,3051.923479642537,0
215.3,29.36,53.0,0.552,4155.388250478924,1
1395.8,39.04,75.3,0.486,2349.715278254638,1
1094.4,19.93,56.69,0.675,4162.539458230532,1
4065.7,60.0,48.17,0.663,2863.70843862395,0
140.1,13.39,65.51,0.403,2710.368347971816,1
4404.6,14.88,76.12,0.438,3202.325437678348,0
127.7,12.74,36.91,0.773,2041.50120135614,0
2406.1,15.69,100.0,0.702,5462.71910029053,0
1415.1,11.45,13.09,0.657,2660.9685958579007,0
885.9,20.31,27.5,0.707,2730.372116899079,0
792.0,13.16,57.12,0.796,2778.021262625836,0
3852.6,14.81,49.48,0.863,5059.961737778323,1
69.5,14.9,81.27,0.481,3783.79422865794,1
3120.6,41.52,47.27,0.44,3176.377714574812,0
79.7,17.06,67.42,0.573,3227.679000204688,1
1549.7,48.54,56.94,0.599,2311.464811376228,0
1008.5,11.96,36.0,0.364,2537.407355278683,0
753.2,16.55,71.53,0.649,2547.0078853379923,1
1287.3,47.88,44.02,0.826,3331.692027732159,1
982.7,23.03,41.51,0.785,2430.2817495147065,0
193.1,2.48,35.05,0.735,2295.5882555476624,0
3780.9,13.78,65.79,0.117,2373.7169702028423,1
92.4,27.79,36.2,0.617,1764.6715062742137,1
755.8,38.92,25.43,0.418,2550.402505890756,1
1783.8,3.35,90.57,0.655,2769.221040789789,0
1072.4,15.17,33.11,0.678,3227.9887555450646,0
984.7,19.19,49.03,0.519,1664.860778728124,1
4734.1,7.86,24.5,0.445,2772.9191614893043,0
334.6,11.12,75.2,0.649,2875.6733764755027,1
2777.3,53.6,67.96,0.35,2320.3968923567068,1
195.1,8.39,20.84,0.713,2555.502571624261,0
1689.1,19.18,6.25,0.25,2781.19969736356,1
1772.9,29.12,50.98,0.619,2352.6211035234533,0
470.1,9.15,62.65,0.58,2244.08983570327,1
1419.8,25.57,56.51,0.605,2872.664723653012,0
3729.4,47.1,60.78,0.588,2403.6997744371174,1
372.0,8.54,39.16,0.778,2310.2023304781496,0
3125.8,32.96,22.58,0.252,2412.1610378131104,1
669.9,10.56,17.15,0.627,2433.687075148292,0
1424.6,43.08,35.41,0.624,2928.907857523553,0
210.2,26.61,83.27,0.336,2754.6886328671294,1
604.8,21.41,28.41,0.581,3381.3551878450426,0
1208.8,15.0,44.52,0.621,3226.403175564052,1
2707.0,13.94,68.46,0.48,2684.950757857667,0
303.9,17.5,97.23,0.481,2432.114205260868,1
2160.8,38.83,68.89,0.555,2705.024400529888,1
584.6,1.22,44.85,0.633,2751.731898275728,0
1129.3,20.5,44.33,0.477,2618.455817763444,0
559.9,21.5,53.56,0.56,2894.3534604163506,0
792.8,16.04,51.5,0.538,2684.950757857667,0
1854.6,27.12,65.74,0.871,3876.812672679546,1
4094.7,10.64,72.89,0.724,3799.307516726511,1
118.7,22.96,67.58,0.176,3307.456752535004,1
2538.4,13.21,71.52,0.215,2892.505896628953,0
620.8,36.67,31.88,0.412,4426.742700825384,1
1253.7,16.65,87.11,0.647,2620.1938598422475,1
1596.5,27.52,44.33,0.338,2653.195649145651,1
715.3,29.3,35.98,0.567,2572.766390700339,0
1015.8,9.13,38.55,0.543,2943.271251678477,1
4498.8,44.27,16.53,0.469,2642.55532062705,0
35.2,44.21,85.22,0.653,2682.534581128243,1
2397.8,43.23,50.92,0.661,2231.4658692959383,0
168.2,6.47,62.74,0.419,2845.821563679268,1
2192.3,10.79,73.52,0.611,4778.1883381036805,1
879.6,28.06,43.99,0.744,2790.5492044320827,1
481.2,14.73,73.04,0.523,2199.1713546849937,0
1140.9,7.79,6.73,0.828,3340.2652760514457,0
4660.0,49.43,46.94,0.337,2432.410873783861,0
478.9,9.83,32.93,0.53,3233.169362639669,0
3785.9,19.16,60.52,0.902,2314.846269847814,0
198.7,1.62,20.59,0.529,2287.9078600418425,0
1725.8,14.75,55.91,0.093,2337.692241810557,1
343.9,29.11,63.95,0.816,2765.3947683200254,0
1708.8,18.43,27.16,0.783,5283.908774827133,0
1537.6,16.57,8.83,0.397,3562.811247012733,1
1738.7,16.83,46.19,0.677,2282.240980320519,0
335.1,13.33,76.92,0.543,4826.430510252222,0
2642.9,14.19,80.22,0.377,3519.185911556727,0
359.2,42.87,64.03,0.39,2768.963113953618,1
2188.3,13.42,93.78,0.513,3763.533687884471,0
159.1,44.47,42.39,0.388,2195.959409298581,0
802.5,30.39,78.84,0.449,5068.459545664242,1
1964.0,33.84,53.22,0.633,3257.665155582865,1
1657.4,5.28,70.22,0.891,2795.368651236025,1
873.4,9.33,61.37,0.536,3456.6850970138494,0
3158.2,7.29,76.52,0.702,2462.23572253281,0
160.9,25.01,23.66,0.45,2406.0041881383004,0
762.9,15.52,62.27,0.306,2684.950757857667,1
1622.5,34.28,78.92,0.374,2486.388913323957,0
962.4,30.31,55.02,0.708,2388.949627729523,1
323.1,8.25,100.0,0.528,3653.560378574297,0
2727.5,20.44,36.74,0.732,2278.363660894426,0
764.2,23.75,8.36,0.753,2684.950757857667,1
2274.3,45.57,25.94,0.497,2204.770110004513,1
516.3,17.97,45.2,0.493,2721.766502894058,0
2044.3,15.37,56.25,0.378,2596.165428182966,0
635.2,13.89,44.44,0.709,2265.470038404384,1
1785.0,20.49,43.63,0.777,6103.029845325978,0
2294.1,15.51,54.59,0.681,2661.774332918732,0
4036.0,17.7,67.36,0.677,3241.3632556513144,0
289.0,6.93,32.5,0.628,2302.081453536777,0
3782.3,18.54,45.93,0.95,2956.545215505552,1
689.8,13.1,74.14,0.723,3221.636892539916,1
1966.5,14.32,17.71,0.509,2684.950757857667,1
1813.0,17.94,45.9,0.621,2433.3198275500554,0
984.7,16.44,49.99,0.651,2129.81268829342,1
1451.3,4.57,43.5,0.696,2480.140885685608,1
4754.1,25.08,29.68,0.795,2769.44174941939,1
523.5,10.35,5.0,0.723,2540.322849145324,1
4334.5,17.73,47.58,0.452,3414.9464086996427,1
319.9,14.88,56.83,0.494,2219.3553664226115,1
1257.9,9.89,62.0,0.573,2426.2065204256105,0
1033.2,24.67,28.6,0.377,2497.465096976752,1
1594.5,22.73,68.9,0.426,3098.94350786682,1
2209.5,24.82,79.4,0.298,5307.212189620762,1
4485.6,12.65,81.71,0.541,2825.878476060197,1
87.6,9.5,64.9,0.229,2563.773244930135,1
1802.9,23.14,61.74,0.479,2609.993000992873,1
486.3,39.08,88.34,0.565,3391.80744472251,1
2018.4,18.5,77.27,0.554,2642.588238779188,1
1881.9,21.61,35.43,0.409,2357.8585309404243,0
1551.5,6.22,43.5,0.858,2338.024756816019,1
2484.7,27.13,49.8,0.568,2330.0749057606367,1
4551.7,9.33,29.24,0.639,2369.60031149285,0
201.5,15.07,27.32,0.6,6174.436485723348,0
3644.6,28.0,52.16,0.396,2635.050797012482,0
756.2,8.85,57.19,0.419,4221.524356591219,1
1106.8,22.25,48.9,0.885,2681.128835190501,1
1734.1,16.7,46.81,0.416,2365.366803579537,1
574.1,25.14,25.03,0.679,2923.4663646166928,0
597.9,47.48,40.05,0.416,2416.035117822269,1
1592.7,14.86,48.87,0.814,2500.792963594261,1
607.6,29.04,49.05,0.888,2256.788489618942,1
3265.0,10.65,25.27,0.89,4305.072502503552,0
696.5,10.88,58.78,0.775,2318.80646641072,0
2023.5,13.18,11.03,0.927,2684.950757857667,0
572.7,26.19,24.89,0.804,2773.280747189492,1
1665.6,17.13,75.3,0.603,2783.583335421897,1
2416.2,12.48,30.53,0.95,3350.6153534070586,1
4355.9,4.15,17.97,0.724,4181.65591758464,1
693.7,7.85,49.14,0.721,2553.8128601708977,1
1816.1,27.37,59.02,0.347,2355.844442806,0
582.7,16.12,34.59,0.866,2411.243514220002,1
2238.2,24.22,70.63,0.686,2746.1352451812745,0
249.5,31.64,45.44,0.433,2251.388792055132,0
612.3,11.87,45.04,0.372,4063.8916309466063,1
1333.1,26.2,82.18,0.757,2526.3751273599487,1
4225.0,39.44,56.3,0.663,2984.799557255866,1
722.1,7.82,19.37,0.7,4948.797172576201,1
3521.1,26.26,100.0,0.464,2203.729212761445,0
194.1,24.96,62.2,0.491,2646.908744835118,0
2341.5,14.27,38.64,0.664,2746.853484287045,0
639.5,15.76,76.32,0.199,3074.185139757563,1
604.7,17.36,29.34,0.661,3094.275175194369,1
2160.5,17.75,30.29,0.598,3227.734795922269,0
2055.2,23.71,66.16,0.517,2639.640170351918,0
813.4,22.86,14.95,0.197,2492.20619376002,1
1655.6,30.39,76.29,0.79,2787.221133951577,1
482.8,18.08,45.25,0.408,3072.6265055450926,1
2283.0,44.44,66.74,0.485,2596.766804078818,1
524.8,7.98,69.97,0.787,2684.950757857667,0
348.0,35.7,93.43,0.715,3536.600459238911,0
948.5,10.66,51.73,0.802,3297.776865272146,0
3864.0,13.96,91.76,0.758,2584.5618507371114,1
150.8,16.0,59.1,0.562,2483.219122597813,0
2742.7,27.94,76.35,0.637,2684.950757857667,1
300.8,11.28,53.33,0.52,2677.965140824446,0
2330.9,24.2,66.55,0.847,3827.058937132303,1
867.0,6.63,65.3,0.731,4155.938615969163,0
1688.3,17.62,58.54,0.509,2744.501375289115,1
2206.2,8.52,6.63,0.526,3648.7032934649073,0
2455.3,22.39,61.98,0.542,2790.888074537546,1
506.4,13.78,54.76,0.504,4021.8793956079408,0
1509.3,15.75,39.93,0.612,1732.5345549967487,0
81.2,12.36,29.37,0.466,2772.7223922831186,1
941.7,11.16,78.31,0.574,2443.864611793296,0
1415.1,13.23,37.18,0.545,2454.595526029851,0
1408.1,28.55,45.09,0.777,2884.6892481878817,1
1461.4,18.8,29.89,0.676,1759.603035479854,0
744.8,11.28,84.95,0.623,2748.254482173116,0
183.1,6.56,58.04,0.509,2001.4995903372835,1
2983.9,24.64,45.53,0.241,2524.451561418499,0
703.2,17.88,40.97,0.23,2649.177952682435,1
1883.1,22.47,58.67,0.796,5308.798655468068,0
342.0,12.86,51.53,0.708,2344.032195937363,0
1310.0,11.21,30.93,0.687,2684.950757857667,1
1983.6,12.34,73.64,0.814,3032.478876244448,0
3488.4,46.59,12.17,0.567,3232.5450129956107,1
429.2,11.08,31.6,0.529,2396.2703053335927,1
3464.6,8.45,65.17,0.62,2608.155983175649,0
572.8,60.0,78.78,0.685,3045.7390300850648,0
1809.2,8.5,19.19,0.65,2513.7561768548417,0
843.3,17.71,63.41,0.773,2212.1560793315966,1
1293.5,42.53,51.72,0.766,2684.950757857667,1
1764.5,8.29,71.93,0.587,2545.280637743881,1
1591.5,21.43,47.92,0.324,2158.958046674756,1
826.1,25.45,46.81,0.245,2359.824576279164,0
2847.9,60.0,69.36,0.888,2755.6913845085,0
326.5,28.75,92.9,0.258,2579.5988939800413,0
1014.1,9.04,43.62,0.344,3167.817358067497,1
1004.2,42.98,53.48,0.539,1977.2473586712144,1
520.9,10.71,59.24,0.581,2506.9866647622293,0
2319.5,25.36,89.44,0.643,2269.0298903237504,0
504.1,16.37,52.28,0.278,3178.1742409671224,1
555.4,30.64,61.9,0.738,2316.10568359579,0
3793.5,60.0,60.62,0.71,2876.005183289069,1
272.0,4.86,66.92,0.388,2723.9529087169244,1
1798.4,11.61,26.75,0.484,5464.437381689638,0
752.2,12.26,66.38,0.741,2073.131759456013,1
1240.6,12.16,33.39,0.433,2844.7581421396308,1
344.0,29.57,19.7,0.316,2432.396944232698,1
4955.0,8.08,58.87,0.762,2502.6921317942933,1
131.5,5.55,59.9,0.708,2423.587559351784,1
3004.2,25.04,68.51,0.594,2031.6873287728529,1
643.7,5.29,67.56,0.365,4121.426713354197,1
1170.7,21.84,60.47,0.901,2487.107402631345,1
151.3,21.03,73.5,0.806,2767.9310810057564,0
1726.1,14.85,63.24,0.786,3905.489119687973,1
1055.6,23.76,76.48,0.464,2636.419414275887,1
1648.2,29.07,78.77,0.95,4538.262532050471,0
886.2,11.32,77.94,0.401,2379.0787650041234,0
3811.0,22.16,60.27,0.29,2898.8677331008776,1
787.6,10.73,49.3,0.383,2694.1479586941937,0
2227.9,15.1,82.53,0.904,2786.846399943524,0
1107.5,25.1,56.6,0.606,2399.4887425597526,0
745.3,19.69,83.39,0.648,2866.8776850480285,1
1893.4,29.47,35.68,0.51,4163.227343925271,1
4533.9,13.31,54.69,0.538,2178.585164978125,1
445.7,27.12,76.31,0.51,2626.265073056987,0
3778.6,13.37,44.94,0.298,2356.443495677653,0
110.1,5.25,46.95,0.95,2610.2929497638006,1
1454.1,7.08,32.86,0.765,2412.68002455891,1
891.9,26.92,53.75,0.681,3133.599859141771,1
1003.9,38.63,77.6,0.451,3188.236598151288,1
1202.4,11.7,50.85,0.384,4334.101500935805,0
4700.6,13.29,38.59,0.378,2833.238758376861,0
94.0,5.11,73.15,0.476,2264.007888263914,0
2284.1,8.46,16.68,0.613,3780.4126988110793,1
62.5,8.99,68.79,0.788,3048.915431367694,1
986.6,15.55,55.01,0.813,1869.2745913759456,0
1718.0,39.0,40.84,0.57,2406.938737876298,1
727.5,19.74,59.75,0.396,5251.515184273297,0
1866.9,34.38,38.88,0.94,2120.0708886608727,0
2415.2,5.52,63.22,0.432,2332.9025618189808,0
673.4,20.76,53.24,0.888,2344.462602450152,0
1681.7,18.63,56.01,0.662,2347.1221335187056,1
280.5,5.95,69.28,0.16,1845.0456614625657,0
2100.2,4.22,29.3,0.669,2118.4611788540506,0
1088.9,18.03,52.46,0.467,2848.7771604509244,1
1005.9,16.79,77.17,0.409,4340.617538547044,1
1322.8,23.19,63.89,0.554,2976.54857507636,1
2964.4,10.5,56.97,0.41,4386.8146391429045,1
451.7,36.35,58.01,0.65,2485.611333620784,1
1671.7,18.97,51.45,0.392,2812.1138755364127,1
229.3,8.15,54.78,0.88,2622.424129791312,0
2431.0,24.86,41.43,0.538,2808.68456256783,1
768.1,18.51,38.59,0.641,2459.1523223050813,0
756.6,26.75,53.94,0.65,2580.420324604177,0
741.9,7.6,39.44,0.615,1757.2900443653198,1
1834.8,22.66,67.13,0.773,2999.261733784224,0
852.3,11.36,69.97,0.426,2262.0308728713467,1
1790.0,32.31,71.18,0.471,3350.026843872873,1
89.8,8.85,71.29,0.855,4781.706691176712,0
1237.4,32.32,56.19,0.468,2658.3128620094185,1
507.1,18.05,86.56,0.687,3096.0076087024463,0
1034.1,3.74,43.98,0.861,2334.7184012097223,1
879.3,27.42,33.28,0.766,3078.3309814249283,1
921.3,15.59,63.27,0.404,3791.9297714752233,1
75.9,7.98,84.3,0.458,3039.6866926092,0
3950.4,28.19,69.86,0.63,2584.205317542913,0
194.8,19.47,37.25,0.678,2434.4322944018422,1
2025.4,9.59,36.83,0.649,2635.447870568704,0
182.2,35.89,64.37,0.673,2069.526008402493,0
1660.3,22.84,43.69,0.508,3336.6218302595066,0
987.3,11.37,45.67,0.516,2751.605319924697,1
2825.2,11.58,100.0,0.486,3317.141334272909,1
264.9,5.51,72.14,0.437,4675.056437807273,1
3042.7,44.84,49.03,0.645,2078.383800642904,0
500.4,14.75,60.54,0.238,2525.85862773708,0
2040.8,49.13,61.06,0.485,2789.344654653745,1
1759.8,22.24,64.82,0.582,2499.8657724171626,1
447.8,16.79,97.35,0.636,2641.632847334218,1
652.6,32.26,80.72,0.48,2458.5004544686776,0
2566.4,40.1,100.0,0.917,1930.2671791749945,0
887.7,11.72,64.77,0.299,2703.742604407192,1
4270.7,36.98,32.79,0.727,2199.069586570476,0
489.3,22.74,9.94,0.446,2287.8841568146204,1
709.5,58.88,39.52,0.31,2694.398128952261,1
1390.7,26.66,36.44,0.758,2206.5166109405554,0
1024.3,12.32,79.29,0.868,2968.60323385301,1
1820.7,22.23,83.71,0.695,2231.417398694211,0
3123.0,19.91,48.85,0.872,2769.3440084322087,1
414.7,27.6,45.08,0.817,2264.7227198737746,1
2947.4,18.42,38.59,0.588,2607.643150450145,0
374.3,9.65,72.94,0.436,3755.359179487806,0
2397.4,24.12,42.04,0.224,3668.937379271548,1
1729.0,11.45,67.79,0.311,2311.29317416044,1
705.0,26.74,49.12,0.746,5244.869555972027,0
1738.3,44.25,66.94,0.872,5052.717715870502,1
926.2,20.55,46.98,0.577,2352.3215032951366,1
609.4,7.57,9.04,0.446,4163.242492618303,0
3598.3,19.98,71.35,0.383,2146.564249606148,1
552.8,7.86,45.1,0.57,2880.0531059986083,0
954.3,24.8,54.62,0.738,2227.966178138373,1
1898.4,40.44,59.95,0.546,2742.6396322284536,0
1051.6,18.15,89.13,0.532,2250.71287980992,0
2331.7,24.71,81.59,0.884,3428.5290793700306,0
2237.3,18.0,38.0,0.561,5235.230195616442,0
787.7,18.08,48.78,0.442,1899.8153088514207,1
2428.3,16.32,50.76,0.58,3259.3672996575165,0
322.4,8.31,26.36,0.582,2424.857545146602,1
2145.6,9.12,49.92,0.443,1992.4605082835435,0
1655.6,25.72,40.73,-0.015,3319.4319942916704,1
1161.2,22.18,29.13,0.681,3352.316073698272,1
2394.3,16.66,44.7,0.615,2627.002607952936,1
513.9,11.49,30.74,0.509,4236.564241462475,0
33.6,12.29,65.62,0.611,3363.1106759183585,0
3623.9,30.89,47.59,0.518,2183.0506028083687,1
252.8,30.52,63.3,0.628,2344.514194039697,1
2193.1,7.81,59.38,0.564,2401.75192091155,0
1658.6,10.0,94.44,0.791,3647.7077186854026,1
1240.2,47.29,18.12,0.364,2583.4389163224173,1
1832.0,20.94,45.25,0.331,2993.2815297519496,1
3128.1,23.16,85.31,0.834,3532.7129269472434,1
60.2,3.51,14.36,0.439,3876.527761039082,0
3855.5,12.7,56.36,0.931,5099.985246837248,1
203.3,20.69,36.82,0.684,2506.5276626052805,0
1405.5,24.93,61.06,0.451,2734.3042461866003,1
250.9,25.99,71.59,0.806,2962.756912737836,0
1788.9,45.67,78.89,0.599,2447.98453383288,1
2265.4,17.69,60.18,0.614,2534.110557824618,0
997.7,23.75,43.44,0.277,3169.562882684862,1
816.4,41.53,5.0,0.611,2674.513944317397,1
4208.7,23.31,57.05,0.693,2300.984397934143,0
435.6,8.29,55.33,0.606,3197.546866389227,0
1379.7,32.89,82.84,0.647,4182.649131458968,1
1504.3,11.08,61.09,0.794,2079.677347662285,0
1090.2,36.14,60.16,0.405,4176.864939466079,1
930.9,21.81,59.95,0.557,3274.399374417648,0
2024.4,20.01,61.05,0.393,2770.48641608691,0
425.2,6.13,67.75,0.366,2639.3187040181137,0
3107.0,26.61,37.04,0.397,2817.222506524583,1
691.3,10.26,22.34,0.535,2391.585437736533,0
1845.6,16.85,58.72,0.555,2279.0631570266924,1
1811.6,28.6,47.88,0.746,2251.235018693789,1
1781.2,18.03,51.58,0.289,3449.4361932452293,0
2155.5,20.19,100.0,0.67,2696.799426300224,1
4503.6,29.54,89.09,0.427,2319.9348465872204,1
421.3,11.13,28.36,0.8,1872.664056745426,0
3965.4,26.42,62.86,0.365,2440.241723355444,0
528.3,6.07,32.98,0.44,2703.897067951617,1
1462.6,30.06,47.14,0.469,2644.6105779576174,1
664.9,26.56,74.89,0.855,2240.5214088057464,0
1063.2,16.34,55.23,0.536,3527.193111650991,1
1056.3,12.17,66.51,0.742,2326.8060948195,0
2122.2,5.41,25.99,0.68,2035.1083659419803,0
214.4,5.33,59.52,0.491,3086.7791691789107,0
2661.5,36.17,35.22,0.854,3081.1629934682283,1
99.4,18.94,44.82,0.733,4226.758179247956,1
2254.5,13.67,51.65,0.397,2554.220604782634,1
1853.5,18.48,80.59,0.781,2163.8119670822066,1
477.4,14.48,70.98,0.656,2642.240758825352,1
915.9,13.44,35.0,0.657,5301.814997510493,1
1360.2,19.33,68.36,0.827,2027.145350324619,0
85.1,6.09,84.4,0.342,4855.852890392352,0
2424.5,16.44,37.17,0.784,2716.6809464816533,1
290.5,13.19,90.52,0.559,3692.817539891353,0
810.4,13.44,63.29,0.841,3452.6168461362254,0
1893.0,25.02,68.74,0.446,2672.814056555475,1
997.3,18.9,47.36,0.8,3186.088520625106,0
2497.6,11.6,14.51,0.458,3547.1376151938894,1
2085.7,5.96,82.58,0.522,2720.4682918357785,1
121.6,12.66,77.02,0.599,2187.014237748888,0
3669.8,16.64,26.14,0.921,3263.7055194141944,1
170.6,9.35,34.47,0.4,2382.1468334136025,1
1348.1,34.01,62.49,0.53,2476.99309942584,1
650.3,18.28,47.87,0.403,4820.96388907959,1
647.6,9.6,67.19,0.328,4169.558017450187,0
2189.7,60.0,44.19,0.502,2133.974913973396,1
1628.6,32.44,57.77,0.943,2536.602035127621,0
475.9,8.02,61.33,0.731,2736.9291935481183,0
3632.4,12.86,31.88,0.553,2419.752819832672,0
418.4,36.3,63.0,0.603,2195.7479952669487,1
2079.4,37.68,30.18,0.43,1974.5365469071407,1
1499.0,26.28,62.8,0.427,4348.963076281458,0
1206.6,25.63,26.49,0.354,2416.545717202519,0
1230.9,49.67,46.29,0.45,2928.5314712444742,1
1922.6,24.84,66.25,0.378,2399.513149135673,0
103.7,13.96,45.83,0.746,2756.532322241495,0
4226.9,19.4,89.96,0.777,5089.054600195576,0
72.5,32.07,83.5,0.28,3604.330270878948,1
925.1,20.51,61.74,0.834,5086.184713778717,0
812.8,29.73,100.0,0.774,3131.3091965711365,0
416.9,53.04,39.11,0.399,2853.377887452818,1
280.0,21.86,49.23,0.56,2789.938098258556,1
4788.1,14.95,86.72,0.603,2426.820680915722,0
343.5,6.11,37.6,0.593,3141.411396717384,0
2060.6,19.36,40.8,0.414,2820.465792074238,0
714.8,3.71,45.16,0.558,2329.422710630112,1
1431.5,27.29,53.58,0.742,2218.872241203611,0
834.0,27.31,47.4,0.775,3439.195193064124,0
1127.2,24.86,68.82,0.61,3034.408599062621,0
1180.9,21.01,60.17,0.597,2499.700052515117,0
709.4,23.03,36.16,0.714,2397.292918756215,1
894.8,19.09,72.39,0.629,2684.950757857667,1
3623.1,27.84,66.77,0.533,4334.894991797451,0
596.1,16.11,64.92,0.333,1651.0056998865837,0
1908.1,13.23,44.43,0.427,2429.6437682803253,1
1865.1,23.35,68.42,0.673,2540.424284998667,0
593.0,18.96,60.38,0.319,5254.960897566013,1
2498.2,16.52,41.5,0.525,3329.7445146799496,1
1261.7,21.07,67.71,0.681,2978.984510785633,0
620.2,16.25,66.17,0.523,4215.760410589245,0
2592.3,23.05,63.45,0.736,2554.6189582447146,1
618.8,2.42,81.1,0.605,4719.885723015289,1
1295.7,11.74,42.17,0.702,2558.006933841483,0
1215.5,12.31,100.0,0.547,2885.184861965281,0
478.5,31.04,40.39,0.237,2128.926919333712,0
1998.2,12.59,56.66,0.591,2616.474968712271,1
2607.2,13.26,31.75,0.689,2234.568930879462,0
596.9,22.51,41.94,0.521,2621.335053305044,0
2767.7,17.38,5.0,0.484,2954.9925134961045,1
147.1,15.85,60.2,0.117,2232.8714940948385,1
1797.2,24.7,56.4,0.544,3404.544227266901,0
976.0,5.22,57.68,0.334,2779.2929285149016,0
527.4,34.91,57.78,0.651,3978.563361615228,1
1894.2,8.3,73.17,0.297,2622.241429641982,1
2508.9,14.69,61.57,0.541,3505.450074824271,1
636.4,12.95,40.46,0.691,4944.260581279205,0
2874.7,16.25,14.98,0.559,2433.856274681913,1
383.1,3.31,48.68,0.579,2893.365061173615,0
2061.8,12.51,60.78,0.568,2821.574210149008,1
448.0,54.26,33.95,0.554,2842.8588767224187,1
1745.8,16.29,77.89,0.763,4431.7534575434165,1
1116.3,25.63,33.66,0.499,2354.138303956672,0
4184.3,14.83,96.04,0.891,2947.359205191064,0
171.6,5.49,30.48,0.621,2551.101046647568,1
4475.2,16.45,66.12,0.458,2747.4374926053465,1
490.9,17.35,52.56,0.812,2710.2851002578054,1
1317.5,17.7,81.99,0.433,2722.1357103056966,0
311.3,9.44,67.78,0.383,2534.131786944302,0
636.6,18.04,77.44,0.705,2787.890293315147,0
1353.4,20.41,55.78,0.472,2364.0601297985672,0
4088.7,22.38,33.3,0.295,2684.315191022536,1
653.4,26.04,63.9,0.517,3321.457369736737,1
3543.9,23.63,65.27,0.734,2232.0941822760533,1
62.0,3.6,67.81,0.67,3142.4564668848147,0
1722.0,31.2,69.13,0.328,2489.7146053240604,0
363.5,29.58,45.8,0.743,2429.1365062827936,0
1478.0,12.72,99.01,0.697,2797.2698888411364,1
1672.9,19.34,66.02,0.421,4454.060454979919,0
3142.0,13.06,61.6,0.285,3403.2192779099646,0
533.9,22.99,60.81,0.874,2717.1934396560546,1
1771.5,25.13,19.97,0.656,3022.511523511172,1
578.7,25.75,19.59,0.479,2670.180462208667,0
1670.2,21.7,35.01,0.623,3792.7762205677946,1
1250.5,24.08,43.86,0.511,2646.3769599347643,0
1080.7,18.9,56.96,0.306,2453.4471938513248,1
2128.3,17.06,56.07,0.545,2318.720092347512,0
4360.8,21.77,46.52,0.574,2686.024810789601,1
613.5,15.0,39.8,0.607,2504.181617073639,0
2921.5,24.16,17.24,0.518,2559.1581228985387,1
669.9,8.13,92.03,0.592,4320.702438771951,0
2326.4,3.83,78.46,0.944,2324.173751934654,0
1756.6,10.58,48.71,0.549,2748.644252773889,0
1004.1,27.36,72.39,0.671,2513.4212800506043,1
2382.1,47.48,51.98,0.403,5213.40171838915,1
776.5,19.04,39.59,0.477,2305.0682246519527,0
482.6,46.48,40.95,0.56,4315.281014691569,1
2732.0,12.61,53.58,0.567,2761.578853564052,0
93.8,24.13,66.25,0.589,5044.806911134674,1
2285.2,43.22,33.61,0.587,2978.1276571196136,1
645.8,9.33,83.95,0.617,2217.711443449044,1
627.1,37.24,64.5,0.543,2597.6038117729986,1
1101.7,14.78,5.0,0.527,3080.321800984508,1
4132.0,14.17,20.57,0.569,2089.7373663558915,1
629.7,46.11,23.86,0.546,2405.152213041222,1
2777.8,16.11,68.61,0.574,2258.52299745668,0
92.4,6.17,50.69,0.332,2322.159241851952,0
928.3,3.99,36.13,0.553,2674.7640108054,0
352.6,31.08,49.84,0.53,2684.950757857667,1
337.5,7.98,84.47,0.482,2615.797835417188,0
1551.5,23.35,63.53,0.464,2692.799514371384,1
1036.5,32.95,23.74,0.582,3267.741061246826,0
412.8,12.35,45.15,0.418,2241.86764847288,1
3004.2,9.12,91.82,0.304,3777.025023167029,1
668.3,9.05,43.16,0.637,2642.887670266205,1
830.0,31.71,61.85,0.606,3123.020953521285,1
814.9,16.71,30.9,0.448,2684.950757857667,0
796.6,43.29,45.3,0.42,2427.3215039601087,1
346.4,22.99,28.91,0.886,3263.617252447473,1
4030.5,56.29,30.62,0.873,3033.704398067574,0
55.0,24.59,54.37,0.739,3199.4460330954494,0
1707.9,29.68,46.76,0.487,2697.229523574524,1
223.2,4.31,43.09,0.582,2884.006028575764,1
1980.2,20.51,70.41,0.286,2311.892526541567,1
1078.0,27.65,51.97,0.251,2674.57539422544,0
1095.5,37.26,24.26,0.578,2577.417030506532,1
1697.6,12.95,60.66,0.82,3086.6562976106616,1
4047.9,13.52,43.16,0.665,2726.539343007199,1
325.2,23.45,76.04,0.599,2252.7982457369653,1
2805.8,17.4,36.94,0.88,4317.062323710158,1
525.1,19.38,10.03,0.648,2021.5488115747416,0
1701.7,12.28,9.55,0.582,2274.625662352275,1
352.0,44.56,55.73,0.56,2319.6713586128462,1
619.5,26.48,48.72,0.418,2684.950757857667,0
1146.5,32.11,88.79,0.208,3596.364735452161,1
3197.5,12.27,41.87,0.886,4095.603019534988,0
849.6,25.88,47.88,0.43,3075.442968894441,1
1754.5,17.62,63.45,0.479,2225.480550940854,0
118.8,24.86,30.83,0.612,3270.9359019690046,1
1379.0,45.75,68.88,0.682,2240.335194255276,1
452.7,8.65,84.71,0.652,2137.03325265149,1
566.0,21.09,70.37,0.529,2978.67120539714,0
1544.6,22.83,47.69,0.423,2178.598211922688,0
4536.5,31.77,38.0,0.665,2467.838028336524,0
654.2,37.86,89.61,0.584,2268.371425897132,1
1640.5,12.04,57.79,0.516,2884.1385383029365,0
87.4,32.61,86.78,0.766,2023.959568678764,0
1876.3,24.52,56.84,0.584,2605.000614292197,0
1180.7,9.74,46.78,0.643,2381.51367825816,0
1497.9,33.26,38.76,0.206,2104.296133615347,1
2207.3,5.62,44.25,0.825,2158.269256703401,0
3470.8,28.16,40.73,0.633,3598.9606077614403,1
791.9,10.5,45.39,0.697,3225.7295015711943,1
4485.5,21.54,29.0,0.487,2610.2701495186952,0
489.6,4.49,5.0,0.428,5676.221429593063,0
1409.4,34.24,60.9,0.549,2711.6156968349915,1
1324.9,20.35,63.13,0.443,4347.585226456102,1
1316.7,11.08,29.26,0.596,2776.3311624368857,1
1816.5,8.14,46.17,0.598,2417.888893290856,1
2897.5,19.11,36.45,0.486,2913.378055968424,1
303.0,7.1,66.38,0.684,3263.4482756453936,0
1565.5,8.67,62.7,0.546,2277.9020274929426,0
757.4,2.41,27.87,0.569,1978.5654809753123,1
1951.0,14.47,64.4,0.547,3796.621899188117,1
263.1,16.91,51.17,0.384,4017.8835609486096,1
888.1,26.01,50.23,0.517,2181.1719589776862,1
2400.5,8.59,71.96,0.673,3386.4499368786774,1
2238.2,19.89,77.0,0.319,2869.1905289563524,1
96.3,24.94,52.1,0.692,2002.5363905724569,0
4292.3,20.32,12.1,0.832,3009.5477341080045,1
498.2,9.58,95.65,0.747,2631.294766090974,0
881.7,33.13,37.65,0.267,3036.4970666180943,1
1712.3,7.64,63.1,0.467,4005.70965226462,1
1545.9,29.39,50.33,0.693,2148.024391486563,0
1731.7,21.96,54.22,0.289,2398.392904925968,1
646.9,10.56,37.12,0.369,2621.075505490792,1
354.3,25.14,67.93,0.681,2605.200693356692,0
2494.3,38.18,24.92,0.321,2320.5910357155644,1
359.4,34.14,72.66,0.63,5265.380703529599,0
700.1,25.19,56.46,0.604,4149.207154831351,1
1406.5,29.37,34.08,0.76,2645.16363189751,0
624.9,14.9,34.31,0.777,2314.342186027124,0
1627.1,18.06,35.99,0.405,3166.487502225193,1
1885.8,17.06,63.39,0.385,2007.9775129900293,1
817.4,19.12,44.51,0.779,4203.946212463774,1
1923.9,38.45,36.78,0.508,1898.3412005406867,1
326.0,14.91,61.15,0.483,2318.812767282321,1
2266.2,18.16,77.9,0.525,2665.918969080508,1
1825.9,33.08,93.71,0.539,2398.473457219856,1
851.3,5.67,59.61,0.328,2529.959177739307,1
642.9,19.88,74.21,0.541,2549.2068817849204,1
2534.6,9.22,72.75,0.471,1850.7519122561623,1
195.5,13.72,84.77,0.479,4833.660052516799,1
2838.1,4.02,66.15,0.311,2554.5859581053087,1
600.4,3.17,27.41,0.553,2355.6789013250886,1
1209.2,12.48,80.73,0.699,3613.416207957685,1
610.8,20.97,63.87,0.385,2898.7773978849496,1
456.9,11.72,73.72,0.605,6096.329468052151,1
1805.3,17.18,43.88,0.7,2266.16041462097,1
4413.5,24.17,38.27,0.659,3670.995960355048,1
142.8,15.0,44.37,0.759,3508.053606383144,1
4274.8,14.25,66.66,0.73,3816.9760074962783,1
733.4,17.68,60.36,0.482,2735.8942580944163,0
2126.4,35.25,60.24,0.608,3288.8287610720563,0
1210.7,20.14,41.9,0.81,5264.860989269468,1
1717.4,12.51,25.02,0.277,2525.75584283998,1
1159.2,27.73,76.12,0.266,2233.012726271123,0
2466.0,15.8,50.55,0.522,2812.1675011634807,1
300.0,7.75,16.84,0.691,4862.271614995938,0
2600.7,46.95,49.69,0.473,2615.034826435733,1
78.3,13.75,41.69,0.358,2684.950757857667,1
1051.2,20.05,89.98,0.575,1697.563714942563,1
997.8,31.27,25.37,0.707,2679.2976513408744,1
643.9,23.8,84.54,0.72,3651.932963611845,1
1086.0,19.09,56.44,0.608,2643.945293222884,0
1417.2,18.08,56.47,0.41,5300.731752847829,1
120.4,12.59,67.1,0.438,2414.926560971045,1
3206.1,18.32,36.35,0.647,3424.301113502429,0
725.0,10.52,80.57,0.556,2561.138883063411,1
2466.9,29.03,75.24,0.47,5290.500902265844,1
357.5,16.66,76.05,0.64,2350.739684875872,0
480.1,47.04,72.62,0.555,2192.335288673814,0
1272.1,24.84,71.09,0.605,3463.112885479743,0
2610.7,14.77,56.0,0.887,2397.081772941908,0
160.7,4.56,51.15,0.455,2754.8904095754747,0
2386.4,12.28,71.78,0.392,2412.129804533404,1
768.9,4.33,17.88,0.385,2272.7779160778573,0
1307.4,14.26,22.09,0.521,2299.32995045502,1
701.0,12.03,67.6,0.694,2591.5661141760925,0
1527.5,7.93,80.72,0.921,2509.6151098759274,0
317.3,12.55,42.92,0.95,2511.358558662293,1
1990.9,12.94,35.44,0.95,2422.6110986739727,0
105.0,17.51,44.31,0.476,2084.5279756537675,0
3580.7,24.17,82.45,0.474,2408.3070222698107,0
636.7,24.67,60.52,0.531,2374.837463644349,1
1783.8,18.58,54.21,0.494,2175.432922487725,0
1192.5,26.94,44.32,0.427,2264.7869826592546,1
1705.1,17.36,84.16,0.47,2941.5754261750035,0
668.6,6.82,65.62,0.828,2050.926731726615,1
4390.3,8.31,82.67,0.704,2558.683785892932,1
183.1,10.25,69.42,0.553,2358.429661482264,0
2987.9,33.57,54.82,0.772,2239.627629685427,1
601.9,2.81,28.37,0.525,1977.5789235448533,0
1388.4,17.36,41.22,0.551,2798.430785403214,0
231.2,33.8,39.7,0.681,2608.357666798122,0
921.1,17.82,26.81,0.516,2767.78238763285,0
1179.6,21.04,100.0,0.294,2684.950757857667,0
706.5,13.29,50.36,0.56,2684.950757857667,1
708.4,38.35,40.43,0.642,3348.9727228411766,1
4101.8,28.26,91.13,0.489,2730.7560709675986,0
738.8,40.26,62.17,0.44,2060.223297399301,1
2169.7,12.89,61.63,0.556,4446.564390592894,1
191.7,44.48,52.12,0.586,4336.133237567622,0
855.5,34.23,63.12,0.75,4265.232671559329,1
502.6,39.46,41.49,0.297,2708.893426104104,0
4340.5,20.24,49.39,0.65,2771.4551730639614,1
117.1,15.23,37.54,0.463,2616.95307827974,1
3016.7,10.86,60.5,0.709,2326.3287069221246,0
54.3,8.44,79.83,0.377,3605.764466100749,0
1473.4,18.19,45.24,0.46,2751.465845977811,1
904.5,25.58,48.34,0.903,2833.58421836371,1
1409.5,20.77,58.66,0.442,5261.425308944364,1
645.7,12.0,44.89,0.373,3354.179552322946,0
4005.2,26.83,53.4,0.784,2296.089298551285,0
389.9,9.33,50.29,0.863,3735.431598526144,0
3899.4,22.3,90.97,0.436,2827.30584821295,1
136.6,12.2,57.32,0.832,2562.985844716362,0
1459.3,18.81,42.4,0.518,2464.438568920121,1
625.5,17.53,76.57,0.822,2655.1671493411804,1
960.6,15.5,54.03,0.307,2368.752340321093,0
1713.6,14.4,34.3,0.542,2059.8739492409354,1
851.9,16.64,38.23,0.629,4866.811256024899,1
373.8,7.98,37.59,0.732,2195.281774724993,0
3954.3,36.51,70.95,0.764,2190.8230130796824,1
543.1,5.09,44.83,0.827,2483.2210034144814,0
1518.0,34.62,84.56,0.292,2337.983184766812,1
298.1,49.36,8.63,0.17,2816.208202399835,1
965.9,10.03,43.6,0.562,3056.276472194297,0
408.7,59.33,56.38,0.496,2651.328295475124,1
1172.0,33.11,79.18,0.749,2540.1766535856805,0
147.4,6.37,22.76,0.572,2182.7392986662257,0
1778.2,48.08,40.47,0.59,2499.736937288648,1
501.5,10.05,44.61,0.801,2731.690082276593,1
1994.5,21.38,57.28,0.494,2880.6637648650576,1
429.8,12.59,85.55,0.205,2224.584587060737,0
1324.6,45.53,42.49,0.49,2179.918887266354,1
811.2,45.76,73.59,0.659,2064.653595805569,0
1765.6,16.45,48.63,0.159,2637.133200429036,1
229.3,17.83,52.83,0.471,2448.596609117304,0
3010.6,17.29,54.22,0.754,2276.545114288491,0
210.7,1.3,56.41,0.641,1679.666587308598,0
1340.2,35.44,85.17,0.622,2414.9326389160947,1
1038.2,19.01,51.17,0.468,2581.127885345096,0
832.8,40.19,40.27,0.611,2926.3995841017554,0
1337.6,3.14,39.21,0.604,2823.268373604436,1
722.6,24.31,45.9,0.332,2785.3996597719206,0
311.9,36.82,30.08,0.442,2007.2841279392017,1
1769.7,14.35,30.97,0.731,2628.3560295959023,1
605.4,32.19,67.0,0.706,2291.1829664189863,0
2264.5,11.62,58.68,0.748,4893.948910462362,1
1760.4,3.79,68.86,0.95,5703.648973402412,0
913.4,24.05,54.89,0.542,3187.165884199187,0
1086.3,16.32,90.01,0.331,2841.780004491909,1
4173.4,44.41,33.1,0.611,4314.668836289557,1
114.2,14.53,58.4,0.421,2885.300823487856,1
3291.9,27.8,56.59,0.292,2684.950757857667,0
525.2,44.38,57.45,0.034,2615.587652242997,1
2112.1,24.74,62.02,0.714,2407.0523560245088,1
1596.7,5.46,50.85,0.751,2603.047895304515,0
1236.2,42.58,31.24,0.568,2480.9661603551176,1
2427.0,17.83,60.44,0.471,2443.606122136516,1
2819.9,10.27,85.15,0.479,2045.806054065994,0
796.9,11.28,52.92,0.597,3702.4939623779633,0
3651.2,19.62,65.48,0.35,2454.52913221406,0
70.2,31.29,26.15,0.515,2425.683453513011,1
1627.2,10.02,60.93,0.703,5291.753050802954,0
1326.0,22.22,76.37,0.543,1967.460785840151,0
419.4,41.64,67.55,0.584,2438.0968565394483,0
1467.4,19.88,76.81,0.354,4404.556102463494,0
4880.6,24.08,62.42,0.648,2686.096060661948,1
44.3,24.7,52.41,0.368,2659.83933609262,0
1628.4,19.98,46.37,0.481,2693.914940533053,1
261.3,52.13,74.14,0.715,2013.428484477649,0
775.3,42.13,64.93,0.517,2889.7848337263163,0
497.7,49.31,67.47,0.615,2728.6459967149617,1
757.9,34.25,67.27,0.593,2786.67014628965,1
408.9,24.07,72.14,0.531,2775.640936386625,0
3793.1,22.46,48.01,0.429,4332.777446440666,1
370.0,10.91,71.25,0.447,2597.828624686444,1
3909.9,7.56,83.08,0.355,2339.739043072969,0
515.0,11.47,66.48,0.793,1767.103960908826,1
862.8,20.38,28.66,0.567,2166.3680235796924,0
1891.6,8.36,72.37,0.722,5055.591682645381,0
372.3,28.09,48.43,0.397,2804.079565000734,1
409.4,14.99,53.75,0.95,2247.459718891653,0
1443.6,16.84,43.48,0.594,2460.100086990474,1
39.5,29.38,38.64,0.726,2203.167616178571,1
3243.8,17.42,67.34,0.67,2722.41781625181,0
404.1,5.85,41.13,0.566,2046.364293866549,1
2242.7,10.74,72.6,0.636,3127.6085710701145,0
1101.6,23.37,45.97,0.314,2329.0445169926893,0
1533.0,29.63,78.21,0.326,2140.7960178250864,1
2353.7,16.7,100.0,0.613,2854.8003383234463,0
4707.7,16.17,22.8,0.467,2756.5395561751243,1
282.4,19.33,72.33,0.636,2707.833363473982,0
4061.0,17.57,60.76,0.642,2705.8255353063582,0
647.4,21.82,31.34,0.618,2786.872256440294,1
1277.3,17.92,79.21,0.371,2315.877778687754,1
643.9,28.28,81.57,0.662,3995.293596687922,1
1685.0,25.14,80.38,0.669,2765.0035625331984,1
1306.6,12.75,49.24,0.557,2611.705077585333,1
1383.4,15.27,36.9,0.917,2718.676452263277,1
886.6,12.61,52.38,0.391,4078.306637700184,1
3638.2,13.74,50.6,0.595,4892.566027610471,0
582.3,42.12,72.76,0.631,3240.4764665026155,1
2172.7,11.64,81.75,0.515,2517.835410309343,0
1558.5,14.05,43.63,0.435,2342.728217010173,1
608.1,9.87,55.44,0.456,3427.005383456792,1
1890.6,20.76,42.17,0.505,4231.112595298822,1
4809.2,20.13,43.93,0.486,2964.182323261388,0
96.4,13.1,52.91,0.555,2933.02660718088,0
3728.1,27.42,60.2,0.625,2798.999906612772,1
353.7,60.0,68.22,0.95,4399.69192338853,0
1321.1,11.73,89.04,0.593,2593.093930690211,1
212.9,23.0,53.57,0.472,3268.644539708624,1
1059.6,10.58,51.99,0.606,2551.7284950400444,1
1880.3,25.48,8.83,0.919,4118.54579311118,1
2405.5,36.65,57.31,0.723,2460.009542586344,0
172.3,6.33,58.41,0.797,2879.96797567605,0
2024.6,14.18,85.19,0.496,3788.059219615854,1
111.3,3.08,5.0,0.478,2083.6019237264804,0
1366.4,37.25,51.71,0.518,2316.4078514339403,1
388.5,28.31,59.89,0.881,4338.927539351634,1
1666.1,10.88,74.96,0.558,2708.445110390109,1
2123.2,12.9,48.97,0.88,2451.432484053309,0
2313.0,10.83,82.28,0.504,2627.3929691878784,0
633.0,9.81,41.45,0.756,2400.768653694204,1
1548.0,44.52,75.02,0.404,2684.950757857667,1
617.0,26.45,81.55,0.72,4271.451266572512,0
2104.9,13.23,57.65,0.351,1901.4238817842609,0
822.0,11.32,27.11,0.661,2478.403464984576,0
1117.1,13.96,80.38,0.718,2278.6639988267607,1
2114.8,40.38,37.95,0.841,2016.3388636601792,1
866.1,25.42,25.69,0.402,2207.3133280950387,1
769.0,10.85,49.19,0.674,2379.0974056658683,1
1532.0,26.03,41.66,0.876,2695.8297598273134,1
650.4,33.38,67.26,0.722,2266.185977986024,0
998.8,14.97,64.25,0.723,2320.312306842865,0
1717.7,16.93,41.71,0.444,2353.02415574462,0
708.5,13.36,30.51,0.688,2556.464705835081,0
2183.0,24.16,45.9,0.95,3102.7853599062187,0
2307.8,15.34,100.0,0.203,2771.1804425945725,1
88.3,1.32,69.87,0.277,2586.649077881428,0
1594.9,7.31,22.01,0.507,3009.988402131221,0
458.9,8.45,84.79,0.389,3303.72174258325,0
2036.9,51.11,57.18,0.587,2571.219669919799,1
339.2,20.33,24.2,0.626,2920.159626945332,1
1798.5,30.79,79.35,0.646,2383.9371343792245,0
551.4,19.43,53.71,0.52,2404.189575607274,0
4670.9,36.73,71.23,0.292,2356.282194995131,1
397.0,38.49,73.03,0.742,2011.1683219228864,1
3921.9,35.56,37.14,0.767,2510.6897775562024,0
633.1,7.39,77.33,0.629,2465.803224328748,1
911.2,7.52,40.57,0.861,2233.297193795476,0
190.3,57.76,63.01,0.713,2802.184280382342,1
408.4,26.12,33.89,0.439,2563.549172510972,0
1942.8,11.69,56.46,0.514,2684.950757857667,0
1777.6,29.98,44.64,0.269,2504.10224672133,0
344.9,34.06,59.8,0.266,3071.8476168777493,1
3288.4,22.29,5.0,0.668,2111.804231782217,1
307.8,9.63,90.95,0.515,2287.3336538285434,0
1701.9,21.61,69.17,0.193,4973.036546838697,0
721.1,23.66,82.54,0.48,4110.432502949781,0
1700.4,17.41,64.35,0.556,4827.788396662411,0
1734.8,26.13,56.22,0.389,2696.815961364282,1
852.7,26.94,51.22,0.168,2310.5659493461617,1
55.2,10.45,83.65,0.484,2486.2714406543582,1
1631.3,7.06,55.98,0.509,3085.554472092039,0
501.8,5.96,72.49,0.129,4167.035341391541,1
1716.0,25.1,55.53,0.581,2366.5842779763857,1
1610.0,39.36,65.62,0.492,2270.100896235611,1
707.0,43.43,62.92,0.728,2802.1880078608,0
1092.7,18.15,13.16,0.779,2408.423766037575,1
3912.1,23.82,89.45,0.778,2180.840215674936,0
568.0,11.09,74.45,0.446,2284.7015573113986,1
1813.7,10.17,24.42,0.539,2328.83205307278,0
710.0,4.44,71.93,0.95,1710.1631820870805,0
2499.5,10.23,67.54,0.28,3750.106743969403,1
922.9,14.4,62.37,0.332,2356.995223262484,1
1628.6,14.41,51.88,0.65,2495.450853955605,1
1629.8,27.26,38.52,0.464,2806.9728722174627,1
1357.7,6.14,65.88,0.378,2857.816985373473,0
870.9,46.33,58.87,0.625,2869.834374636236,1
2894.7,4.91,75.12,0.491,2492.833564467246,1
303.7,8.32,30.75,0.72,5106.188567467101,0
1122.9,60.0,64.65,0.301,2402.3580248028074,1
1351.8,14.96,48.94,0.522,3035.353240195397,0
315.6,8.33,58.51,0.545,2075.308200354048,1
1819.2,28.76,43.26,0.452,2159.7197814609654,1
2929.7,26.53,6.36,0.557,2974.7820598073595,0
72.6,58.05,66.01,0.465,2750.9286241284985,0
2451.5,15.08,5.28,0.811,2894.236170478454,0
65.0,23.56,64.63,0.544,4133.759031659532,1
1304.1,13.98,33.51,0.756,2405.476996896054,0
1347.0,13.23,42.44,0.559,2341.5302082127923,1
658.6,10.7,88.49,0.824,2450.27105224939,1
2063.8,15.35,62.89,0.637,2407.5057217996823,1
1550.0,21.3,55.51,0.501,3077.503078181826,1
738.2,31.35,41.91,0.655,3280.159401652889,1
2727.0,20.62,53.91,0.607,2515.964291730584,1
53.1,19.82,67.68,0.376,2158.409736007377,1
1918.1,22.51,31.21,0.543,2810.4477749537014,1
282.3,22.75,47.44,0.087,3400.3135237531205,1
381.0,60.0,44.37,0.618,3775.492728662884,1
830.3,33.08,38.52,0.563,2684.950757857667,1
4019.3,10.67,37.95,0.482,2069.4124780708,1
825.6,7.81,83.98,0.644,2794.387549871157,1
3301.7,15.91,61.69,0.894,2644.2898307721603,1
489.7,8.51,72.25,0.723,1895.0999138475447,0
2335.9,17.47,52.63,0.553,3675.611738342088,1
504.8,31.0,75.05,0.498,3508.3131735221214,0
1476.3,33.9,94.48,0.507,2371.986277792964,0
2237.6,19.47,17.66,0.35,2267.9180597693075,0
4001.0,14.74,28.6,0.752,2520.845554988932,1
462.6,7.64,38.92,0.731,2270.962786518243,1
1874.1,5.37,18.83,0.834,1906.741085593325,1
515.6,4.98,73.26,0.884,2723.7534409979103,0
1986.2,31.69,41.12,0.71,2126.7552778550207,1
1340.6,21.04,79.9,0.413,2278.214590712296,1
1717.1,19.42,61.61,0.641,2884.660754186369,1
2356.4,11.12,30.63,0.489,2787.566983624631,0
1416.6,32.59,61.43,0.742,2496.487370868537,0
378.3,44.07,68.31,0.904,2572.8833478603524,0
1569.6,8.48,41.89,0.655,2394.7265330156606,0
133.6,15.75,65.21,0.528,3438.62515489048,1
2199.9,12.93,66.29,0.539,2409.673807816123,0
525.6,6.58,50.61,0.947,2654.489757333531,0
1207.9,42.38,52.37,0.579,2928.0383538842334,0
1928.0,11.23,69.09,0.474,2222.039584507453,0
4195.8,8.55,49.89,0.531,2747.787157719498,0
785.0,7.4,63.1,0.778,2496.604979807676,0
4351.3,23.62,5.0,0.516,4029.8831735891295,0
624.3,28.13,65.74,0.488,2029.7251514445315,0
1354.0,16.65,23.95,0.248,3040.121397034325,0
429.8,23.1,47.45,0.421,2259.2945154330146,1
708.3,26.2,34.51,0.132,2581.648311089582,0
1383.0,6.5,78.43,0.797,3150.664406948092,0
3756.6,20.67,73.73,0.583,3366.5025814961577,1
455.9,26.97,20.69,0.393,5028.379334329134,1
2041.5,24.71,53.22,0.685,3000.3595935022595,1
548.3,29.12,100.0,0.877,2709.465131323144,1
2046.9,14.0,25.94,0.414,2539.9461600740506,0
871.7,47.86,68.74,0.317,3324.4548496864622,1
1120.7,10.54,54.88,0.535,2253.542679992521,1
1017.6,12.08,43.18,0.619,2647.6076425813085,0
3444.1,21.84,50.8,0.403,2306.050974814292,1
789.3,17.06,48.25,0.522,2420.7682735928056,1
3128.2,13.49,83.2,0.698,2280.1384762306075,0
579.2,11.53,60.47,0.274,2717.084194647592,0
1985.1,8.26,63.82,0.669,3395.7993677895247,1
1299.8,15.45,68.9,0.754,2124.5428562901766,0
1359.0,52.76,39.79,0.771,2750.058182244187,0
879.1,22.69,45.75,0.483,2098.663496710955,0
3673.3,9.37,60.25,0.76,3478.0899428339926,0
90.2,18.19,65.66,0.453,2850.519058937021,1
2863.1,11.8,31.18,0.471,2016.0374759778,1
141.0,11.34,86.96,0.52,4838.677927808695,0
1133.4,34.82,58.53,0.58,4876.210335189094,1
1008.8,30.66,34.32,0.785,2223.74281722618,1
871.0,43.92,28.92,0.725,2680.4839578413967,0
2102.3,29.97,70.82,0.41,2658.6758049378523,1
4253.6,27.71,49.28,0.485,2157.1648830746585,1
575.0,39.98,50.6,0.658,2329.636816092623,0
1539.8,18.64,75.01,0.872,2467.339481652674,1
628.5,26.14,41.35,0.684,3409.2359587275123,0
2367.2,38.65,54.11,0.374,5696.123439441379,0
506.6,16.57,9.99,0.427,2739.988582247124,1
650.7,10.18,29.95,0.473,3142.092207759047,0
2105.6,12.8,67.92,0.752,4301.857917738058,0
1375.3,28.89,32.19,0.535,3613.977444684995,0
743.2,37.38,86.74,0.679,2702.5725907748338,1
1548.2,33.3,38.77,0.444,2557.862403051012,0
788.3,7.26,37.02,0.598,2240.6360098110763,1
978.8,11.57,84.42,0.896,3806.0244763086553,1
606.3,42.56,47.12,0.715,5272.590772448179,1
494.8,30.15,61.65,0.445,2354.077722759705,0
774.6,12.82,61.17,0.653,2704.227370911316,1
4544.6,7.54,54.73,0.753,2573.859623677012,0
314.6,14.39,77.65,0.95,5685.442676943645,0
2094.6,6.97,65.88,0.364,2833.640651320677,1
230.2,5.84,64.61,0.555,2446.353793168128,0
717.7,31.16,55.81,0.572,2498.982360284605,1
1434.9,14.39,81.18,0.747,1667.3712672041474,0
679.8,7.91,27.08,0.585,2850.042174639241,0
1404.9,22.89,48.32,0.718,2521.894081162047,1
3991.2,2.93,77.51,0.717,4215.327637781136,0
180.8,13.21,20.97,0.576,2219.9804675884666,0
3191.7,12.45,87.71,0.885,4111.881288095366,0
443.1,27.86,13.03,0.329,4163.335491117249,1
1736.6,13.12,55.63,0.658,2675.5734010997526,0
1227.0,35.36,45.8,0.697,2575.385270071855,0
712.6,32.15,72.27,0.544,3767.146721580814,1
1991.6,11.91,49.96,0.524,2816.1226530863687,1
731.8,17.79,5.0,0.684,2606.1615082868625,1
516.7,19.98,72.55,0.59,2339.5760459606345,1
4331.7,25.61,72.29,0.197,4849.054080076033,1
86.1,19.05,60.05,0.752,4355.286776917681,0
860.8,20.51,50.1,0.64,2775.023623383325,0
268.3,5.18,70.54,0.544,5282.305888216306,0
1668.8,28.82,50.62,0.587,2652.807631527159,1
1513.4,12.31,71.82,0.757,2969.0533060759662,1
893.9,17.06,64.95,0.262,2684.950757857667,1
870.8,9.07,74.33,0.811,2619.384702946329,0
2151.0,26.39,76.19,0.721,2470.436177016224,0
246.0,3.69,34.34,0.788,4578.481344500411,0
2148.0,17.07,60.85,0.491,2787.59786639167,0
1800.0,26.44,58.66,0.479,2737.918276745217,1
1292.6,14.74,51.86,0.511,2314.3919249592013,1
1223.8,14.26,82.34,0.509,2684.2024093724585,0
1739.9,7.03,49.34,0.508,3206.2558873555627,1
58.2,3.92,38.06,0.633,2985.5652364680623,1
2712.2,8.93,39.0,0.653,2530.71526723788,1
192.9,47.69,67.98,0.596,2672.608491836774,1
1707.8,24.44,62.51,0.681,2188.801270186308,0
1893.7,38.95,47.87,0.595,2471.606096786228,0
874.8,21.13,71.22,0.521,2580.2495883782617,1
2339.6,11.71,53.94,0.567,2684.950757857667,0
886.8,26.44,80.96,0.343,2823.5617110517524,1
128.0,18.13,33.09,0.564,2573.121023171197,0
2096.5,8.87,65.87,0.55,2752.3624695573444,1
466.4,27.83,21.83,0.428,2487.6748183925542,1
2423.5,10.47,5.0,0.511,2682.679737816384,1
1607.4,60.0,45.56,0.571,3302.120405372767,1
384.8,12.62,53.21,0.237,2329.8869730709707,1
268.6,26.4,45.02,0.844,2153.974526744214,1
2072.7,19.24,52.8,0.439,3314.4190380078617,0
441.6,3.55,53.03,0.122,2778.277942384652,0
1716.3,20.38,39.25,0.756,4415.308297675594,0
381.7,34.7,53.38,0.337,2410.06140890838,1
1713.0,11.48,52.91,0.206,2693.587000713307,0
421.7,23.93,74.25,0.497,2618.0875590110527,1
1190.9,18.39,53.24,0.54,2346.1384705540736,1
2128.2,8.98,100.0,0.308,2959.103036764613,1
2505.7,18.66,30.68,0.368,2698.0865677931124,1
728.8,22.63,34.75,0.635,2763.572132300174,0
3524.3,48.14,11.54,0.776,2772.285730838534,0
543.9,40.61,53.32,0.576,2349.667387019362,0
1059.8,47.08,63.57,0.95,2507.014805288587,0
1859.7,13.96,63.21,0.44,5075.470669450837,0
687.3,17.83,70.2,0.643,3276.581109613945,1
999.1,17.84,84.65,0.375,2078.552775535996,1
616.5,31.16,55.18,0.868,2662.361005508599,0
796.9,8.93,63.2,0.914,2810.8491042491687,1
3823.7,16.89,34.7,0.481,2406.4616844753964,1
523.9,5.24,56.77,0.525,3430.829923073365,1
1078.6,24.26,63.52,0.533,2268.93845415938,0
480.6,31.83,24.07,0.494,4339.76757617132,0
708.6,16.57,57.74,0.275,2428.7772351633607,1
2485.2,15.3,64.69,0.21,2888.1333178387567,0
2228.1,19.47,62.29,0.721,4030.482712338572,0
640.6,6.05,40.39,0.546,5433.507577929707,0
3450.3,21.56,44.01,0.479,2356.7471892197204,1
601.3,22.15,47.0,0.599,3900.814218517544,0
1536.4,5.08,45.57,0.902,4322.3689605433865,0
546.9,25.01,85.17,0.473,2387.9804982868163,1
1284.0,24.21,70.41,0.246,2354.3583815970374,1
380.7,13.2,37.15,0.227,2416.1487010435244,0
3525.5,24.99,51.61,0.509,4159.114672775228,1
146.4,9.56,68.79,0.325,2927.6276042700565,0
2524.2,18.0,62.72,0.425,3492.330514450128,1
322.3,30.85,50.02,0.393,3288.497298547902,0
1757.3,16.91,88.62,0.813,2377.845313729178,0
1309.6,11.64,43.86,0.401,2558.393614508321,1
1623.4,18.2,42.75,0.934,2681.1828200891705,0
2152.2,23.61,18.91,0.641,2511.776874807525,1
4848.2,38.62,35.25,0.731,2235.2328985697195,1
383.9,10.92,37.45,0.438,2092.573248826897,1
2676.9,12.82,45.63,0.755,3638.999553292599,0
713.3,22.12,27.72,0.375,2485.351516150815,1
2159.7,17.15,87.39,0.58,2614.5695567542666,1
1471.0,32.3,36.26,0.664,3126.8175401099925,0
450.8,15.82,51.44,0.755,2783.6902634120142,0
1196.6,19.75,61.01,0.626,3095.0664347807733,0
3095.2,21.55,39.54,0.679,2520.777530067988,0
322.2,13.5,88.51,0.466,2550.249511351134,0
3680.1,18.69,53.33,0.632,2695.910918417094,1
710.6,19.59,59.44,0.666,2392.853517411689,1
874.9,10.17,31.69,0.817,2755.2812877313213,0
1093.2,27.84,100.0,0.467,3414.5936402383973,0
1215.5,6.18,100.0,0.207,2833.447763383595,1
842.2,10.98,30.95,0.707,2810.511813334969,1
1940.2,25.54,66.57,0.422,3430.8212278404967,0
182.0,5.58,24.37,0.95,2668.879520751092,0
4221.0,30.04,69.0,0.666,2804.702015969432,0
572.4,6.28,36.25,0.566,2456.9730704720905,0
1539.2,7.77,60.26,0.584,2426.1315074282106,1
1810.0,21.9,43.98,0.65,4706.761044054127,1
1406.8,30.29,30.1,0.514,2213.33218418606,1
1765.5,13.08,100.0,0.561,2870.6271546566018,0
4888.2,43.97,61.1,0.819,5663.755520267439,1
673.3,36.36,70.83,0.2,4374.936731967596,1
3205.7,9.4,41.85,0.256,2506.3404937253667,0
131.8,10.67,60.36,0.339,2700.724089443355,0
1836.9,17.03,48.42,0.724,4350.530587976689,0
543.1,24.91,45.69,0.425,2300.7020030108424,0
1512.4,56.32,13.45,0.342,2424.5919919180656,1
2417.2,25.58,70.57,0.661,2380.347223463999,1
4613.4,16.32,60.5,0.437,2400.5194399639686,1
245.2,7.18,45.08,0.532,2431.8455358875426,0
3227.6,11.51,60.58,0.681,1817.188630083401,1
754.9,26.09,28.69,0.74,5678.101283384291,0
701.2,20.31,21.28,0.699,2753.1608168095017,0
792.0,19.51,48.17,0.72,3025.19578985995,0
1043.5,34.74,67.15,0.504,2705.6794785716284,1
1615.3,36.94,53.16,0.241,2237.508494290598,1
843.1,7.17,22.72,0.63,3268.389803627156,1
89.8,24.57,50.87,0.312,2485.610501384943,0
3913.2,12.83,70.19,0.344,2464.556635070457,1
318.7,23.04,71.64,0.765,3673.542595922784,1
2414.8,21.1,24.53,0.477,2664.6539441712057,1
194.0,8.67,55.32,0.772,2363.002868505904,1
1397.2,35.85,82.58,0.484,2333.993724747101,1
1804.6,29.36,53.67,0.434,2274.7582549144754,1
2037.8,15.35,67.78,0.248,2362.172738567552,0
25.1,11.28,38.48,0.95,2339.381509224958,0
2025.9,13.63,34.85,0.632,4163.144236792983,1
795.7,24.49,39.1,0.372,2598.1491611098268,0
1149.7,33.72,55.28,0.235,3072.03217915636,1
1147.3,40.41,69.45,0.72,2214.671723016427,0
1420.5,8.8,48.4,0.305,2509.6946072251635,0
1038.3,38.61,56.58,0.491,2621.011244006557,0
2413.4,14.25,86.07,0.528,2684.950757857667,1
874.5,3.65,70.96,0.667,3406.534299870607,0
3129.7,15.64,37.42,0.216,2076.7527953824897,1
681.9,7.38,47.76,0.762,1760.928882521639,1
1366.1,43.51,80.01,0.131,2599.1083529544458,1
923.4,14.96,67.99,0.719,2774.77132545276,0
1498.0,33.07,72.3,0.699,3543.473341080037,1
2200.1,32.52,51.29,0.826,1907.9145731599856,1
3520.7,5.8,52.38,0.778,5483.152475680576,1
809.0,39.73,23.84,0.6,2796.6197034006823,1
3150.8,49.53,42.17,0.325,2520.6165700432266,0
463.6,27.58,82.85,0.813,2318.912216919455,1
1333.1,13.2,43.53,0.538,2355.619625562425,0
324.4,18.72,56.66,0.6,4361.778303920235,0
1089.5,12.51,100.0,0.435,3817.989798438219,0
419.1,27.95,77.93,0.501,2352.196704029156,0
4782.8,13.22,64.94,0.243,3466.42028721222,1
486.7,25.04,89.18,0.95,6123.779602553901,0
4262.0,21.24,45.77,0.735,2442.124930667776,0
545.9,8.75,38.16,0.618,2060.4766524594334,0
1950.6,43.0,62.13,0.348,2558.277741750957,1
863.1,11.56,52.13,0.423,1975.8987114192744,0
1427.2,41.11,68.66,0.666,3434.073821492557,0
1284.7,16.07,47.49,0.408,2197.319690229722,1
2581.0,30.6,32.94,0.311,2558.2846404884363,1
402.7,4.87,84.95,0.634,2265.047793804644,0
2608.0,19.53,57.22,0.464,3656.976668625412,0
150.7,7.2,30.11,0.759,4091.165607593721,0
2113.9,3.37,52.48,0.414,2264.2228589242377,0
1542.2,25.38,55.55,0.416,2745.224086852863,0
1148.6,9.28,76.35,0.592,4113.416185595305,0
761.1,17.63,41.63,0.662,2690.1270279215023,1
3101.8,28.73,41.34,0.797,2752.853776828993,1
166.5,15.93,93.24,0.862,2424.5672269322386,1
1565.6,5.66,93.85,0.378,3438.732085415018,0
379.7,3.25,71.18,0.578,2616.4854716365667,1
2099.1,42.76,59.13,0.772,2629.0932598644604,1
614.8,10.49,66.43,0.95,3050.523201790344,1
1643.3,7.49,47.8,0.704,4076.943752313964,0
1120.2,21.76,75.08,0.782,2500.101304921452,1
1790.8,8.57,69.87,0.415,2768.290330551492,1
567.8,22.44,66.56,0.643,2528.0871059554056,0
3311.6,15.66,75.94,0.818,2206.7448016538083,0
359.4,12.13,54.32,0.908,4454.97440434559,0
794.7,37.59,50.83,0.463,2753.05145689555,1
1309.0,17.28,38.17,0.494,3010.487493025279,1
462.7,15.65,70.86,0.865,3519.6620885506954,0
1045.5,30.24,42.38,0.462,2456.1806370299782,0
4310.0,54.75,49.42,0.586,2391.58056559316,0
126.7,31.19,36.33,0.518,2472.866463620268,0
1717.3,12.34,71.98,0.633,3407.255483430309,0
501.3,11.67,46.23,0.616,2666.520206665907,0
817.7,34.18,62.71,0.201,2689.902413520456,1
1659.2,26.04,64.99,0.476,2878.0218637197395,0
940.3,21.17,47.49,0.531,2808.957072601466,0
2068.7,4.71,100.0,0.56,2792.10534004589,1
960.5,20.44,30.79,0.557,2684.950757857667,1
205.5,11.03,39.72,0.547,2302.270849984577,1
4167.0,43.34,29.33,0.39,2225.475782001895,0
566.8,9.33,67.5,0.751,3724.77426423938,1
1708.7,18.39,87.07,0.798,1744.885077562412,1
366.1,12.61,65.95,0.735,2260.625170104721,1
999.9,22.97,55.93,0.412,3323.749605984948,0
1247.8,34.35,80.87,0.447,4840.001623840234,1
2203.6,33.58,85.53,0.453,3823.6908114954144,1
891.0,9.24,40.95,0.723,3301.260232442284,1
3281.8,22.95,81.62,0.484,2249.236028461284,1
64.0,14.25,60.1,0.757,2688.167053237631,0
1592.4,30.66,83.44,0.281,5688.021615698068,0
477.6,23.54,9.07,0.582,2568.2278687099583,1
679.3,35.08,13.18,0.415,2366.44907840154,1
2305.5,8.53,48.8,0.338,1935.2422123614924,1
4958.1,25.32,70.51,0.553,2199.655122240265,0
247.7,28.6,17.04,0.53,3697.349138171112,1
1922.1,20.54,54.47,0.731,2282.737328630299,0
188.9,18.09,47.89,0.198,2698.065537890509,0
1019.2,14.62,32.24,0.545,3036.410108698443,0
1879.8,38.6,66.19,0.785,2266.877264134656,1
1294.5,6.82,40.15,0.547,2822.1610428802514,0
1075.2,10.86,30.1,0.862,3759.690276977408,1
1680.7,7.8,48.6,0.419,2803.02371692874,1
572.3,8.83,27.03,0.233,3782.226242588768,1
3679.8,13.95,63.58,0.733,2260.5389499773187,1
103.0,46.37,69.17,0.797,3636.617380632837,0
1025.9,27.98,64.16,0.445,4185.61661946021,1
387.9,27.7,55.26,0.352,2244.1064570250023,0
1082.0,20.11,55.8,0.697,2756.1662162543294,0
1342.3,12.35,21.73,0.95,2660.245493043497,1
3195.4,27.11,41.63,0.718,2251.19117460217,1
736.5,17.46,47.44,0.669,2814.086045667436,0
2774.1,9.07,70.75,0.838,2511.8254965640385,0
383.5,12.97,49.56,0.795,5302.282070361452,1
2239.7,15.76,52.88,0.758,2676.499429750888,0
592.5,4.63,67.71,0.425,3668.214787670145,1
1354.2,32.67,33.22,0.818,4843.103567578628,0
2117.9,15.2,63.25,0.383,2790.322784325962,1
1288.4,10.02,21.48,0.837,2724.21437846557,0
857.1,45.42,72.05,0.517,2995.7773956473006,1
3168.9,43.51,30.94,0.462,3396.8574864639127,1
362.4,21.65,32.75,0.397,2235.1389346777974,1
1046.4,51.12,58.91,0.38,3495.593747595262,1
1141.4,21.99,91.45,0.709,3412.3140192528786,0
526.2,38.3,47.32,0.504,2247.273958436846,1
1912.1,30.79,55.66,0.312,2076.72137574878,1
753.5,30.82,43.72,0.284,3343.7022059279907,0
323.8,9.68,36.87,0.6,4323.6842524843205,1
3250.6,10.15,54.18,0.055,2358.6306394023954,0
256.5,11.78,53.78,0.524,2222.2291558206093,0
2484.7,23.4,37.68,0.563,1935.5099069185417,0
1505.5,30.69,55.51,0.894,2234.4966790192248,1
999.1,16.33,50.09,0.266,2941.844556648667,1
1239.3,10.92,44.75,0.26,2489.042429326026,0
965.7,13.79,64.28,0.636,2825.095177541602,0
474.3,6.78,76.37,0.226,2598.290523939455,1
2170.3,25.19,65.93,0.538,4356.477240618686,0
727.1,34.82,88.33,0.555,2384.851669662893,1
1496.7,47.36,21.52,0.823,3335.0415454497447,0
1558.4,30.95,48.17,0.636,2032.0052837575213,1
340.2,15.36,31.65,0.571,2573.643057788772,1
263.7,17.53,42.61,0.422,2500.341999054301,0
2498.0,14.64,68.49,0.606,2417.542586642596,1
817.6,4.48,25.28,0.569,3923.567800297655,0
4339.8,40.1,60.43,0.678,2438.113346305866,1
582.1,18.19,73.71,0.568,2566.721530152324,1
1752.5,14.88,50.21,0.885,1919.363712293923,0
1025.3,9.0,62.47,0.394,2261.555698621402,1
482.9,21.44,41.92,0.63,2126.191699443804,0
1757.1,12.29,97.29,0.374,4584.583618357343,0
2049.6,9.06,56.73,0.78,1892.552703187344,0
422.0,22.71,66.94,0.371,2520.4645284823328,0
3943.5,16.03,92.82,0.542,4794.240191047189,1
526.9,3.69,70.74,0.485,2806.474044325678,0
1808.7,60.0,60.32,0.47,2803.574044965928,0
1669.0,20.37,61.82,0.581,3817.679069822775,0
1734.0,20.64,58.98,0.413,2472.1186618853803,0
1684.8,24.93,49.25,0.647,3850.666604682584,1
1108.4,11.53,79.77,0.548,2996.626665722997,1
765.9,14.78,46.43,0.612,4086.236014250109,1
2365.3,21.98,34.63,0.69,4147.321735345195,0
741.9,9.02,74.5,0.466,2803.0673296962605,0
956.9,22.93,20.55,0.513,2419.7000763690003,1
398.9,34.3,65.84,0.693,2769.848628494912,0
1077.4,23.85,56.62,0.556,2615.7364607768845,0
2422.1,21.62,58.08,0.473,4835.851805571781,1
4007.4,25.53,67.15,0.766,2652.0633054340906,1
79.0,14.64,5.0,0.55,2765.27030102419,0
3103.6,20.2,46.01,0.746,2592.151149256904,1
98.4,12.64,23.31,0.599,2519.185022035429,1
2391.3,4.09,30.49,0.587,3643.172186927939,0
354.7,11.65,75.78,0.474,4139.610290116051,0
571.0,26.22,45.65,0.436,4555.043727040382,1
946.5,24.92,46.43,0.533,2283.925718340588,1
2864.0,13.58,73.98,0.82,4839.234542293649,1
722.0,5.54,72.19,0.594,2670.4301431353856,0
3366.4,4.02,54.93,0.545,2370.9309271152792,0
355.9,21.14,57.6,0.545,3220.6786439579587,0
2365.6,32.67,50.71,0.927,2343.102862012779,1
1634.9,17.08,24.25,0.615,2497.839916000569,0
1287.5,60.0,81.23,0.344,3345.76203992174,1
422.7,12.67,38.76,0.653,2034.23564787254,0
1699.0,10.71,45.7,0.622,2076.285670033584,0
289.6,19.33,65.21,0.741,2741.0873487980894,0
1523.1,18.33,51.18,0.644,2375.1395820433604,0
792.2,9.12,46.41,0.445,3380.1327404643266,1
1752.6,19.85,72.03,0.292,3223.901684133916,0
859.0,23.82,65.22,0.95,2684.950757857667,1
1564.2,6.72,5.0,0.763,4171.893467727586,1
1254.9,16.28,57.38,0.558,2517.509448878203,0
3568.1,8.56,65.91,0.658,2225.214868555714,1
262.0,6.45,100.0,0.626,2559.671330216527,1
2263.8,42.68,37.11,0.59,2991.8703964761785,0
67.1,19.05,63.18,0.664,4478.828540952261,1
2486.2,24.3,38.48,0.584,4360.453125219084,1
422.8,20.51,53.21,0.654,2357.9302673622105,0
971.2,25.21,57.77,0.519,2074.5798513697287,1
508.9,11.12,50.9,0.712,2554.794004328837,1
1171.2,15.38,33.13,0.427,4109.981547648376,0
559.8,3.16,38.15,0.74,2991.602151445016,1
2346.9,29.66,81.24,0.95,2319.525121043722,1
328.1,40.96,59.34,0.613,2827.778699589093,1
2193.7,22.07,52.46,0.508,3309.1099372460994,1
1456.1,22.23,37.11,0.445,2789.142748011684,0
1397.5,27.33,52.17,0.54,3369.238491970534,0
2263.0,5.56,42.48,0.478,2908.218069479571,0
3177.6,16.63,53.25,0.346,2509.942925236515,1
31.0,17.04,70.42,0.47,2684.950757857667,1
1825.0,46.04,58.36,0.455,4805.847049741017,1
62.6,4.0,5.0,0.566,3067.5308535613613,1
805.2,12.75,45.61,0.577,3724.514630752876,1
822.6,21.57,67.8,0.512,2748.178651492096,0
362.6,47.02,20.66,0.537,2539.9982890166025,0
2125.4,11.98,92.95,0.694,2039.3203913913392,1
3956.9,20.42,39.68,0.693,2633.7880694551545,0
58.9,17.49,60.56,0.651,2499.8821694669014,0
1562.2,15.76,55.87,0.627,3150.385499912766,1
794.7,10.47,76.35,0.331,2346.5399299416595,0
1739.8,30.91,69.8,0.396,2973.233509768248,1
1052.7,12.42,62.64,0.493,2796.627911977976,0
1278.7,13.69,38.59,0.417,2603.678304650652,0
2499.0,43.14,70.98,0.442,2426.026049152718,1
2758.8,22.26,98.93,0.723,2717.475287362549,1
750.1,11.61,87.25,0.535,2355.841820552064,1
3391.2,18.49,62.88,0.755,2019.991329088292,1
71.3,11.22,23.15,0.493,1967.0884035767965,1
1712.1,24.99,55.54,0.31,2364.776104579257,0
879.1,16.83,60.8,0.565,4336.275805906897,0
1399.1,8.32,42.79,0.572,3330.075157405065,1
2227.7,6.82,69.11,0.508,3232.96014279497,0
2815.4,24.25,38.76,0.463,2510.855894681657,0
119.8,30.03,18.23,0.781,2398.763916885444,0
3761.6,22.41,51.86,0.385,2803.830320462583,0
508.2,10.47,66.2,0.636,2913.8496461783534,1
1552.4,20.57,9.98,0.488,2539.4132912280784,1
1438.8,21.59,35.58,0.692,2696.4360217735534,1
633.8,22.08,100.0,0.511,4832.422482680283,1
2023.1,21.93,35.43,0.95,2382.475048697356,1
4237.5,22.25,40.24,0.259,2720.327167050153,1
454.7,12.68,45.6,0.442,4869.859344067744,0
3376.0,16.3,23.94,0.279,4964.949533223822,0
493.1,7.63,33.21,0.631,2530.144167508446,0
946.8,26.87,42.14,0.797,2292.210153891382,1
1747.6,18.11,55.3,0.878,2319.3206445898472,0
1055.4,20.13,6.96,0.643,2231.640681848462,0
2247.3,9.49,66.97,0.584,2546.612718416682,0
531.1,25.89,74.39,0.509,2457.6441692946,1
619.9,7.61,65.4,0.888,2588.182448043108,1
3743.7,7.97,39.83,0.74,2443.2308831599184,1
252.9,3.07,59.86,0.501,4700.485498510032,1
809.8,11.8,46.89,0.724,3331.175470306276,0
1272.1,14.1,87.38,0.891,2723.063582311488,1
653.6,3.36,65.59,0.375,2762.812833576554,1
1706.2,40.71,82.47,0.442,2167.196918316816,0
1812.4,35.97,74.07,0.866,2679.370365735602,0
198.6,9.21,18.59,0.434,2050.504539519046,0
2788.6,26.97,70.87,0.482,2741.267103344326,0
471.7,33.44,67.48,0.867,3029.731300822149,0
1129.6,17.21,51.74,0.624,2826.1436720218094,1
940.7,6.9,44.55,0.179,3339.119311998925,1
1666.1,20.37,62.04,0.382,2249.478569819505,1
1459.8,18.18,37.84,0.669,2356.976108887706,0
4269.3,22.65,65.83,0.598,2548.877731474141,1
332.5,25.97,71.68,0.166,2521.620936036658,0
2866.9,28.37,39.09,0.447,2847.3070084896112,0
436.1,27.08,52.74,0.429,2490.002936308205,1
2440.3,2.02,74.94,0.605,3891.2098360513423,0
1560.2,23.45,47.71,0.426,4714.70332567366,0
1402.4,9.91,65.79,0.33,2391.1607403600688,1
2364.8,19.94,65.51,0.764,4524.239711269384,1
1514.7,16.36,82.39,0.281,2805.375830210983,0
227.4,30.23,62.04,0.108,2975.417539435981,1
1930.2,15.53,60.61,0.405,5035.865762870782,1
324.5,8.86,74.91,0.801,2172.6442445647217,1
1782.0,1.17,53.18,0.621,2369.067310775044,1
888.4,16.78,34.63,0.496,3396.0722129731266,1
419.0,9.05,43.01,0.502,2462.3123043169426,0
1928.3,34.97,25.12,0.551,5253.221766682534,0
1298.2,28.2,22.13,0.447,2459.225997235804,1
855.4,28.87,43.04,0.194,3795.844568852962,0
3118.4,33.13,66.94,0.86,2362.112409848828,1
611.5,10.26,22.22,0.662,2644.229947272493,0
2472.3,26.56,72.31,0.601,2905.308985627258,1
1039.2,8.26,40.41,0.779,1684.4850230557895,0
1519.4,2.13,82.11,0.351,2697.412177251408,1
739.9,27.24,57.25,0.636,2787.946021786342,0
2518.5,38.26,37.19,0.748,2560.407962206116,1
541.6,6.58,16.82,0.535,2639.190205163071,0
2401.6,41.11,60.09,0.489,3646.487505805032,1
440.7,39.41,29.09,0.762,2374.4998286362274,1
2463.5,13.88,19.68,0.389,2116.213689295994,0
1173.0,27.02,67.68,0.706,4294.851205019484,1
342.7,26.44,70.29,0.576,4117.64407722053,1
321.0,26.22,58.99,0.643,2410.43003040617,0
2815.4,12.94,43.79,0.483,2511.3967252197035,0
29.0,10.22,80.45,0.591,4447.591074796981,1
4390.4,17.97,48.93,0.416,2722.171276823227,0
155.6,13.11,51.54,0.758,3713.858298637162,0
1113.0,16.28,76.77,0.423,5090.720433008178,0
692.1,34.15,68.17,0.341,3093.259427812749,0
1257.9,20.18,76.03,0.537,2647.9786966716224,0
1988.0,17.78,57.49,0.671,2373.10555430082,0
535.2,20.28,48.3,0.389,3718.8503640436425,1
90.7,6.71,30.07,0.658,2208.1711756170057,1
1931.2,30.16,20.65,0.675,2784.020347162199,1
621.4,11.82,40.57,0.806,2027.907486898704,0
734.7,7.53,96.04,0.589,3319.4454251040324,0
310.8,12.59,55.04,0.537,2558.876062176451,1
1208.6,27.4,41.4,0.808,1826.24257136057,0
1950.9,47.03,55.91,0.611,2261.563709431653,1
1884.8,18.04,25.27,0.243,3802.876466801337,1
711.3,7.34,74.31,0.445,4196.873030843372,1
2206.3,23.2,31.36,0.441,3599.6546445466483,1
433.5,40.08,68.47,0.284,2538.565088471046,1
818.0,18.01,22.73,0.95,2225.487066614074,1
791.1,4.37,61.98,0.608,3048.561813178408,0
315.5,18.66,49.25,0.68,3292.8513700651006,1
2095.3,18.44,52.4,0.686,5228.072976582137,1
2528.2,29.17,32.42,0.524,2336.6841742721203,0
621.1,12.5,25.69,0.406,3437.5587134736484,0
2640.1,26.72,69.97,0.844,2299.2431470483752,0
182.2,3.79,50.46,0.557,2242.250368688896,1
716.0,25.16,67.93,0.218,2403.179201253851,1
733.4,18.28,90.35,0.505,4437.984584770101,1
1026.9,34.83,25.79,0.337,2433.2852562464927,0
733.6,11.03,99.94,0.911,2588.398988026977,0
2192.5,17.17,36.3,0.569,4176.568966933293,0
866.4,38.4,45.26,0.536,2684.950757857667,1
4423.3,18.43,53.88,0.433,2510.6932937139354,0
660.2,12.65,56.83,0.452,3260.2760033528325,0
1471.2,5.83,80.21,0.725,3316.1653842748683,1
1785.5,15.86,71.3,0.674,2306.494299219429,1
308.7,6.34,45.57,0.502,2525.490305385545,1
440.8,30.79,6.96,0.742,2370.7921229909334,1
2497.7,30.28,46.58,0.369,2529.6784528707467,0
835.4,19.97,90.23,0.511,2802.8768428117537,0
2844.2,35.9,35.77,0.594,2767.1815143161148,1
351.2,12.35,36.61,0.677,2330.466831831489,0
1513.1,17.5,55.99,0.768,2223.2439082669152,1
1102.6,25.14,83.08,0.601,2540.487915994511,1
719.3,11.16,30.2,0.346,2935.3651899090296,0
258.7,15.37,30.54,0.544,3896.986919665637,0
1898.3,21.25,25.58,0.534,4351.627685357705,0
170.9,7.77,59.43,0.562,5260.831436774342,1
3742.6,17.21,49.6,0.319,2941.543163528753,1
82.8,19.79,9.91,0.652,2238.8465235638,0
2285.3,16.2,44.31,0.713,2396.7787376594097,0
1563.2,23.73,69.54,0.364,2526.983624271085,0
950.9,9.54,20.67,0.316,2656.595717422204,0
2079.8,18.92,49.4,0.637,3895.221695023112,1
2411.2,17.54,80.63,0.343,2428.668369452588,1
484.9,8.26,72.29,0.395,2444.655581094805,1
3437.8,46.6,61.66,0.799,3086.6727754288268,0
662.2,8.22,65.69,0.7,2528.1306510297527,0
2370.8,12.95,75.43,0.694,2973.738051721046,0
238.3,7.73,58.88,0.655,2642.11554422906,1
323.7,30.23,60.78,0.767,2697.581178092416,0
2416.6,16.51,10.3,0.669,2709.928767067143,1
1371.1,25.86,73.45,0.556,2531.889231914657,1
567.0,10.42,66.28,0.719,2962.456723118259,0
3727.9,23.7,48.47,0.545,2420.919008655091,1
331.4,5.31,29.34,0.666,2254.9994758643534,0
1000.9,19.5,57.61,0.617,2621.196943661024,1
1032.9,37.09,31.62,0.599,2582.502446514666,0
1024.6,21.34,67.75,0.731,3363.675441099021,0
528.2,13.61,38.47,0.828,3387.320901979442,0
2929.3,34.44,92.57,0.784,2388.1524743905097,1
833.8,17.04,64.37,0.64,3422.0710066354222,0
2712.0,45.92,36.17,0.756,2759.6482864140107,1
728.8,4.62,39.06,0.732,2569.427895909865,0
1834.5,32.55,52.42,0.723,3650.118902043185,1
1752.6,15.53,48.99,0.776,2736.309112561342,1
1217.4,13.29,35.82,0.3,2477.344456176234,1
1106.7,28.43,47.48,0.624,2799.481556463323,0
4932.6,19.91,53.76,0.312,2430.580444444283,1
292.3,36.81,87.33,0.361,2302.9266463514004,1
2558.3,42.24,34.03,0.7,3361.119866523617,0
714.7,4.94,47.54,0.95,2410.908270194547,0
1252.5,21.82,53.43,0.47,2971.7908516827006,1
1506.5,28.2,54.38,0.54,3766.8107014366897,0
1199.2,21.88,69.17,0.893,2684.950757857667,1
802.3,10.75,72.26,0.523,2442.333860750654,1
2071.0,16.55,11.52,0.504,2827.0066764994203,0
685.8,11.87,71.52,0.675,2906.773836039142,0
1524.7,13.48,55.08,0.644,2670.6159574899984,1
89.5,19.38,84.37,0.661,2633.4944249026653,1
2439.0,22.89,48.45,0.595,3243.1601355854973,0
1066.0,31.49,78.22,0.908,2800.0857884649795,1
1436.1,27.94,29.85,0.433,2384.5558869919714,1
2440.2,20.3,65.1,0.707,2400.483373235877,0
3084.9,23.49,43.61,0.921,2785.998596827409,1
24.8,13.56,59.97,0.552,2730.8988362642745,1
3211.1,19.35,21.3,0.619,2725.7348898953555,0
554.3,9.75,47.86,0.599,2618.0072580773767,1
969.5,25.22,86.33,0.296,2723.525223969135,1
615.0,33.5,100.0,0.617,2679.1806278128697,1
822.1,15.64,72.22,0.288,2323.011904296255,1
583.3,30.38,60.33,0.54,2344.842548043378,1
556.2,25.59,68.53,0.302,2705.794399292491,0
256.8,16.52,28.87,0.509,2754.144653956037,1
2789.7,27.16,76.79,0.661,2532.41841136631,0
356.4,12.56,47.7,0.754,4922.19105904668,1
1911.8,41.68,71.77,0.935,4334.962151207327,0
700.1,25.58,43.87,0.409,4346.489414846525,1
868.4,27.37,84.83,0.253,2684.950757857667,1
2492.8,16.13,65.35,0.282,2730.740104725513,0
2154.2,19.62,50.83,0.464,3055.9213628832017,1
492.4,20.49,54.42,0.572,2284.039735938349,1
2733.8,19.36,70.84,0.589,2684.950757857667,0
104.4,16.43,85.16,0.284,2769.9508320364453,0
1861.8,24.48,64.54,0.431,4122.058516996868,1
1472.5,36.55,63.94,0.595,2853.856180540401,1
1737.1,34.97,36.23,0.41,3882.655625836189,1
908.8,11.41,94.71,0.472,2522.922484668852,0
4780.4,19.69,44.68,0.476,2340.3394720277424,0
625.8,16.15,64.45,0.901,2734.7102901592225,0
3741.2,15.7,59.71,0.654,2672.395300342172,0
144.2,10.45,78.39,0.448,2728.6486610485344,0
1505.9,11.85,38.37,0.65,2262.792561690609,0
414.8,7.84,59.61,0.762,3698.089414644967,1
1435.7,14.56,32.11,0.54,2720.4071460737964,1
2308.0,5.76,77.83,0.279,3956.314335153261,0
1129.7,22.17,53.18,0.545,2784.0155764154533,1
220.1,32.22,26.97,0.268,4863.352505040205,1
2462.5,29.38,67.08,0.695,2032.485846688642,1
79.6,14.76,50.44,0.338,3111.753392927508,0
1120.5,15.54,40.96,0.404,2612.444498787332,1
342.4,35.6,48.06,0.625,2810.712804030002,0
1143.9,8.15,72.39,0.57,2233.5756309910544,1
1414.5,51.41,81.9,0.542,4370.091192020276,1
3675.1,42.09,29.85,0.674,2333.7003059828585,1
418.6,3.81,15.31,0.486,2655.0556491680845,1
3056.9,24.72,61.56,0.572,1836.545666001536,1
185.1,9.76,21.64,0.646,2684.950757857667,0
1654.5,16.17,58.83,0.427,3034.3503273116585,1
1501.7,42.67,77.51,0.406,2421.507857078965,1
432.2,40.35,73.44,0.799,3899.396811589222,1
767.0,37.59,49.23,0.415,4140.946917663334,1
4324.8,15.92,39.44,0.95,2873.8438067142147,0
40.2,28.21,61.44,0.561,2031.9555186808764,1
1591.9,15.68,74.31,0.608,3325.040209292641,0
749.9,25.91,88.45,0.651,2871.371941013947,1
1171.2,30.64,36.29,0.784,3382.3068753697025,0
924.2,26.57,29.28,0.409,3424.529418547887,1
716.1,15.61,60.28,0.064,3030.814920537628,0
1059.7,15.87,63.57,0.717,3580.9686297856138,0
2759.0,22.47,5.71,0.526,2582.960662487519,1
108.5,15.12,46.84,0.517,1818.18854620332,0
4049.8,23.75,44.71,0.662,2685.126960557862,1
348.6,25.7,66.96,0.712,2321.048605786496,1
1231.7,29.09,64.34,0.49,2437.3823403559154,1
260.3,9.02,43.08,0.694,3370.233508275528,1
789.4,32.61,36.16,0.701,2496.3914788039665,1
1126.3,37.9,33.88,0.185,2273.9214133464307,0
1099.0,9.47,40.31,0.67,2319.942180036506,0
256.2,9.2,65.47,0.638,3037.792917582567,0
4135.4,15.96,44.32,0.625,2630.442370809248,0
180.6,55.69,63.86,0.619,2310.956321474924,0
1105.7,42.54,85.72,0.551,4862.039048604727,0
1728.4,16.87,71.34,0.568,2771.371359364732,0
796.3,6.22,46.39,0.777,4142.88041730334,0
544.3,16.19,61.74,0.405,4920.296783834507,1
3101.7,15.73,45.1,0.605,2522.4031479507803,0
725.2,32.07,61.1,0.692,2136.0342233579145,0
3443.7,14.98,73.09,0.42,2616.001067018484,1
544.4,8.94,53.52,0.542,2437.7238377499743,1
1549.8,19.0,44.29,0.877,2393.772487104601,0
1877.3,10.5,68.32,0.576,2700.1401143653934,0
488.2,28.79,81.69,0.622,2558.6686958472915,0
734.1,17.33,73.14,0.375,2335.9400004696085,0
3399.7,7.86,20.67,0.58,2931.0066184180864,1
623.6,7.11,49.19,0.569,2615.42414309119,1
2074.6,14.97,54.0,0.097,2339.6477430585514,0
493.1,13.69,36.65,0.735,4132.895998607827,0
1257.0,14.1,68.47,0.753,3486.9969723512136,0
1142.9,15.18,45.72,0.622,3891.703190869998,0
969.2,20.18,39.43,0.555,2761.4825940355336,0
542.1,34.71,63.32,0.406,2295.05488813369,1
1984.7,18.11,83.16,0.48,2346.068928585244,0
494.6,38.65,26.33,0.237,2836.7631440904183,1
1859.5,15.0,61.99,0.75,2624.2667300825883,1
118.3,16.09,41.93,0.566,2718.243645112112,1
1343.9,17.42,52.69,0.785,2769.134213171062,1
1749.1,22.36,67.04,0.577,2364.2630324353254,1
733.0,33.97,53.84,0.592,2420.233640217567,1
1200.1,21.27,75.21,0.262,1856.1672988970456,1
3580.8,24.21,57.26,0.627,2931.657854300573,1
823.9,15.53,80.91,0.73,4172.454004910907,1
4409.1,31.32,27.47,0.535,3481.964525666839,1
639.4,7.45,47.39,0.804,2595.894160540573,0
942.9,32.68,5.13,0.664,4690.066820839491,1
1036.8,5.41,67.27,0.659,4588.990299831283,0
1035.4,39.9,46.79,0.754,2508.291831569801,0
1945.0,24.87,51.73,0.95,3387.034851349141,1
2321.9,16.51,35.83,0.469,2414.135760548101,1
447.5,49.36,50.88,0.55,2693.4870558673124,1
3596.1,50.01,72.6,0.725,2676.46181817766,1
210.5,5.37,69.64,0.44,2691.790991076424,0
1350.0,19.58,91.28,0.603,2615.9477982164303,0
1470.0,13.79,100.0,0.649,2576.769183688596,0
1031.1,29.41,91.16,0.631,1967.1377615602764,1
1626.9,17.83,70.92,0.787,2734.0332572568404,0
1601.9,18.01,31.89,0.267,2386.3118711174016,0
617.7,25.73,46.55,0.431,2862.607226930837,1
3078.9,10.09,33.13,0.697,2535.6366445514427,0
339.2,17.32,62.52,0.559,3697.417851478919,0
1137.3,19.03,80.66,0.36,2620.3074591778536,1
1353.5,34.41,69.79,0.929,2212.7416790431007,0
1129.6,18.49,18.6,0.327,2167.2494883646536,0
1308.5,14.88,29.46,0.663,3750.8585428266992,0
792.7,23.08,40.28,0.689,2230.557200223251,1
360.9,18.88,54.78,0.51,2584.588628371627,1
2524.1,20.8,27.87,0.367,4182.698974209832,1
681.8,9.81,28.16,0.58,2788.797881136666,0
1051.0,12.73,33.98,0.874,3692.213591066371,0
1732.7,30.59,24.68,0.807,3070.2005321132983,0
933.5,35.17,79.88,0.692,2270.795291974643,1
660.9,51.02,37.73,0.25,2784.2339058958864,1
3390.8,26.31,79.63,0.787,4167.5896946323255,0
119.8,22.85,51.09,0.592,2809.36361964155,1
3143.3,15.21,70.79,0.674,2641.3572331751184,1
683.1,33.01,32.46,0.443,2684.950757857667,1
862.6,20.44,88.11,0.226,2332.175703956464,1
194.7,23.79,75.49,0.668,5267.902561053048,0
1743.9,13.69,72.87,0.37,2324.00565450107,0
1456.3,18.08,91.76,0.6,3218.6335357108205,1
2168.2,23.19,58.45,0.189,2788.979508047171,1
843.8,10.69,61.51,0.63,3526.9991617117403,1
2918.5,14.98,97.28,0.261,2777.4025012183824,0
769.0,33.16,77.9,0.631,3723.8226211665647,0
1640.1,40.22,16.0,0.655,2774.57997141529,0
461.9,41.23,48.43,0.705,3523.1453854127167,0
420.4,32.06,60.57,0.404,2684.950757857667,1
2470.7,10.79,14.2,0.742,2736.232157801584,1
1461.5,11.57,46.96,0.95,2373.458986182128,0
92.6,12.13,68.78,0.531,4586.917032824882,1
4045.3,31.58,51.19,0.391,2925.0530833322778,0
502.5,9.65,58.42,0.497,2684.299218271033,0
1970.6,22.29,56.31,0.696,2289.9858168656865,0
1463.5,27.67,57.08,0.754,2539.2742352534724,0
717.5,53.37,66.19,0.719,2341.2463281266546,1
600.0,22.45,53.11,0.423,2318.33400240428,0
4587.4,24.58,64.84,0.25,3331.4914734753347,1
440.2,29.92,52.75,0.464,2713.402491577738,0
2817.3,22.47,63.37,0.741,3599.6582627378507,1
358.8,34.24,27.47,0.492,3239.121726249762,1
1631.7,17.34,44.96,0.755,1980.8491412969888,1
1374.9,31.67,21.11,0.289,2374.4439216584565,1
589.5,27.31,77.82,0.492,2007.0580172169696,0
2075.4,24.73,25.49,0.656,2988.4688303711296,0
4960.0,15.04,54.0,0.805,4192.763697370971,0
774.6,19.59,40.74,0.426,3508.6656741341467,0
2170.1,22.57,43.77,0.522,2635.473726707043,0
707.0,6.27,56.98,0.577,2776.380890652986,1
1939.4,13.81,54.71,0.447,2442.358966731917,1
257.3,58.15,28.67,0.637,2878.633558454358,0
1433.0,20.67,72.58,0.544,2696.6281568471254,1
421.3,31.85,69.87,0.941,2749.0773103228703,1
2584.3,21.4,67.87,0.403,2501.0247135372933,1
551.1,3.45,43.8,0.534,3068.847308293464,1
2508.2,14.17,50.61,0.668,2727.0557032615657,1
719.7,3.62,26.31,0.462,2386.9227802745363,0
1851.3,28.73,88.43,0.261,1870.2739520737816,1
1261.3,45.01,72.92,0.758,3110.259226108616,1
929.3,60.0,25.0,0.377,2766.6222233096705,1
2368.0,23.7,52.31,0.605,4908.088416154388,1
2622.3,19.26,60.93,0.444,2206.453247855928,1
455.4,32.79,70.9,0.844,2282.27800325058,1
4276.5,35.18,62.8,0.638,2061.441659968176,1
684.1,16.58,96.58,0.929,2294.1178575885683,1
1782.9,12.95,69.64,0.762,5240.933032629137,1
1377.3,20.41,32.16,0.412,3042.9617596915905,1
1683.6,34.38,57.85,0.816,2493.136297854078,1
934.0,12.13,38.02,0.276,2332.0815273649614,0
1628.9,24.48,34.48,0.634,2251.312512073782,0
753.5,49.99,33.78,0.749,2618.2395755829502,0
2410.7,29.5,55.42,0.763,2544.9887067898944,0
417.2,21.92,68.53,0.55,2337.2044702680514,1
1840.0,5.83,78.53,0.299,4686.350553993438,0
1176.7,40.04,60.55,0.38,3382.866181026284,1
749.0,21.45,83.3,0.705,1671.5611820815186,1
1312.1,18.7,49.71,0.502,4181.162518210112,1
2370.3,41.85,26.12,0.576,3046.396438826152,1
81.1,9.88,61.69,0.407,2472.607255033259,0
3916.7,34.12,62.76,0.377,3493.546991261049,1
534.8,28.77,55.45,0.219,2866.6646195579583,1
1206.7,49.54,68.1,0.497,2587.4498161932584,1
375.1,53.62,52.04,0.556,2278.1170765355723,0
604.3,16.26,36.89,0.553,3391.950759045505,1
1494.2,18.87,5.0,0.634,6108.367370449067,0
855.2,24.15,47.29,0.364,4275.392792309853,1
836.6,15.85,53.71,0.918,2732.871296421852,0
1947.8,24.48,46.81,0.661,2166.38483216794,1
183.0,22.74,41.14,0.934,4224.132062206674,0
1049.7,24.65,62.14,0.452,2868.039772949516,1
415.0,23.34,68.17,0.65,2287.232073313336,0
1765.5,35.15,61.42,0.7,3887.6613268026113,1
1032.3,26.9,85.53,0.719,2584.846353558564,1
1207.7,21.62,67.62,0.578,2784.887931762244,0
627.4,21.96,41.96,0.719,2457.088002458863,0
3726.4,31.41,48.6,0.269,4310.980497796789,1
257.6,8.35,48.63,0.719,2537.017910176591,0
2437.4,30.83,57.99,0.753,2684.950757857667,0
1455.5,29.71,83.91,0.596,3646.595186840368,1
1239.0,12.1,63.89,0.369,2838.6443576681268,1
1871.6,10.76,43.68,0.95,4864.460292139701,0
4494.4,6.36,32.9,0.572,2416.8311457663544,1
173.6,27.22,57.13,0.523,2001.688455487429,1
3078.5,23.54,79.02,0.544,2529.465363143724,0
188.9,25.19,35.18,0.563,2220.9536079148565,1
1375.1,22.67,55.86,0.539,3421.5128441456386,1
1473.4,29.99,60.34,0.71,2290.8594579961627,1
1241.1,30.27,64.41,0.95,3145.14217490603,1
562.8,43.81,96.97,0.665,2326.5407880741336,0
1626.7,26.19,57.88,0.345,2538.377600576816,1
121.0,55.96,57.39,0.779,2509.267903540686,1
1749.6,25.0,81.26,0.906,2151.722388631676,1
250.1,32.6,35.71,0.762,2382.78589326106,0
1662.7,19.92,48.49,0.343,2822.764258073966,0
1237.5,10.36,54.54,0.619,2152.6211525962385,0
1278.8,11.56,39.97,0.537,2812.69951423533,0
1945.5,18.48,40.47,0.372,2336.518012783724,0
2425.8,4.46,47.5,0.435,4176.037308571207,0
682.3,23.47,67.35,0.775,3385.492763739092,0
2179.4,19.51,53.8,0.515,2337.5131216216205,1
410.9,4.71,63.97,0.385,1739.5707316817934,1
2139.6,14.31,41.77,0.674,3066.761679437805,1
759.7,21.52,39.75,0.544,2693.0561472219924,1
1514.8,12.03,48.87,0.758,2403.7777613080366,0
2104.5,42.43,57.83,0.668,2578.4656441761226,0
1976.0,16.96,74.33,0.539,2674.219571009027,0
889.1,29.4,43.35,0.555,2518.4976458414544,1
4385.2,18.24,65.47,0.248,2138.8594320387338,1
241.6,23.48,42.82,0.266,1953.040092736744,1
1496.4,17.89,58.03,0.459,2260.01642486325,1
906.6,18.89,48.74,0.428,2684.950757857667,0
547.7,14.99,78.16,0.546,2400.470465120797,0
760.4,35.83,75.72,0.59,2677.164306208085,1
2101.4,27.23,37.59,0.643,2537.520162456056,1
28.2,20.61,65.54,0.65,4694.964849448857,0
2658.1,22.09,69.67,0.716,2715.532724663011,1
790.1,24.71,70.44,0.508,2322.7744009655657,1
1585.0,41.04,100.0,0.329,2351.394388262382,1
1893.7,9.38,41.79,0.711,4663.407142719807,0
825.5,28.47,27.72,0.572,2684.950757857667,1
1364.7,22.71,92.2,0.807,3229.4576727517574,1
1887.2,12.33,72.31,0.893,2185.015752992363,0
306.8,1.73,45.29,0.267,2371.7296828434723,1
2480.4,26.48,29.47,0.85,2760.104945834056,0
420.1,19.77,56.01,0.875,2684.950757857667,1
1677.9,23.5,41.2,0.425,3521.5430096076366,0
1076.1,13.84,97.11,0.301,2517.357598444305,0
792.6,11.76,46.38,0.498,2634.8910648437377,1
1589.7,10.63,91.81,0.644,3335.822241541441,0
3086.0,21.66,73.79,0.743,2133.6239417188995,0
740.2,1.68,30.2,0.827,2635.204514633981,0
2842.6,30.17,89.49,0.841,3702.1471921532407,1
91.2,20.35,51.44,0.425,3837.4917206269856,1
2163.3,10.99,12.84,0.659,4395.8130039111165,0
1462.3,17.59,73.6,0.474,2575.898053015549,0
594.9,25.59,31.04,0.267,2252.2134460813954,1
791.5,8.37,58.74,0.815,2676.6713969208085,1
2298.6,26.34,62.14,0.413,2238.403068371455,1
676.7,10.69,22.31,0.771,2611.4313455070587,0
3925.1,20.97,76.33,0.663,4894.298374688784,1
777.0,7.56,53.81,0.633,2710.61104014452,0
1254.1,33.4,29.45,0.469,2152.154434588604,0
1199.5,58.81,37.98,0.826,3227.992825042209,0
1452.7,13.91,42.93,0.442,3986.949056908006,0
1429.2,18.96,72.73,0.294,4665.205572171321,0
2602.1,23.8,40.16,0.643,2770.739857196604,1
710.6,7.03,56.12,0.506,4875.015252418094,1
3501.6,29.97,12.32,0.26,2684.950757857667,0
148.9,29.07,55.98,0.571,2198.893943956354,0
1910.2,26.44,87.68,0.88,2283.176834995098,0
1264.0,18.12,65.88,0.651,2659.0607150549754,1
1550.7,3.87,57.55,0.509,2684.950757857667,0
921.2,19.08,45.44,0.608,2363.785569992221,0
4841.6,29.92,16.77,0.281,3642.377811051013,0
846.3,5.08,62.25,0.449,2554.1707626098723,1
1766.3,23.69,38.52,0.547,3398.115518201621,1
93.9,1.95,79.54,0.429,2938.4735669097217,0
1234.7,17.78,95.97,0.402,3339.887249135664,0
1747.9,35.24,92.22,0.493,2365.082953145554,1
1326.4,21.92,71.2,0.58,5238.667725250038,1
535.7,16.74,56.78,0.836,3351.867938089,1
2389.6,19.63,53.12,0.51,3820.878624235463,0
437.0,13.94,72.34,0.718,2198.5435834644454,0
4209.6,31.76,38.21,0.617,2400.6988473501347,0
552.9,30.8,83.84,0.761,2479.1431762899606,1
2241.0,22.91,68.68,0.872,2684.950757857667,1
1554.2,20.54,87.01,0.565,2617.880279318432,1
1562.2,35.94,96.05,0.394,2917.80731663968,1
731.0,11.38,72.2,0.348,2226.771063205497,0
506.6,15.09,34.47,0.491,2339.02220961718,0
740.1,33.21,40.02,0.662,2225.226106405176,0
4476.3,12.75,82.59,0.168,2680.713925086237,1
666.3,14.32,80.62,0.72,4166.1279013391,1
2270.5,31.43,10.53,0.95,2684.950757857667,0
1704.7,34.93,30.87,0.376,2183.1411874420774,0
1521.9,16.81,67.46,0.399,2546.6263974430053,0
573.2,29.79,22.98,0.454,2527.998117790774,1
1975.2,11.58,65.77,0.549,4553.478496098338,1
91.2,14.44,34.28,0.297,2938.539868761142,0
4351.9,16.14,68.14,0.392,2624.968593605951,1
646.6,6.54,21.67,0.369,2074.3198491982384,0
857.4,15.71,47.82,0.485,2952.317944554036,0
375.8,4.54,60.79,0.588,3642.059392696056,0
386.3,26.56,45.49,0.477,2319.299744329082,1
639.5,20.16,62.27,0.582,6358.619991702903,0
2560.6,31.81,100.0,0.531,2411.212547118291,1
575.2,13.55,97.11,0.725,5249.715785760367,1
3019.4,10.07,64.9,0.397,2389.2721500464195,0
542.8,13.87,47.04,0.764,3409.216485747573,1
1955.3,28.4,35.33,0.537,2781.6908840079464,1
591.5,28.33,54.49,0.838,2547.488981034485,0
1202.7,33.06,69.79,0.262,2773.2843387235066,1
1601.8,17.19,61.95,0.793,2380.353869492667,1
523.6,25.14,53.87,0.557,2293.188657712338,0
707.9,9.56,56.91,0.351,3881.061476101742,0
1609.3,27.12,78.88,0.354,2310.5352526784063,0
129.1,11.54,59.88,0.65,2894.4538559340103,1
913.1,14.79,64.86,0.945,3070.652269140948,1
1675.9,3.03,30.47,0.827,4306.7563845582135,1
793.8,21.7,59.57,0.418,2684.950757857667,1
504.6,15.58,96.1,0.545,2062.4109127859297,0
2118.8,22.54,34.6,0.857,3102.12480607672,0
764.6,4.89,48.6,0.168,2634.3974816074683,1
4038.9,37.84,51.91,0.572,2658.770046638464,1
669.4,8.92,46.11,0.796,3792.509159515658,0
1894.8,29.84,41.44,0.565,5492.635332320581,1
1168.6,30.63,22.66,0.637,2670.6405507924624,0
730.6,18.33,41.0,0.694,2364.252432707496,1
1934.5,12.56,34.99,0.751,1737.949844197977,0
4308.8,30.89,66.53,0.61,2138.2461212583144,0
152.4,37.15,54.76,0.38,2761.9463473830697,1
2605.0,13.76,53.41,0.936,2961.051767586984,1
180.8,3.96,100.0,0.663,2334.203411933184,0
1589.5,18.46,91.06,0.787,2398.5257086816746,0
978.3,11.5,43.11,0.626,3273.5049190729164,1
1551.0,31.17,67.14,0.737,2066.05776710762,0
921.3,30.76,67.77,0.819,2487.702455714268,1
3367.0,15.06,50.03,0.511,3505.1687250414734,0
48.5,18.11,53.44,0.95,2520.846739647478,0
3335.7,11.75,83.08,0.725,2655.0343173181645,1
643.8,27.73,62.13,0.509,1750.2013827395328,1
1947.0,22.52,33.2,0.619,2379.433426998889,1
328.5,18.2,86.6,0.507,2360.6006933441854,0
864.9,40.19,98.2,0.525,2675.0149813913545,1
708.6,23.17,75.11,0.341,2186.684290007496,0
2732.7,32.01,28.85,0.671,2722.812473832613,0
277.9,33.72,79.13,0.451,3386.563884065249,1
2551.0,9.91,48.27,0.683,2886.2999802277345,0
627.3,9.97,65.14,0.436,2679.976886338327,0
735.7,21.91,56.89,0.851,2636.74759192128,1
1835.3,9.19,42.79,0.922,2659.990902841615,0
1168.3,18.24,50.73,0.739,2310.743355795518,0
1203.0,13.28,43.57,0.421,4063.784440667896,1
2199.9,40.37,40.07,0.82,2586.546830717622,1
175.2,13.33,62.78,0.78,2441.8184769820245,0
3588.6,20.76,42.16,0.416,2434.579357380705,1
760.6,8.52,38.31,0.606,2663.222080523478,1
1857.9,6.88,67.18,0.793,2032.51978901192,1
690.1,26.63,57.7,0.594,2731.377443563997,1
1733.2,16.08,39.09,0.589,2561.227160162785,1
1152.7,37.61,24.15,0.542,2197.587611505554,0
3419.8,21.1,62.18,0.38,2281.4194401428217,0
233.5,17.24,58.18,0.716,2620.697022244644,0
2949.5,9.48,23.73,0.518,2013.8860985943088,0
279.7,16.54,73.03,0.578,4446.388476785882,0
1125.1,11.14,51.27,0.892,2905.071739259507,1
263.2,59.72,49.79,0.612,3425.1224833827323,1
325.8,10.43,30.75,0.66,2627.476608429792,0
280.4,23.25,59.39,0.757,2229.3885553029777,1
3234.6,35.58,100.0,0.49,2788.234055193306,1
186.2,17.53,46.39,0.45,2232.687753577815,0
1506.2,7.25,58.26,0.704,2830.7219525992627,1
797.0,12.54,30.01,0.431,3715.6928161395294,0
1546.1,55.71,20.09,0.527,2168.233298934668,1
933.8,36.43,62.62,0.66,3245.6605898683933,0
1287.8,11.02,5.67,0.404,2670.2616543498243,0
1442.3,7.28,84.75,0.95,2684.950757857667,1
893.6,14.03,42.55,0.4,2431.998993084028,0
801.5,27.46,86.0,0.625,4286.911659781432,1
4074.6,19.43,73.98,0.624,2449.654612398515,0
207.9,6.09,66.48,0.632,2620.562848463123,1
853.3,23.8,52.9,0.787,2708.4002745167345,1
1063.3,22.25,42.76,0.723,2695.334099400514,1
1688.4,8.22,38.25,0.859,2872.195294141034,1
284.8,39.81,12.75,0.831,2047.950171990443,0
4486.3,14.46,77.85,0.44,4483.559338664876,0
163.5,1.82,65.75,0.589,2855.4417718904688,1
1521.1,5.55,67.27,0.467,3895.7437374547753,0
589.7,2.52,44.71,0.604,2357.302850712472,1
1608.1,40.14,58.13,0.648,2684.950757857667,1
1581.2,42.03,74.73,0.531,5650.922999582608,0
443.4,23.2,84.65,0.444,2701.582778874309,0
2282.7,26.99,44.9,0.429,2764.359700997523,1
1975.2,13.64,31.32,0.652,2684.950757857667,0
456.8,35.23,41.32,0.676,3047.4198416806216,0
2731.9,7.25,59.12,0.945,2136.295347184674,1
544.9,17.38,27.62,0.488,3178.567900835028,0
2416.2,9.91,54.89,0.55,3275.0036779288857,0
1134.5,36.0,53.25,0.335,2350.629600342486,1
583.5,27.14,84.63,0.392,3552.071351600195,1
2383.3,9.62,59.11,0.517,2483.981719288907,0
1161.3,18.46,45.47,0.408,2390.131227667223,0
225.1,10.76,53.26,0.806,1964.67489027161,1
2213.7,17.95,60.35,0.569,2305.6786131320287,0
169.0,30.01,79.28,0.703,2318.6510421234643,0
856.5,15.22,74.4,0.401,2485.146468235739,0
869.8,14.54,71.9,0.661,2418.8976231364754,1
1289.9,30.26,38.28,0.5,4148.143097257934,0
346.1,20.91,36.97,0.488,2332.362198587457,0
3082.6,4.27,28.62,0.655,2371.1898305497048,1
138.5,14.06,80.53,0.415,4878.389903477131,0
3636.5,13.39,43.75,0.842,3074.4495890649664,1
398.5,33.56,63.96,0.355,2480.7639511197726,1
2491.8,7.03,44.62,0.238,4438.445022475963,0
628.8,19.85,68.72,0.623,2503.7694094316253,0
604.1,11.02,74.92,0.298,2514.450334192627,0
522.1,42.0,42.74,0.532,3056.0383306352937,0
4774.2,40.43,50.78,0.454,3281.944679059636,1
832.9,5.23,45.35,0.5,4408.102852634077,1
2336.0,20.04,64.19,0.525,3297.410402061868,1
543.3,11.14,72.24,0.381,2524.8995858216217,0
2194.9,12.61,39.24,0.856,3032.260144587612,1
483.7,40.76,27.93,0.46,3409.8125002649977,1
1390.7,18.76,32.57,0.149,2558.3942724665458,1
565.7,20.02,40.9,0.715,2368.819302502965,1
2977.0,44.38,9.33,0.654,2642.5262170388787,1
848.4,12.45,35.2,0.74,2684.950757857667,0
3655.6,16.58,56.36,0.779,4432.167268029934,1
366.2,12.47,69.34,0.368,2092.3313484173764,0
1811.2,12.32,36.04,0.452,3101.9987780977963,1
1444.3,16.15,67.21,0.469,2189.4964662975312,0
1112.1,9.68,66.12,0.418,2819.125752388385,0
255.2,25.73,39.88,0.521,2341.7356814924,0
2572.0,15.22,61.75,0.759,2154.6793529344354,0
748.5,14.2,75.78,0.862,5251.278512058043,0
3043.3,13.53,59.62,0.384,3058.2685420103253,0
784.8,6.72,34.24,0.791,2694.3465751286462,0
2418.0,46.58,58.29,0.78,2665.1408484444314,0
1078.2,23.31,49.49,0.95,2753.249263943037,1
1747.1,22.77,64.46,0.699,2734.6254044254297,1
1873.8,16.99,55.43,0.553,2487.7215901726586,0
2336.3,21.88,85.14,0.387,3043.8411571819174,1
666.2,16.02,70.98,0.385,2441.448747075922,0
3235.4,19.59,91.67,0.547,2270.618102230601,1
376.6,44.74,52.48,0.469,6134.3148168356365,1
1484.3,32.91,35.6,0.658,2370.9119537032107,0
1026.1,41.95,64.37,0.662,2713.068345183359,1
1005.4,35.05,48.3,0.95,2770.5399760467594,1
1030.5,10.46,72.8,0.393,2349.0186995366425,0
2004.7,26.56,61.06,0.613,4098.21954783667,1
32.5,6.35,75.26,0.365,3784.446686481994,0
2858.4,9.59,57.72,0.485,2812.9454744300965,0
487.3,18.0,65.3,0.542,2664.4629203948266,1
1237.0,15.92,42.45,0.615,3676.6050924109263,1
338.2,11.12,39.61,0.583,2560.1497283547146,0
440.5,25.28,74.75,0.374,4283.922238980619,0
2401.6,30.84,60.77,0.653,2658.0879587759,1
1605.3,24.45,63.45,0.594,3797.456039429669,1
66.6,9.92,59.01,0.448,2731.064338353352,0
2432.1,16.16,30.58,0.556,2756.9426039461,0
504.4,24.11,16.64,0.508,2564.149962205544,0
748.0,23.23,65.97,0.149,2836.431390960116,0
1875.2,13.87,52.6,0.536,2253.7556215782347,0
1599.2,16.02,59.25,0.788,3093.246060588445,1
1705.0,21.38,62.25,0.756,2813.432613215349,0
2346.0,28.29,62.5,0.679,2197.6081017377805,0
142.4,15.59,56.75,0.557,2755.542470518365,0
3754.6,18.99,60.43,0.651,2816.615438720381,1
228.0,8.24,45.84,0.127,1752.2251248193331,0
1646.2,18.38,54.08,0.503,2506.8244889431776,0
545.5,9.56,22.2,0.653,4968.261489884457,0
992.8,23.92,51.98,0.515,3281.7407516957323,0
2167.9,3.86,49.89,0.455,2721.528786581173,0
1558.0,26.41,35.62,0.604,2321.4287297635087,0
661.6,23.79,39.84,0.665,5666.136933076727,1
2776.3,31.57,67.72,0.822,2101.1477387559985,1
272.1,27.08,54.96,0.436,3902.0036404918674,1
1592.9,29.98,44.53,0.84,2611.89669889378,0
1793.4,15.85,63.19,0.339,3448.8411274526125,1
453.1,16.92,28.55,0.43,3372.4559168708747,1
1779.1,15.56,67.45,0.318,5307.018752006138,1
784.6,37.09,89.43,0.5,2837.49167123142,1
336.9,38.01,46.87,0.781,4064.973056355591,0
2412.7,15.39,48.37,0.383,3014.110254952565,0
301.3,5.81,80.55,0.498,2387.4833437208817,1
2434.4,15.05,62.93,0.692,2577.6033555472827,0
503.8,17.61,80.96,0.95,2719.9957231504536,1
1180.4,23.02,67.74,0.78,2573.4256532636987,1
447.6,18.02,50.53,0.675,3297.9416367966155,1
4507.6,18.59,46.62,0.631,2480.3634872835087,1
683.2,14.27,41.52,0.773,4123.923072660168,1
3191.9,12.77,73.84,0.592,3178.6966844876806,1
745.4,10.6,48.79,0.352,1971.1741461783872,0
2000.3,60.0,10.37,0.627,2776.249776653354,1
1149.6,19.17,76.11,0.717,2273.4012252933016,0
744.6,4.71,39.33,0.421,1898.7203799804488,0
1256.1,11.77,35.98,0.314,3169.087808368194,0
1272.3,39.96,71.13,0.687,2723.7730777953734,1
589.4,27.83,69.18,0.263,3149.20387936396,1
3372.3,10.68,50.5,0.579,3002.98989198415,1
690.0,23.26,45.8,0.621,3188.82721317012,1
1145.8,11.06,80.57,0.662,2684.950757857667,0
272.5,30.98,30.6,0.255,2162.831047284232,1
1170.0,19.88,34.65,0.881,4262.93195981728,1
1503.2,6.53,72.73,0.584,4332.839499332983,0
3718.9,8.07,47.14,0.658,2341.707071918773,0
427.2,21.82,71.36,0.434,4206.929936816978,0
4167.4,27.77,87.85,0.511,2680.3882538768544,1
635.8,2.77,98.93,0.563,2681.327323990541,1
2202.5,31.7,51.46,0.495,2127.3014059894867,1
256.4,60.0,84.85,0.774,1910.5260346102184,1
639.2,16.15,39.93,0.594,2392.8440013429,0
1557.1,14.83,48.09,0.675,2641.47619194484,0
3709.1,29.5,48.99,0.415,2463.7820493080435,1
77.3,7.02,32.75,0.499,2849.9617452522493,0
1939.3,13.61,33.17,0.728,2781.654918331023,1
548.7,12.13,42.86,0.587,4555.641841651059,0
1573.6,27.09,91.01,0.594,2608.6582784966795,0
312.2,24.29,64.65,0.405,2309.113239972136,0
319.7,59.95,66.83,0.925,3140.9905388843868,1
1217.8,20.66,60.27,0.373,2844.276916297231,0
2143.0,29.53,72.08,0.321,2720.7908224642083,1
772.7,4.01,52.28,0.419,3236.7628048608776,0
2048.2,21.64,61.63,0.31,6312.766669402601,0
751.6,18.86,83.37,0.552,3142.468877769576,1
1395.5,19.15,62.78,0.318,4312.868379598788,1
1198.9,25.82,19.67,0.759,2689.778137053453,1
1034.7,29.69,34.5,0.442,2102.106942034173,1
2034.7,47.39,52.42,0.737,2789.058465212064,1
1095.2,52.99,53.67,0.671,2030.011927132946,0
692.2,17.04,74.51,0.717,2367.7875502783136,1
3058.4,27.83,65.17,0.835,2734.583551950373,0
365.3,11.0,58.3,0.171,2707.278690063641,1
1761.1,20.41,67.13,0.743,2724.229924472,1
872.5,17.69,54.48,0.581,2620.375193683419,0
821.3,21.89,51.56,0.312,2387.978188234724,1
1507.3,40.53,44.97,0.416,3669.218904650999,0
3053.1,17.01,5.0,0.734,2684.950757857667,0
830.6,23.98,52.81,0.452,3024.7347912531222,0
2828.1,9.3,48.42,0.586,2790.291944115354,0
324.7,6.21,91.0,0.713,2339.388283986021,0
1249.6,41.36,66.09,0.544,2285.584973951855,1
1056.2,12.6,79.29,0.814,2558.60951564204,1
1225.7,27.72,39.73,0.564,4846.445640205128,1
1763.9,18.18,66.94,0.62,4298.104459046404,0
3309.0,12.81,85.45,0.49,2725.010985791656,1
529.6,33.92,45.27,0.493,2691.0724124051726,1
4044.3,27.99,33.83,0.399,3414.3647074359583,1
168.6,27.4,43.1,0.768,4940.722800094588,1
1825.5,28.29,40.39,0.617,3608.816484988005,1
1053.6,12.46,56.01,0.846,3160.8529473791696,1
428.4,8.95,74.18,0.524,2456.338883283521,1
252.5,30.68,86.81,0.643,2466.141996344805,1
2266.6,26.17,60.97,0.49,4250.25192510222,1
411.2,5.77,54.54,0.32,2428.267824753763,0
2407.9,26.14,42.25,0.733,2839.980248764518,1
284.7,18.71,69.55,0.666,3333.577562228715,0
1985.6,15.24,59.91,0.52,2704.850031414512,1
1039.8,14.9,21.31,0.28,2839.5403653844146,0
1270.4,16.29,56.43,0.565,2642.150527779648,1
263.5,3.39,78.37,0.551,2814.442677723336,0
3768.4,24.79,25.01,0.565,2293.299935881617,1
846.7,15.4,18.13,0.596,2386.7444293923672,1
3739.9,21.2,63.27,0.937,2278.33898780541,1
206.0,18.99,46.99,0.661,2830.69674102343,0
713.4,17.03,59.66,0.541,2400.4311504437105,1
871.0,28.05,44.36,0.569,2550.582561913652,0
1012.8,3.96,70.88,0.704,3061.366918092258,0
1236.2,12.18,40.96,0.347,2673.432988814054,1
4683.0,11.53,76.78,0.776,2310.590940276,1
759.8,17.32,78.93,0.726,2340.621124821981,1
2988.4,20.47,8.35,0.52,2392.26966671393,1
387.2,4.31,31.67,0.708,2188.3727711383176,0
1488.1,26.71,53.35,0.324,2625.2096283892097,0
1531.4,22.02,76.28,0.458,2860.328762214508,1
451.5,37.73,86.84,0.532,1733.708809148517,1
1251.1,16.33,58.29,0.826,4099.178515765543,1
3149.0,52.38,75.29,0.565,2671.112925660907,0
466.1,15.46,100.0,0.7,1731.6188533028442,0
4068.6,6.24,35.61,0.649,2259.9698871621545,1
785.9,7.47,67.51,0.836,2626.8402634572058,1
1969.1,15.19,70.2,0.528,2189.63205894199,1
928.4,27.13,44.42,0.455,2366.3632453308574,0
1075.4,7.71,39.37,0.674,2297.9255695465936,0
538.3,59.14,62.93,0.363,2322.793151347509,1
3291.5,12.92,34.9,0.44,2620.506712963589,0
292.1,32.92,40.67,0.429,2126.494017817451,0
4130.3,7.69,49.56,0.488,2629.824565993065,0
297.1,8.26,33.99,0.4,2389.0533470493647,0
2123.3,15.26,23.74,0.371,1721.6116401908391,0
1419.9,27.11,78.32,0.667,2662.899830823087,0
1107.8,27.83,47.26,0.368,1781.949695840536,0
507.7,17.49,62.28,0.771,2789.001871227309,1
3464.4,1.72,53.4,0.805,2901.44946628689,1
478.5,4.88,87.15,0.375,2238.926383111743,0
1676.2,11.87,50.47,0.753,4019.527240755612,0
631.4,9.71,45.39,0.452,4796.637449438322,0
2057.3,11.21,39.02,0.654,2229.3478866137234,1
1665.5,42.43,44.27,0.744,5091.119638078447,1
792.7,51.38,30.27,0.482,2746.285506617263,1
1258.5,41.28,49.51,0.447,4156.429753694875,1
3297.9,12.14,31.93,0.815,3093.5180303555294,0
448.8,3.97,72.94,0.774,2029.506566364356,0
4254.4,44.41,45.04,0.354,2343.30292681859,1
586.7,16.7,35.16,0.729,2953.276664866303,1
1918.4,18.32,56.3,0.487,2990.1010077486712,1
884.2,13.05,60.25,0.59,3122.978011911022,1
904.7,60.0,29.55,0.504,2825.945851075134,1
1392.5,10.47,17.24,0.596,2672.530515034236,0
1154.6,26.39,64.5,0.815,4326.914506682713,1
223.7,4.92,53.1,0.597,3069.854728591888,0
2356.5,7.19,52.96,0.412,2840.2767425391294,0
76.5,17.72,57.78,0.477,4103.0289111922975,1
1258.3,51.63,13.19,0.615,2423.2505777825068,0
1803.4,28.55,33.2,0.671,4172.801921699394,1
657.6,11.0,58.23,0.597,2696.532957421562,1
2133.5,42.1,28.2,0.721,3349.337289736796,0
4469.9,16.62,68.02,0.519,2684.950757857667,0
841.0,9.59,39.72,0.642,2657.856404431003,0
2795.6,17.82,51.22,0.55,3415.251059346668,0
685.4,7.69,55.7,0.411,3364.343689039711,0
1010.4,31.29,80.39,0.48,2688.262876649537,1
394.4,20.54,77.4,0.667,3264.27574411512,0
657.2,32.8,32.02,0.672,2303.891498880265,1
2174.9,20.05,58.55,0.898,5461.94136994362,0
674.2,34.61,62.63,0.575,3092.2216388839715,1
788.1,5.68,78.72,0.557,2745.541238560046,1
2202.2,9.56,69.44,0.599,2573.926222628022,1
433.8,27.27,51.04,0.888,4585.08739683403,1
1766.6,13.98,56.19,0.775,2665.733674656832,0
153.6,44.96,75.93,0.516,2865.947386828319,1
403.9,18.61,28.41,0.41,2487.1834694281865,0
1064.6,39.03,70.26,0.012,2483.7466869987256,0
744.3,35.23,77.71,0.444,2287.668054451947,0
422.4,7.36,75.01,0.505,2684.950757857667,0
3987.6,31.15,74.23,0.717,2864.4619531269814,0
667.2,22.21,80.92,0.543,2684.950757857667,0
1253.3,13.1,70.27,0.524,2864.947224240751,1
157.6,28.97,27.03,0.695,3438.299348333664,1
1565.1,19.45,43.3,0.42,2015.716706002213,1
577.0,30.12,67.35,0.466,2798.6685454783656,0
1017.8,48.47,87.88,0.637,2998.7524579995747,0
705.7,7.84,72.14,0.663,2673.7682885799786,0
3742.6,12.21,48.01,0.534,3201.3601802054004,0
536.2,2.27,39.86,0.573,2903.5451370385986,0
2268.1,19.21,77.5,0.42,2606.2996306476416,1
444.6,16.68,29.65,0.634,4169.52801855421,0
354.7,34.63,60.1,0.661,4843.766684044454,1
1320.8,11.01,18.63,0.793,2630.458379732061,0
2893.5,12.37,63.19,0.52,3425.8371567784484,1
556.7,12.21,44.96,0.701,2546.038256004476,0
3666.2,29.6,30.25,0.461,3677.581551116994,1
691.1,9.33,79.99,0.606,3207.7670986923586,0
2298.5,16.25,37.93,0.652,2544.914836527856,0
534.2,41.68,78.29,0.203,3626.041594111732,1
1793.5,19.27,58.67,0.658,2809.3682036679484,0
678.1,38.84,65.28,0.824,3134.3842847653755,1
1184.2,17.7,80.17,0.669,2615.516445725148,1
751.8,10.98,31.63,0.886,4895.445648543427,0
2992.0,17.26,58.02,0.318,3028.376104235058,1
123.1,5.96,28.28,0.726,2546.8588761286464,0
1323.3,17.96,31.67,0.475,4150.483701279479,1
417.4,23.41,58.93,0.26,2629.1962235406063,1
828.4,24.7,64.85,0.559,4779.065961954799,1
1464.7,25.15,58.94,0.641,2469.9143463427654,1
3167.3,26.35,81.44,0.573,4137.264105262708,1
707.3,17.12,89.3,0.919,2405.318775415052,1
1762.3,7.55,66.25,0.521,2639.873723633124,0
244.8,6.87,45.59,0.615,2236.597409701509,0
1140.8,16.41,77.61,0.746,2684.950757857667,0
496.7,21.75,34.88,0.54,4015.7052819830433,1
568.0,36.64,25.67,0.524,4445.039516105224,0
274.4,17.26,55.75,0.13,3658.80872617985,1
4560.0,18.26,63.77,0.95,3750.7677016458974,1
817.6,23.15,59.02,0.559,2709.806121559252,1
4072.7,14.85,69.71,0.586,2272.716910652291,1
427.0,19.55,39.88,0.812,2522.330705494785,0
2304.7,3.05,58.03,0.454,3450.582002428596,0
1436.3,29.54,79.17,0.896,4336.9154210330125,0
1437.0,4.92,72.34,0.768,4708.050490725745,0
1956.6,18.71,22.44,0.759,2248.5721682588223,1
4273.1,19.46,75.27,0.498,2366.856471029081,1
787.4,3.44,86.27,0.484,4389.281657792778,1
4437.1,35.88,25.2,0.611,2898.424102123454,1
607.0,42.91,49.29,0.24,2777.486229574701,1
2262.4,36.15,36.99,0.574,2816.1067832461863,1
517.1,7.96,72.73,0.645,2341.5514988706486,0
1312.9,27.08,40.38,0.693,2731.813466100948,1
286.5,20.66,56.33,0.563,4830.7255868872335,0
1038.3,6.23,61.8,0.529,2501.1627397974776,0
871.7,10.1,39.24,0.302,2746.5909368705165,1
3913.1,22.65,34.46,0.479,2284.4226440600364,1
162.7,30.82,55.64,0.364,1967.622214505772,1
1857.9,22.75,55.32,0.487,3466.846510093722,1
915.8,10.83,77.87,0.231,4110.744341233899,1
456.2,13.22,55.11,0.366,4233.870069912997,1
319.2,60.0,18.75,0.668,2264.3117338197003,0
3806.3,33.79,30.86,0.766,2677.2497296820657,0
574.1,31.18,41.69,0.655,2756.8751164704386,1
3797.0,15.02,42.19,0.731,2684.950757857667,1
80.7,8.22,30.06,0.552,2181.4277524698705,1
1003.4,19.73,27.31,0.564,5283.117006920789,1
699.2,4.66,52.06,0.616,4672.796105131928,1
865.6,33.92,92.35,0.517,2315.363093757901,1
2428.1,25.18,44.38,0.732,2855.015664912773,1
2388.8,8.09,72.69,0.658,2731.049546726209,1
695.2,15.24,35.37,0.706,2763.6764586660543,0
3820.8,27.65,48.09,0.091,2068.1216505341017,1
156.6,30.15,37.28,0.826,2685.782976865741,0
2086.8,10.83,70.79,0.507,3535.066328435077,1
1280.1,12.55,30.08,0.374,3251.271594285736,0
1043.3,4.85,45.94,0.435,2299.0785143802723,0
485.9,20.73,76.43,0.801,3114.5174955859748,1
1375.7,22.38,66.31,0.876,4420.539908281041,1
119.9,8.25,71.39,0.669,3104.164739549597,1
3118.1,9.17,25.28,0.306,3527.387393771872,0
712.5,21.81,46.63,0.798,2752.230129074907,0
1907.2,30.23,29.96,0.662,3764.606405315696,1
694.5,35.1,50.77,0.648,2656.9970819382484,1
1586.2,36.0,14.05,0.785,2397.8571264570774,1
1455.9,41.28,56.09,0.95,2992.175775409168,0
4864.9,18.8,81.74,0.362,2671.251684510455,0
427.8,30.59,78.64,0.335,5301.977246651759,1
2401.7,17.56,62.57,0.492,2400.896393559148,1
383.5,57.17,38.11,0.539,2728.983983178931,1
1259.5,14.3,43.99,0.47,3453.437328489724,1
1416.0,27.81,10.73,0.506,1984.0159313526,1
1692.6,14.87,100.0,0.377,2514.4744126675937,1
469.2,13.88,55.54,0.588,2818.616157774072,1
4265.9,32.42,83.35,0.189,3070.584159236806,1
539.1,22.51,34.3,0.621,2524.215501103071,0
3038.3,15.83,48.45,0.669,6134.686134769035,0
182.7,34.41,39.93,0.791,2679.581439772972,0
2455.5,9.3,72.91,0.612,5049.908980067982,1
845.0,7.31,59.66,0.66,2783.879341863612,0
1134.4,10.72,38.34,0.44,2443.300373296281,0
1066.0,26.19,38.14,0.678,2845.1507434397354,1
1934.7,20.31,89.3,0.405,2631.306018710227,1
762.8,11.13,84.86,0.379,2787.5442815284773,1
3733.5,16.93,39.17,0.77,2297.269833634143,0
587.4,5.09,42.72,0.395,2827.645757941248,1
2370.1,27.54,72.94,0.814,3043.75029198852,1
1566.6,28.13,47.3,0.384,4049.25670977412,1
1034.1,22.1,35.0,0.63,2175.9042495907074,0
2301.6,45.33,34.04,0.398,4168.182745273918,0
4544.6,20.12,47.18,0.841,3175.8794372010866,1
38.2,9.92,57.83,0.549,2732.1778035036555,0
3033.2,22.53,37.3,0.497,2821.682273218471,0
671.0,22.07,37.45,0.792,2861.165486578982,1
2130.8,3.98,51.67,0.497,5329.250255507995,1
1325.3,31.96,41.08,0.542,2464.1867527115355,1
543.2,13.6,33.65,0.184,2686.6021230604306,0
2029.0,17.35,67.64,0.351,2490.6671705799336,1
4530.8,13.89,51.76,0.58,2608.9241327117898,0
747.1,6.08,81.95,0.624,4114.988019171203,0
2553.8,34.57,75.85,0.601,2449.12184858037,1
135.4,6.55,75.18,0.175,2948.8356375051376,1
1144.2,33.35,100.0,0.631,2723.761553556074,1
466.1,11.97,62.42,0.533,2605.886905776058,0
1550.8,17.85,67.45,0.399,3333.544277327485,1
645.6,35.68,42.14,0.741,2354.1111211456705,1
4289.6,11.18,41.78,0.935,2373.972352791102,0
37.8,17.93,49.13,0.791,2890.2939203782835,1
2595.1,18.76,44.85,0.549,3409.9921370838483,1
648.9,19.47,39.72,0.6,2597.9852945830976,0
1059.7,12.56,67.59,0.825,2438.179714352435,0
970.1,19.21,34.56,0.563,3745.1901278077457,1
914.3,16.39,24.68,0.487,2680.8833077965114,0
1801.1,24.75,51.04,0.527,2598.0020807806645,1
2373.7,22.86,20.22,0.684,2765.80008544169,1
58.0,14.85,54.95,0.677,2731.3697018233697,1
3105.5,3.82,80.44,0.543,3167.08457323008,1
466.9,23.48,54.38,0.636,2648.3515415434767,0
1471.0,16.86,70.45,0.328,2955.479842213359,1
611.4,8.69,74.15,0.809,2698.218695869922,0
875.7,42.89,74.07,0.605,2644.689276952179,0
1724.3,16.54,26.61,0.718,2476.663906125142,1
615.4,12.25,85.89,0.661,4354.406046071305,0
530.1,3.08,10.91,0.301,3122.5324277872214,0
4168.6,15.36,84.14,0.657,2684.950757857667,1
620.4,22.02,55.96,0.768,3136.304029653744,0
1570.9,21.68,69.07,0.578,4347.576685139156,0
451.1,40.39,56.35,0.763,2053.706735050351,1
1001.0,39.48,56.58,0.901,2634.2535454257504,0
1821.7,34.35,70.41,0.519,2533.9920589842927,0
4643.3,19.11,88.91,0.461,2513.76532650724,1
667.2,32.07,68.7,0.393,4190.451597485761,0
1927.8,12.05,55.13,0.462,3641.696758569408,1
520.4,1.58,60.68,0.522,2633.237231150033,0
1259.8,7.36,15.45,0.224,1627.297356861054,0
1624.5,16.22,5.73,0.908,2685.679602087647,0
567.5,15.12,18.83,0.714,2760.363856123248,1
1870.4,9.67,53.42,0.599,2268.64793991142,1
4911.7,24.34,48.04,0.408,3586.7191744013435,1
579.0,23.91,37.58,0.175,1727.3912796040615,0
4311.4,18.79,34.29,0.525,3641.627144033196,1
399.7,16.13,33.55,0.349,2042.4826359526016,1
848.4,19.35,85.88,0.633,3684.496346937866,1
591.3,8.49,49.74,0.568,4866.266460804379,1
775.4,21.75,22.27,0.916,2246.3276739149974,0
334.5,15.87,60.75,0.515,3375.8797779849288,0
1264.6,25.8,38.53,-0.021,1920.5180270171031,1
475.1,10.92,54.25,0.469,4197.039918442325,0
1703.2,18.1,38.75,0.701,2801.9958523973623,1
237.0,13.46,34.03,0.519,4484.002219370274,1
1516.9,5.44,59.87,0.624,4868.636136078817,0
761.9,18.59,46.29,0.793,3325.708800794461,0
631.2,19.29,76.22,0.617,2871.818513989409,0
1330.0,20.44,56.88,0.5,5721.56549535467,1
804.1,24.47,40.09,0.648,2581.393288166343,1
135.4,10.58,60.7,0.348,2657.618410724437,1
1722.2,23.23,64.96,0.773,2245.730106635895,1
786.5,12.31,40.44,0.848,2643.038451133482,1
851.1,18.56,36.21,0.402,3904.092725445096,1
1530.4,17.21,37.93,0.34,2767.619182773576,0
1170.9,17.47,55.52,0.862,2846.300927849248,1
1519.6,6.99,85.75,0.829,3151.4964185954595,0
3217.8,6.47,76.86,0.578,2343.517587696299,0
135.4,14.44,85.01,0.588,2294.960507068553,1
2314.9,25.19,77.31,0.592,2518.631323506622,1
54.3,29.6,5.0,0.534,3374.0451895522606,1
2192.5,17.94,56.14,0.534,4217.115715464669,1
1784.2,18.86,78.11,0.482,2619.4780184406072,0
1067.8,30.05,59.51,0.469,2604.1207656501715,1
2266.2,25.85,43.11,0.318,2782.574410503978,0
4940.2,24.29,98.5,0.712,4308.201853260621,1
566.0,34.46,83.76,0.648,2897.863772286352,0
1696.4,21.91,39.18,0.513,3363.914783678032,0
506.3,2.47,46.82,0.418,2144.830417370421,1
2120.3,18.79,37.31,0.671,2768.2732219165896,1
1274.2,20.64,51.16,0.666,2575.622802909523,0
1234.6,23.2,83.13,0.869,2303.077950809251,1
1755.9,15.58,69.81,0.241,2238.366646471777,0
3865.1,22.06,92.41,0.482,2645.4951363923124,1
349.6,36.64,71.32,0.458,4762.712935268026,1
3925.2,48.32,37.69,0.533,2253.3150274641225,1
485.1,22.61,23.0,0.572,2807.03751718934,1
2012.4,28.94,63.33,0.512,2611.157008920602,0
866.9,27.6,22.5,0.706,3764.369113551079,1
1657.0,17.71,53.2,0.48,3614.982050647018,1
2426.1,10.49,86.7,0.746,2321.2719223569,1
2547.1,20.44,53.76,0.887,4171.1119376578645,1
364.1,11.12,74.56,0.436,2793.280745257497,1
1918.0,31.14,42.42,0.916,2437.379188210596,1
581.9,28.37,31.67,0.706,3780.162669426984,1
1167.7,34.31,53.97,0.79,3307.146575293174,1
990.7,48.36,63.45,0.472,2824.004253629428,0
1280.0,44.77,76.29,0.476,2874.459109486861,0
2400.5,13.83,26.37,0.681,2576.4673762427988,1
1252.7,28.3,83.82,0.434,2669.612273496226,0
756.7,15.7,42.61,0.41,2241.25350264327,0
2291.8,10.99,85.28,0.528,2198.093348201625,0
740.1,11.09,26.79,0.48,3048.349103355421,1
1193.7,11.02,43.58,0.603,2369.4004344647547,0
871.9,50.4,56.53,0.717,2684.950757857667,1
521.3,51.16,56.95,0.533,2664.344148361168,0
1523.9,7.16,31.41,0.918,2896.941125591916,1
2929.3,14.45,53.62,0.381,2768.65929872949,0
739.7,3.43,51.29,0.609,4249.364900160149,0
3169.1,27.32,91.83,0.546,3820.4282755072095,1
476.8,4.26,10.88,0.36,2684.950757857667,1
2212.1,12.22,56.99,0.279,2090.840148459396,1
405.3,27.15,30.27,0.391,2475.936849438134,0
788.2,33.06,61.81,0.876,2658.9923207542824,1
1083.3,21.6,39.53,0.453,2349.639298519605,0
2595.0,20.54,78.82,0.95,4221.328839452657,0
844.5,34.27,77.07,0.202,2675.63167399525,0
3854.7,53.05,24.47,0.462,3346.0157203002004,1
155.7,6.2,46.64,0.846,3716.308008369209,0
2466.9,8.14,66.09,0.637,3128.2546355213094,1
1166.1,52.83,16.37,0.271,2293.018631767877,0
878.5,24.9,46.99,0.771,2166.8103841056063,1
1875.1,25.31,36.0,0.45,2756.58357820986,0
3588.5,60.0,71.8,0.472,2770.390824020276,1
732.4,12.46,61.92,0.521,3276.206530686682,1
4103.4,51.74,53.35,0.243,2636.0096407624155,0
700.3,17.52,50.92,0.359,2709.396897241661,1
924.8,28.6,87.99,0.749,2615.0503342942466,1
166.9,27.5,49.0,0.718,3082.0567429325465,0
1506.5,7.99,67.9,0.519,2225.8579377545825,1
410.1,11.33,95.97,0.507,5460.842411341348,1
4257.2,17.41,71.05,0.471,2465.90760460148,1
305.3,9.58,64.46,0.742,1946.0192923264565,1
3214.0,4.33,50.61,0.476,2814.8957719802606,0
703.1,23.64,47.49,0.783,2711.849857984485,0
1079.5,27.52,7.83,0.681,2515.920590523295,0
1561.9,36.74,17.33,0.369,4289.515501388722,1
1167.9,32.69,64.78,0.619,2307.68848972959,1
2109.4,37.04,36.13,0.694,2750.262374601331,1
1299.8,15.48,54.99,0.724,2762.7393360136907,0
874.2,13.76,64.7,0.723,2395.541555739119,1
3537.2,5.84,79.43,0.443,2067.915750718262,0
545.6,10.91,5.0,0.528,4852.062108949969,0
944.3,49.85,31.07,0.354,2533.990439488811,1
1515.0,24.28,82.81,0.844,3892.9437964040326,0
544.0,5.72,45.4,0.733,2551.9978616952903,0
1614.0,12.54,59.08,0.821,2843.3203855255547,1
3816.4,22.15,45.85,0.78,2608.176045895839,1
273.7,13.21,63.74,0.447,2150.125433589749,1
3574.9,8.63,43.68,0.566,2775.7114142655355,0
480.2,31.94,67.27,0.72,2264.395437000997,1
2204.1,5.95,89.67,0.382,2315.399163028744,1
398.1,13.11,81.18,0.475,4141.468598138285,0
618.4,17.84,83.24,0.415,3863.712211560413,1
2437.3,24.63,47.39,0.425,4341.261340298302,1
1484.6,24.93,41.5,0.647,2141.593276732831,0
373.9,24.24,63.36,0.304,3360.558703383759,1
4210.2,18.27,50.65,0.635,3521.6062303704216,1
178.5,30.97,33.72,0.495,2297.725005366407,0
1489.7,11.48,75.85,0.618,2943.4598020259778,1
910.7,24.62,66.41,0.384,2805.6645714128663,0
1462.7,14.27,66.61,0.82,2194.4032205869994,0
1156.3,17.36,59.14,0.625,1901.451163841416,0
683.9,11.84,44.45,0.668,2697.2985891961075,1
682.9,6.34,23.4,0.535,2692.836502049573,1
3287.5,16.73,80.39,0.604,2710.5935063817738,1
300.4,34.67,77.61,0.448,2447.865561425432,0
1596.6,26.61,46.85,0.891,2764.2896867164864,0
1858.3,26.2,51.43,0.36,2168.898684007355,1
1429.7,23.3,47.98,0.386,2572.4342622027943,0
349.4,18.92,60.36,0.402,5219.970237149724,1
2484.1,31.16,46.95,0.804,2684.950757857667,0
656.7,54.55,61.69,0.38,4895.961560347942,0
2900.3,27.58,76.64,0.834,2847.64984210004,1
392.8,54.84,71.06,0.95,2270.3277147916,1
1131.2,23.61,47.78,0.41,2484.992904349296,1
906.5,24.32,40.04,0.607,2265.4640659797988,0
1726.3,23.97,72.61,0.641,2169.31092800596,1
871.7,8.59,57.09,0.578,2703.7602655965866,1
1051.2,18.25,60.35,0.78,2580.972884541516,0
563.6,6.17,26.2,0.643,2478.257432806889,0
1932.3,13.07,81.38,0.686,2331.408658921239,1
541.7,30.35,45.82,0.559,2915.7973992925363,0
2173.0,13.25,33.38,0.67,2922.61075150903,1
732.4,9.41,40.68,0.819,2684.950757857667,1
1063.9,17.76,67.83,0.481,4357.901777472024,1
2485.2,8.05,45.65,0.532,2294.9769874805543,1
3258.1,18.09,54.52,0.727,1777.1829084357096,1
703.0,7.63,63.1,0.308,2291.408254551942,0
4286.8,16.62,31.28,0.727,2759.428537977509,1
431.6,39.35,77.9,0.676,2692.3683999683944,1
2471.7,14.11,95.52,0.357,2940.7619218967743,1
1747.9,11.15,35.36,0.55,2760.4078979737865,1
715.7,10.51,72.1,0.321,3026.899818103492,0
1209.6,29.48,49.53,0.623,3051.4878431058287,0
2270.3,9.7,45.42,0.36,3411.059338233189,1
882.5,41.13,53.14,0.624,2143.6891908884368,1
4140.9,49.88,69.56,0.736,2376.634014821434,1
165.8,15.65,38.28,0.697,2447.727840358615,1
2075.0,15.16,63.1,0.468,2813.093097912943,1
1356.8,17.43,42.75,0.598,3377.750941351992,1
1402.4,10.84,67.7,0.498,2684.950757857667,0
842.6,39.0,43.64,0.602,4908.564511130075,1
3479.0,32.8,67.44,0.889,2152.026092563587,1
60.1,14.37,43.68,0.736,2436.720308529574,1
1508.4,26.4,66.46,0.068,2908.3190029313505,0
560.9,30.99,42.14,0.773,2323.306345696864,0
1426.1,17.82,43.46,0.442,2379.847287759188,1
1467.2,16.26,79.17,0.642,4840.903315636127,1
1544.1,43.65,40.26,0.451,3630.321351936342,0
1736.2,11.27,67.92,0.435,2928.414666518158,1
4949.0,15.43,76.08,0.542,2740.299955702382,1
770.8,27.82,73.22,0.639,2333.339564463084,0
1673.1,10.58,5.0,0.53,2460.5128740652435,0
143.9,20.96,5.0,0.389,2567.783018263819,1
1806.7,40.18,73.47,0.413,3400.310425272841,1
1070.1,3.36,56.06,0.352,2656.1630710125514,0
978.0,10.35,78.59,0.503,2324.846058573701,1
1069.0,18.56,35.69,0.557,3406.863535791282,0
2257.2,9.75,32.52,0.591,3446.8268165421914,0
133.1,13.12,72.13,0.501,2987.3862816836267,1
2581.1,19.17,61.09,0.561,2897.0608769136443,1
684.6,11.2,89.96,0.646,4933.541663698589,1
1739.6,16.28,55.19,0.184,1869.414018384699,0
1586.1,7.9,34.81,0.497,2652.3919415252926,0
570.2,38.34,73.24,0.274,2815.529639188791,1
1142.9,6.54,49.15,0.614,2441.385646912983,0
2076.3,10.07,79.88,0.672,2823.347848945578,1
706.3,12.17,83.06,0.469,2345.088296939262,1
2503.2,10.75,20.51,0.718,2589.084545534872,0
140.8,11.14,60.9,0.216,3290.0485607573523,0
1518.6,6.83,49.95,0.672,4443.47359643212,0
1139.2,18.69,75.63,0.65,2241.649180806337,1
400.8,12.94,44.07,0.648,2497.6054211166115,1
2321.9,23.87,71.46,0.453,2549.7064428597782,0
4523.6,46.28,50.05,0.668,2774.091866291628,0
326.2,11.71,73.8,0.667,2499.375218029999,1
2727.8,12.53,71.3,0.547,3392.697141800943,1
619.3,0.98,57.27,0.89,2524.390635512543,1
1379.6,15.23,42.5,0.551,3140.7320416367675,1
782.8,45.18,74.74,0.628,2627.171618659876,1
977.7,14.24,74.28,0.515,2111.010709894994,1
1164.1,10.09,32.45,0.745,3088.804703975009,1
4335.5,42.5,42.77,0.632,2761.386946333841,0
733.0,8.63,58.89,0.575,3780.772326101209,0
3793.3,24.86,43.4,0.791,3283.8688415922243,0
528.3,24.72,45.23,0.574,2098.3743800449165,0
939.0,14.67,39.56,0.526,2635.462660450381,0
1109.8,54.06,54.13,0.468,2782.840605467354,1
1680.2,16.84,67.02,0.856,2684.950757857667,0
1001.0,5.22,63.65,0.636,2683.6236990905923,1
2068.1,21.35,56.19,0.835,2338.709695221455,0
624.1,5.72,70.29,0.863,4654.252422568643,0
3469.3,11.83,58.37,0.609,2496.6031982759696,1
682.3,32.42,68.15,0.608,2595.9689111952084,1
1170.4,30.35,52.66,0.546,3845.347562642458,1
296.1,27.67,38.14,0.567,2401.4113918601047,0
1168.3,37.62,82.17,0.614,3754.1888766338016,1
2361.2,40.18,77.52,0.361,4378.854282737267,1
2605.1,18.58,48.37,0.95,2286.190016840944,1
58.0,4.57,58.97,0.479,4332.499320095141,1
2128.3,31.32,37.29,0.404,2509.379490194082,1
599.5,19.95,58.06,0.7,2640.8113060779647,1
1445.4,26.13,56.94,0.784,3185.875846643578,1
935.0,23.71,44.3,0.699,2696.5871699694453,0
1253.0,10.38,43.28,0.557,4175.322880877488,0
2347.7,17.37,80.1,0.514,3237.473823375496,1
1427.0,27.36,71.91,0.666,2058.209831858707,1
23.3,49.86,75.83,0.506,4876.318740980355,1
2266.3,32.93,73.55,0.416,2319.42359873434,0
686.3,29.08,73.63,0.55,3184.5440532490966,1
1343.8,6.54,61.8,0.444,2562.659942008456,0
1271.1,11.59,20.42,0.52,2737.199275703423,1
1436.2,57.14,44.8,0.603,3072.115596033315,1
1838.4,15.56,83.44,0.508,2318.178230831682,1
3938.0,7.46,64.1,0.354,5261.304810046233,0
128.3,8.73,42.84,0.64,2809.95418149701,1
3289.7,2.08,46.36,0.663,3807.2666912600193,0
559.0,17.62,44.73,0.645,2628.2613559288743,0
2407.0,19.65,86.87,0.614,1899.2560043217509,1
1500.4,22.54,50.15,0.452,2323.872671145698,1
662.1,16.18,70.99,0.783,2379.53932975956,1
1030.2,7.99,49.12,0.305,2684.950757857667,0
4648.9,13.19,41.16,0.633,2789.1019831332483,1
35.4,18.3,31.68,0.075,2317.6166659677824,1
2721.6,42.93,79.07,0.773,2686.18810987391,1
620.8,23.07,63.16,0.678,2308.742597019372,1
966.9,31.64,75.25,0.504,2661.961389462232,1
175.7,35.34,53.6,0.532,2838.0893997342573,1
727.0,25.72,48.61,0.862,2656.517865854155,1
1602.2,20.14,34.69,0.41,3681.5379263067416,0
2034.3,6.35,42.49,0.654,2714.6583272692187,1
802.9,13.37,32.6,0.536,2409.2141383830703,1
4330.2,17.14,54.56,0.331,2362.1280270571297,0
138.8,17.47,44.87,0.837,3265.8570687813813,0
2050.3,24.91,51.45,0.246,3229.445465972707,0
1273.9,17.44,5.0,0.913,2655.034153630761,0
1071.4,22.23,48.81,0.691,2522.785534148245,0
1994.1,26.74,86.26,0.49,4179.424807261517,0
547.1,15.16,61.51,0.616,5048.103922435947,0
824.1,13.56,30.98,0.65,4175.983140265908,0
3945.2,9.2,5.11,0.427,2446.171958511569,1
238.4,12.55,5.0,0.722,2139.0335550087657,0
862.9,31.7,45.34,0.662,2490.1891535845425,0
803.3,59.85,52.28,0.522,1688.5950566610695,0
491.7,25.35,29.28,0.843,1951.3212536551723,1
341.5,21.71,84.38,0.408,3195.9225611566694,1
3908.8,15.77,97.67,0.557,2273.448308324543,1
171.9,22.02,80.1,0.658,3910.81402761284,1
2825.1,41.48,63.38,0.702,2359.7898699422394,1
425.8,26.29,64.58,0.731,2542.740035179893,0
2396.3,4.6,74.16,0.551,4446.544442247265,1
1864.3,33.96,32.8,0.707,1936.86523716406,1
776.3,9.16,27.97,0.332,2355.6480320905903,1
1778.6,12.54,54.58,0.293,3754.5840672872673,0
3694.8,31.14,63.1,0.695,2245.1043771718378,0
500.3,12.23,88.25,0.484,2796.5977617106337,0
3750.9,11.97,75.41,0.771,2239.2085299395267,0
193.5,13.35,53.56,0.435,2574.0183743911066,0
888.0,25.11,62.98,0.449,2915.5260051790724,0
880.7,16.83,60.2,0.706,4172.931613212194,1
455.8,14.98,42.0,0.668,2669.287405906024,0
664.3,26.21,92.63,0.545,2831.3276636013434,1
1461.8,12.37,5.0,0.47,2104.9307320453654,0
227.8,5.34,46.03,0.54,3628.7860109569497,0
1754.6,20.48,21.82,0.568,3360.976502997838,1
467.3,60.0,25.62,0.577,2683.351147381268,1
1545.6,35.64,72.66,0.787,2354.1893558841352,1
766.1,30.89,68.81,0.71,3903.233426889257,1
490.6,32.1,67.68,0.282,2923.4554870611687,1
2184.5,27.75,77.91,0.321,1958.6725129373376,0
561.9,11.6,37.92,0.321,2471.9069843630978,1
158.3,39.86,53.24,0.434,2042.847990953525,1
3729.4,24.66,73.41,0.827,2470.9136249457024,1
540.3,7.9,43.09,0.709,2787.0918179751534,1
1826.9,22.35,40.6,0.774,2554.09442185486,1
891.8,27.03,57.53,0.525,3187.4367342263386,1
1172.9,10.48,100.0,0.468,2553.000423097953,0
2329.9,36.72,84.65,0.319,2755.394110452944,1
1725.4,9.5,74.03,0.51,3215.633553576332,0
844.9,26.98,46.35,0.361,3670.056957018271,0
4313.4,9.12,71.12,0.455,3374.223394106163,0
778.7,29.65,49.19,0.704,3038.2988664276645,1
1471.1,2.93,67.55,0.395,1819.1770752085524,0
1242.9,27.55,26.5,0.612,2815.090444663706,1
803.7,13.73,46.6,0.229,2625.680784156533,0
617.0,12.22,53.18,0.248,3042.7625325003623,1
1665.3,16.77,77.64,0.331,3711.261341409078,1
779.4,15.96,89.53,0.508,2710.261486020174,1
1508.0,17.05,56.21,0.367,2082.190412011802,1
379.4,5.94,79.91,0.546,4039.5412062802834,1
2256.7,28.97,43.69,0.647,2515.32601132731,1
1411.3,13.56,56.04,0.345,2739.310004189781,0
1429.4,18.26,63.91,0.891,2631.6056345446605,1
1292.3,20.44,91.96,0.094,2444.633298890826,0
3034.9,15.48,49.23,0.835,4848.016841898799,1
790.4,46.11,70.32,0.068,2684.950757857667,0
2513.7,33.81,5.96,0.483,2692.4004080487707,0
678.1,22.67,62.19,0.879,2306.92026545428,1
1845.5,33.58,57.86,0.711,2332.4142860967586,1
178.5,60.0,32.54,0.514,3108.145843499401,1
1495.8,18.42,54.29,0.628,2751.8086295881667,0
386.9,38.83,63.69,0.506,3336.319490191416,1
1520.6,2.21,44.7,0.562,2443.406262111196,1
160.7,47.66,45.77,0.201,3047.2598452399484,0
1884.4,25.63,68.43,0.667,2619.9572019960083,0
208.0,10.72,37.04,0.253,3212.017541902584,1
889.7,33.54,39.06,0.423,2161.867465981911,1
1570.6,10.38,85.66,0.488,2685.320381323133,1
856.0,11.22,34.32,0.796,2684.950757857667,0
929.3,25.59,45.04,0.558,3150.533949603091,0
3064.2,45.04,19.42,0.736,2565.6604202074573,1
131.5,23.41,61.0,0.95,2552.0639625035656,1
4448.3,12.11,86.52,0.926,1961.4359114885767,1
264.5,23.53,52.51,0.652,2423.7991561259014,0
704.3,18.93,63.09,0.501,2609.903833153472,0
1018.7,15.66,17.69,0.523,2762.3741262632448,0
688.5,12.24,47.81,0.577,3297.0486435928465,1
937.0,19.04,63.2,0.279,2256.496757737617,1
1016.7,25.96,36.3,0.569,2533.8641218130206,0
259.8,29.82,44.93,0.288,4821.406720575213,1
2186.8,27.3,54.38,0.536,2400.4895122620715,1
608.8,2.41,87.7,0.398,4850.647134287595,0
2106.5,26.67,100.0,0.553,2706.548684734176,1
371.5,9.94,71.39,0.95,2739.2442741402383,1
718.9,14.61,72.03,0.575,2235.0752727288864,0
2164.7,19.68,45.43,0.401,2371.6964149800983,0
1804.4,16.12,11.23,0.585,4266.29501425577,0
485.3,29.15,50.53,0.579,3597.528135665954,0
4080.4,22.42,92.93,0.682,3303.807752878067,1
462.7,9.97,64.91,0.366,2507.436967176154,1
1240.5,29.8,47.21,0.465,2715.616711414103,1
754.2,14.06,39.53,0.635,2868.64921832267,0
1025.9,26.34,57.98,0.539,2357.918194407244,1
966.1,13.56,48.65,0.869,4875.854463053525,0
2120.7,16.11,64.05,0.649,2270.886740458944,0
240.2,28.11,16.32,0.515,3251.28620276059,0
2749.6,36.01,66.42,0.484,6104.274372097981,1
241.9,7.82,78.76,0.574,2675.3770193664864,1
2167.1,54.07,78.82,0.719,2643.124866424497,1
1401.0,9.55,50.05,0.38,2400.846487438414,0
521.6,11.14,65.87,0.382,3310.1608819219364,1
2242.5,39.98,37.01,0.663,2418.6250393320483,1
4403.7,11.87,84.43,0.309,2253.021613641033,1
242.6,14.95,70.58,0.537,2494.395452752852,0
3195.1,19.63,36.61,0.619,4965.411613508338,0
434.8,5.51,80.89,0.4,2406.8150831948938,1
956.0,19.95,25.95,0.922,2749.686531557011,0
851.6,14.13,74.08,0.722,2511.9272951758057,1
1089.7,21.09,78.17,0.444,4816.539731837044,0
702.4,39.12,39.13,0.766,3298.881708815443,1
1167.7,15.83,49.95,0.95,2370.362705427035,0
864.8,11.8,44.36,0.79,3186.015115774609,1
2296.9,31.22,74.59,0.497,2684.950757857667,0
793.2,5.68,61.89,0.578,4469.1471592049365,1
2238.2,23.24,53.83,0.381,2178.11971484886,1
694.8,15.26,43.2,0.504,2513.39343533341,0
1144.9,31.84,33.27,0.537,2316.0579232103228,1
330.8,26.99,47.4,0.338,2695.756526771725,1
3789.3,23.22,47.92,0.575,4196.20005976249,1
69.3,20.05,46.21,0.859,2733.5397832568024,0
3702.8,14.2,77.39,0.613,4343.860102303228,0
788.4,14.86,49.27,0.543,2655.254180121728,0
1552.4,12.32,59.89,0.778,2371.007942950168,1
627.2,26.61,59.26,0.695,2558.041848990978,0
1227.0,22.62,77.03,0.34,2625.709130745283,0
423.3,14.45,56.16,0.592,2442.4059061533826,0
2500.7,35.58,50.21,0.843,2559.5297378879613,0
276.2,11.75,54.2,0.413,2633.6792152789985,0
3030.5,18.92,44.81,0.694,2593.2285815488226,0
570.0,29.83,61.24,0.73,2694.49914029835,1
1044.8,23.54,15.44,0.465,4119.3305349322645,1
286.8,23.29,51.56,0.856,2733.0081656689654,1
1265.1,24.63,50.43,0.459,6135.962894194503,1
1393.5,36.64,32.54,0.85,6112.82324796062,0
3659.1,24.7,66.75,0.311,2798.535633491569,0
617.7,24.32,40.62,0.582,1914.0269203688952,0
2610.9,10.4,57.83,0.541,2662.564528900715,1
657.5,22.13,51.56,0.823,2263.041242014057,0
923.6,19.08,75.33,0.71,2684.950757857667,1
571.6,21.98,80.2,0.67,3878.546523856064,0
1277.3,20.7,34.37,0.603,4175.633344993511,1
1924.8,20.44,24.17,0.605,2734.0655514640134,1
2441.9,11.15,88.64,0.459,2376.903831293358,1
864.2,24.92,83.86,0.95,3324.3344720093014,1
4118.9,15.5,59.58,0.624,2894.8078506983843,1
310.7,29.31,71.04,0.62,2476.796446303416,1
2013.9,25.27,51.17,0.491,2869.890051981749,0
756.4,29.46,59.4,0.528,2612.244928582341,1
1635.7,12.17,23.32,0.505,3381.6985489318213,1
362.2,19.52,56.21,0.329,2783.528338670618,0
4717.4,22.79,61.43,0.69,2846.6833213867003,1
244.8,1.27,72.96,0.759,2461.391912175451,1
1621.9,23.68,72.5,0.7,2459.558552557706,0
72.6,34.38,45.13,0.344,2831.8495156109034,0
810.2,8.67,57.84,0.699,3613.013857519528,1
1063.5,13.33,72.22,0.353,2302.593565136365,1
380.2,56.9,57.19,0.899,2684.950757857667,1
1715.4,25.82,40.75,0.527,2627.0055956517417,0
4060.2,6.94,5.0,0.497,2037.6489247818647,1
569.3,4.91,46.04,0.314,2541.960738859213,0
3660.6,25.58,50.59,0.507,2654.032545933278,0
171.4,17.29,79.79,0.693,2749.8281655699143,1
1709.2,25.82,77.28,0.449,2684.950757857667,1
1321.1,20.41,73.78,0.469,2296.171705692272,1
1650.7,29.44,57.92,0.597,3257.3102162523264,1
459.2,11.99,56.24,0.484,2356.127169545304,1
2288.7,16.73,44.06,0.44,2627.748956784596,0
807.8,4.29,41.64,0.366,4883.879804419942,0
2349.8,19.69,81.58,0.392,2780.438694397541,0
124.0,32.13,47.69,0.744,3044.03114697054,1
1211.5,11.97,64.03,0.471,3064.772605604279,1
1549.3,12.33,5.0,0.558,2892.802898660299,0
1665.3,60.0,65.55,0.466,3248.2952609431104,0
388.4,15.72,53.67,0.499,5456.219259346731,0
4345.6,34.56,43.55,0.74,2415.550129861152,0
534.0,7.57,54.0,0.414,4340.900450367894,0
2065.7,14.17,61.73,0.783,3967.604525681088,0
785.5,25.35,45.38,0.565,2621.788260465306,0
1351.3,16.46,39.49,0.744,3689.850984432965,1
1704.3,30.75,96.98,0.298,2651.880171991519,1
814.1,20.58,95.44,0.858,2699.6657124687263,1
1094.1,13.7,74.5,0.476,2684.950757857667,0
4796.9,15.97,48.33,0.328,2790.5978164618214,1
768.2,5.73,52.3,0.629,4355.995867670618,1
2431.0,14.62,43.0,0.765,2081.8564992335528,1
297.3,8.05,23.11,0.615,5696.733425634598,0
1198.4,59.42,77.46,0.346,2637.947936703992,0
837.7,23.95,44.13,0.425,4437.214702049609,0
715.1,38.5,46.85,0.587,3297.951135039022,1
1376.6,31.66,41.21,0.861,2244.181724302774,0
649.6,12.48,52.09,0.623,2545.706026803832,1
419.2,14.09,54.28,0.901,2426.4906612262566,0
3362.8,33.83,49.9,0.539,2814.735795694224,1
464.0,14.71,64.21,0.523,2710.138791087769,1
1332.0,21.3,60.99,0.711,2723.679818195896,1
794.9,38.36,81.13,0.473,2750.136928207432,0
762.5,37.56,31.79,0.698,2667.816511500217,1
1347.3,21.11,44.6,0.832,2582.472026649705,0
3163.1,8.83,48.73,0.871,2249.1063204078705,1
605.2,42.0,47.11,0.544,2303.7447368124617,1
3299.9,16.36,73.21,0.386,1887.448728032282,1
99.2,14.96,66.06,0.73,2938.234604038368,0
892.0,19.16,24.16,0.692,2496.419229385322,0
1581.4,29.29,51.66,0.513,3065.044389585369,0
1435.0,12.88,19.43,0.95,2047.4121592223096,1
1938.9,29.77,54.89,0.653,4202.666651902815,1
2336.5,10.74,67.01,0.491,4403.037403958858,0
639.6,20.48,71.18,0.562,4387.357772179457,0
4337.0,9.57,51.14,0.786,3189.738327123632,1
651.2,36.92,83.24,0.718,2841.6198934734443,1
1102.2,20.16,31.18,0.449,4320.553798877027,1
1005.2,43.51,43.65,0.694,2705.306018098636,1
1598.5,16.48,79.88,0.685,2776.3469358606,0
1226.5,13.2,64.55,0.598,3282.285024748284,0
1443.8,27.4,83.58,0.511,2917.322948813681,1
450.8,25.53,65.56,0.848,2823.448055889878,0
4037.4,16.62,60.05,0.589,2647.370529392275,0
535.8,3.77,73.83,0.582,3364.366064090581,0
2227.3,10.12,52.68,0.663,3171.826432863769,0
1826.3,11.25,21.08,0.562,2486.2735578007537,0
356.3,30.62,48.35,0.579,5259.897849239283,1
765.2,2.98,69.68,0.702,4378.178354972662,0
4670.9,25.43,40.91,0.81,3010.0753465934104,0
339.9,25.66,29.82,0.831,2291.8168836249947,1
1937.0,16.78,40.04,0.716,2724.7048379083667,0
617.9,11.05,77.4,0.772,3380.822799051456,0
1055.6,29.86,67.42,0.245,2269.620758521868,0
849.2,15.88,43.7,0.532,2966.0597064885505,0
1123.8,25.45,60.87,0.78,2672.0658131690784,1
301.7,8.9,57.02,0.595,4059.513864734141,0
1508.8,8.15,44.36,0.375,2957.580645916838,0
742.7,5.14,100.0,0.615,2595.494194917968,0
3129.7,50.4,36.65,0.639,2364.354651321654,1
84.3,34.41,51.7,0.798,3113.2948979123007,1
2132.8,14.88,75.85,0.529,2134.2414095851645,1
475.0,14.1,18.45,0.611,4182.63543924683,1
1061.6,23.22,66.29,0.883,3414.032542253701,0
1224.3,16.79,7.89,0.474,2232.03459029937,1
1194.1,7.64,61.6,0.609,2296.6690069785595,1
262.0,8.23,72.04,0.428,3089.90429194374,1
1578.2,13.81,74.35,0.468,3041.5410211875783,0
359.8,27.74,71.83,0.506,2744.650692019411,1
2375.2,8.06,50.74,0.768,2707.5539337570417,0
1567.4,37.63,59.6,0.872,2704.275357814131,1
718.2,25.56,67.95,0.95,2231.424509254296,1
1374.3,9.18,46.39,0.694,2845.0159199550503,1
3736.6,15.49,47.45,0.652,2366.541689263789,0
165.7,4.63,49.21,0.757,2251.544093692909,1
2408.1,21.65,28.2,0.536,3224.97144754888,0
423.6,19.23,36.82,0.597,2737.105563347869,0
967.9,18.39,71.82,0.611,2786.83285218138,0
452.8,36.39,68.11,0.574,2512.603010034209,0
740.5,11.75,46.65,0.651,2320.304074507618,1
268.6,20.62,27.77,0.832,4872.340674072039,0
3545.3,11.8,71.47,0.667,3113.5283205945057,0
667.4,9.49,73.15,0.742,2101.371366856612,0
4281.3,46.62,81.08,0.485,2778.178561451134,1
116.5,4.68,42.59,0.855,3478.99823377577,1
1755.3,9.1,69.68,0.61,2334.169538555388,0
1030.6,26.33,44.26,0.74,2937.072850096185,0
492.8,11.15,23.92,0.442,3049.64270910246,0
1467.3,5.49,50.75,0.702,2448.827958860205,0
954.8,23.34,67.65,0.359,2399.6159462108267,1
718.0,16.48,83.98,0.8,2656.8913714697387,1
2920.9,17.31,48.73,0.493,3117.9013376296584,0
637.1,5.78,54.39,0.769,2612.9533549762787,1
1430.5,14.95,5.1,0.692,2578.864163443521,0
700.8,19.07,41.87,0.41,2666.6139670840043,1
1546.8,12.05,57.94,0.669,2885.4503546547894,0
944.5,28.52,36.95,0.648,2708.5847245291243,0
3216.4,30.6,47.95,0.592,3762.3602976063626,1
514.9,16.06,9.41,0.54,3676.001220557469,1
2963.3,25.97,42.85,0.645,1801.048989146834,0
127.1,10.46,50.73,0.75,2953.70490048236,0
1045.4,33.25,67.23,0.571,4171.03590209787,0
1225.7,38.82,66.99,0.681,2597.928981228328,0
681.4,6.94,48.43,0.611,4815.813757395718,1
812.6,16.7,60.03,0.582,3415.614561512345,0
2985.7,12.23,71.57,0.427,4310.006093861858,0
768.6,37.63,60.8,0.744,2034.885615465287,0
1602.9,15.24,54.42,0.749,2620.1055275451977,0
607.1,19.48,45.67,0.761,2318.5424905966934,0
1853.1,13.18,34.79,0.576,2599.444007534916,0
1501.5,8.81,48.34,0.505,2997.271453799419,0
369.0,12.97,36.67,0.664,2982.617661800657,0
2092.7,22.39,81.28,0.583,3018.140533954432,0
1008.0,22.37,36.65,0.715,2232.081682337253,0
220.5,50.05,83.45,0.656,2262.547387541533,1
1572.2,24.25,90.67,0.364,2400.2292266015697,0
570.9,3.46,46.57,0.532,4448.237238578074,0
2046.0,22.68,61.52,0.876,1893.4064496157523,0
1306.3,37.8,48.11,0.808,2276.8933928403712,1
1443.3,20.51,61.6,0.563,2825.488120465862,0
716.2,30.18,47.39,0.708,4310.155272621445,1
1389.9,24.54,46.55,0.521,4564.3916970988885,0
296.6,11.08,100.0,0.404,2252.812671780676,0
4066.0,22.88,70.51,0.656,2088.7177911341946,1
137.4,27.74,37.93,0.375,4268.257639971809,1
1278.6,25.7,53.09,0.62,2787.8277219409783,1
1652.9,25.74,48.7,0.612,2779.131404257458,0
664.3,14.65,13.6,0.758,2339.56282899504,0
1405.9,44.3,72.88,0.719,2807.0353555050524,1
1061.0,26.33,15.36,0.565,2015.40739749243,0
471.5,12.95,69.39,0.476,2588.545249224061,1
2507.6,35.13,59.68,0.67,2336.0324071628825,0
215.4,8.86,38.68,0.783,2906.584908869173,0
2136.9,10.94,32.34,0.756,2859.9952929018286,1
1588.3,17.52,39.68,0.935,3676.44479025612,1
983.1,19.12,85.7,0.625,4591.716390508122,0
2442.7,41.44,78.44,0.436,4834.585237923151,1
4229.2,22.35,43.4,0.682,2325.93507225066,0
886.2,24.07,54.4,0.95,2277.633817913354,1
3473.4,10.53,53.71,0.148,2020.05771038586,0
58.2,11.37,36.97,0.691,2844.5766733953665,1
1363.9,21.6,72.98,0.713,2829.658798310516,1
1840.7,16.52,43.0,0.333,2883.501898570377,1
690.6,14.14,69.07,0.573,2259.671218255735,0
921.9,14.99,53.31,0.184,1672.7937147866571,1
2147.9,12.18,66.24,0.477,2463.5065657473674,0
850.4,11.15,41.39,0.793,2748.705877704149,0
4005.8,17.05,68.81,0.252,2780.749876203211,0
705.2,17.44,41.0,0.482,2151.8693832227045,0
1988.4,10.76,70.58,0.273,1969.218881271691,1
905.5,17.07,44.73,0.932,2493.833865856671,0
1026.5,23.88,58.98,0.698,3086.82648891961,1
627.2,19.3,21.3,0.569,2326.410553597645,1
3288.1,8.11,52.65,0.44,4168.2514584261135,1
891.3,8.43,37.44,0.591,4974.132718262104,0
2049.2,38.27,69.34,0.547,4969.47306620868,1
696.7,51.63,74.48,0.529,2471.877342231988,1
2459.1,18.39,56.94,0.302,2615.9919567631778,1
730.1,9.97,26.06,0.66,2564.642859723968,1
1497.9,6.44,91.3,0.226,2789.0091441978498,0
1474.7,27.85,60.79,0.504,2292.06496001531,1
4103.6,27.29,28.68,0.615,3181.972514416336,0
261.6,10.47,73.59,0.782,2589.080044194749,1
2813.5,28.51,47.0,0.276,1664.4504956232026,1
330.6,39.62,28.03,0.586,4104.705383376912,1
1018.9,32.71,64.8,0.567,4431.866360621439,0
453.4,26.79,63.31,0.855,2346.5656875916297,1
788.2,15.62,30.98,0.642,2047.9484850511808,0
571.1,33.51,76.84,0.417,2635.8455888512945,1
4193.3,16.17,49.78,0.505,2967.0365396719053,1
441.8,23.28,17.15,0.421,2157.18952389324,1
3374.3,26.2,66.03,0.651,2659.243205580381,1
351.5,38.76,60.19,0.358,2845.490572362235,1
1899.5,18.07,41.07,0.743,2743.2235477950207,1
1137.8,28.09,88.68,0.656,2693.7411003431084,1
1612.8,9.49,31.34,0.414,2987.4074608931974,0
1439.2,25.94,51.12,0.292,3601.9348889887942,0
3610.5,45.94,52.41,0.585,3270.624353936156,1
390.5,26.72,69.8,0.756,2548.828516740143,1
2268.1,14.59,41.89,0.517,3656.371959550176,1
233.2,30.89,82.56,0.798,2813.7410725544387,1
1818.3,18.56,77.03,0.648,2232.901302052199,0
183.3,59.1,100.0,0.487,2570.924352624556,0
1469.3,24.06,44.12,0.865,2485.305484902916,0
431.1,30.41,66.0,0.8,2300.880723692135,1
1793.5,1.86,74.42,0.574,4241.642712230298,0
204.3,10.2,30.1,0.414,2270.802503011185,0
3766.4,18.07,33.74,0.524,4123.704753750594,0
467.9,10.46,67.86,0.684,1796.17781323018,0
1390.0,13.92,53.42,0.372,2779.935252242848,1
1617.8,15.24,67.71,0.416,2434.856756943396,0
1282.0,9.54,74.44,0.723,2065.043764287861,1
640.7,44.18,76.94,0.384,2500.9096812218368,1
3766.1,22.78,40.15,0.422,2723.47691786064,1
864.8,13.94,21.26,0.787,2968.0785583816137,0
3619.5,22.25,100.0,0.396,2684.950757857667,0
478.6,10.27,23.85,0.36,2670.3917596876195,0
1357.0,27.5,82.66,0.397,2322.951185157461,1
322.9,22.08,58.67,0.121,3618.283528494302,1
487.3,16.66,91.89,0.585,1642.4239645452294,1
2350.9,55.25,55.37,0.543,2761.6103364906994,1
1877.2,25.12,54.78,0.507,2684.950757857667,1
356.2,5.56,73.54,0.465,2294.218944954171,0
4001.6,27.26,70.6,0.505,5266.393559467005,0
535.0,39.05,69.45,0.616,2496.222538669658,1
2161.6,21.61,42.9,0.798,2702.53039744797,0
1198.2,18.71,86.8,0.635,2798.107928498864,1
1359.2,18.99,74.73,0.709,2726.99516968794,1
1369.6,14.09,37.02,0.95,4200.164629188085,0
3076.7,31.03,50.53,0.457,2390.758818397018,1
741.5,29.77,54.87,0.502,2278.7269276828865,1
3279.3,60.0,45.79,0.742,2198.307478250528,0
705.7,15.89,53.16,0.43,2308.383263595786,1
2413.3,33.03,60.13,0.379,3291.769950440573,1
1349.9,12.47,41.04,0.393,2407.4005163341426,0
1660.8,13.19,44.43,0.507,2321.653963959481,0
1551.4,19.02,22.83,0.888,2244.9889073040563,0
1894.9,8.93,61.56,0.4,1860.820532309836,0
767.8,14.87,39.07,0.282,6123.116842661552,1
1947.0,19.27,72.38,0.584,2303.5518034010606,0
138.3,20.52,36.88,0.683,2235.880732071755,1
1425.5,32.32,65.79,0.53,2544.4939276108203,0
1505.0,28.98,95.58,0.539,2854.560256625329,1
401.3,17.32,44.9,0.581,2406.52099565104,1
301.1,52.52,43.7,0.95,4157.394428912828,0
692.1,11.79,60.24,0.589,3264.2356243358827,1
151.7,4.8,46.85,0.304,4996.6375844324975,1
2174.9,18.8,63.26,0.717,2916.207262928596,1
156.9,14.88,47.07,0.66,3146.2673439186974,1
1086.2,30.45,66.65,0.698,5218.962085064279,1
446.9,33.98,24.29,0.66,5061.894383437301,1
644.0,32.73,63.38,0.358,3347.1854811530825,0
1053.4,37.75,5.72,0.277,2504.003176499172,0
814.0,24.77,48.99,0.95,2550.809331244718,0
438.5,11.81,43.85,0.459,4863.765079487708,0
3417.1,22.65,85.93,0.592,2036.0211678010528,1
704.0,39.93,75.19,0.591,2521.325779827194,1
1523.0,25.14,35.08,0.475,2684.950757857667,1
1893.4,15.01,51.27,0.715,2693.858076627328,0
499.7,16.99,24.28,0.508,1883.387216223619,0
1572.6,5.89,65.37,0.624,2907.346255238874,1
2163.2,53.22,32.31,0.448,2526.1621769046105,1
606.6,23.29,36.73,0.186,3412.6122859766424,0
2292.7,43.25,33.87,0.411,3765.839612261412,1
350.6,15.44,58.92,0.777,5283.109842340708,1
819.5,16.05,63.49,0.31,2065.745392599115,0
1274.3,16.22,57.1,0.447,2720.0360233650968,1
906.2,23.09,40.55,0.532,3118.3060388885065,0
2454.2,20.37,43.07,0.665,1880.948513324484,1
2326.0,21.19,41.59,0.95,3311.5072824473104,1
648.5,19.9,43.17,0.518,2187.533246689207,1
3233.9,26.66,77.27,0.445,4578.238992346375,1
186.5,11.56,57.27,0.692,5712.165416560609,0
1696.8,15.71,95.68,0.412,2348.123892232721,0
1773.9,13.45,82.82,0.6,2787.9963923609835,1
1291.6,14.96,49.8,0.609,2174.534859667984,1
917.1,35.8,69.72,0.352,2248.243740095604,0
1504.8,38.5,100.0,0.547,2944.477253676756,0
497.8,12.92,48.25,0.329,2253.322417577516,1
1773.8,8.65,62.34,0.736,2689.6581137764592,0
546.6,7.47,70.11,0.462,3248.1513206846803,0
1079.4,17.47,39.88,0.339,3454.431183540494,1
792.1,21.59,48.86,0.495,3551.247762242711,1
510.0,14.22,41.65,0.621,2499.7725985520374,0
825.6,24.26,29.51,0.439,2886.661964054827,0
2408.6,21.95,73.35,0.525,2891.6121411978056,0
218.0,31.23,83.64,0.408,2438.839976700805,1
3577.4,19.12,25.2,0.556,3436.494695353615,1
666.8,7.85,37.87,0.371,6145.792597029181,1
1317.6,14.68,57.04,0.822,2369.4125961470963,0
1686.0,10.33,50.55,0.783,2400.256105302953,1
1561.6,23.59,14.35,0.455,4398.453114660763,1
1876.1,11.49,53.24,0.54,4321.96748792156,0
1408.4,19.48,70.61,0.625,2840.546536709189,1
602.5,6.93,29.11,0.628,2185.057808906342,0
1987.7,22.9,68.42,0.64,2563.637223547349,0
468.0,45.11,58.86,0.678,4850.69101077457,0
1840.1,24.56,60.93,0.382,2739.89586801236,0
671.6,39.77,46.42,0.516,2373.8867834558314,1
632.3,8.2,33.6,0.66,3606.695910937656,1
1892.2,36.12,56.66,0.32,2382.6467785229493,1
1067.6,26.17,32.54,0.811,2266.22025956508,0
445.9,20.32,64.06,0.484,3492.704833358581,0
4064.2,22.34,80.87,0.554,2112.180381660043,0
62.6,27.29,80.34,0.332,3620.7975039245416,1
2008.7,12.24,45.03,0.541,2526.1488088427072,1
1375.7,7.71,73.01,0.597,2707.578436628133,1
968.4,25.36,25.43,0.794,2482.35557686964,0
2487.2,23.55,55.27,0.689,2684.950757857667,1
2266.3,14.88,88.84,0.639,2607.827239149037,0
501.9,7.68,90.33,0.663,4295.26421682279,0
1586.5,15.95,100.0,0.43,4301.724293344517,1
636.3,12.2,50.2,0.762,4424.860583639464,1
821.6,24.03,46.79,0.708,2698.681098538201,1
1675.5,11.23,81.14,0.383,2684.950757857667,0
1675.7,20.24,73.66,0.693,2351.29048070669,1
1660.8,27.06,83.63,0.746,2604.198139451453,1
3522.7,12.88,71.49,0.541,4840.201145851452,1
239.1,10.81,89.52,0.73,3048.0182878430487,0
2441.2,18.87,61.55,0.294,4463.697525240147,1
166.5,30.22,29.31,0.497,2447.316876115826,1
1136.9,17.95,55.18,0.896,2640.530599118965,0
333.5,19.6,83.9,0.653,2630.635145135657,0
1003.0,16.44,60.62,0.463,2528.3948647454367,0
778.2,33.74,78.85,0.854,2855.9344977447417,0
2938.9,55.08,85.92,0.524,2602.0529228812547,1
487.9,13.6,34.06,0.67,2684.950757857667,0
1645.8,22.74,56.0,0.478,5248.906619317083,0
550.6,27.3,56.99,0.711,2663.4374928054995,0
976.7,11.05,47.93,0.552,4672.192484696019,0
317.1,16.16,42.55,0.48,2308.6989911991423,1
1214.3,16.12,62.11,0.516,2680.3545892074185,0
1358.2,17.24,52.58,0.82,2700.5637430996944,1
4811.3,12.99,56.22,0.493,2516.2460419267936,1
85.3,17.22,33.5,0.799,2408.3891834456817,0
2363.5,43.55,65.6,0.703,2493.350223285399,1
446.5,46.69,32.79,0.386,2275.700693329068,1
2159.3,24.72,51.16,0.656,2297.988764212273,1
1380.3,10.52,87.01,0.591,2579.845748452669,0
1108.7,29.03,55.27,0.595,2762.5800430240183,1
806.9,22.49,63.18,0.39,4608.879980624617,1
2412.6,7.95,28.34,0.7,2836.860088510726,1
230.7,10.85,76.28,0.586,5257.380916925331,1
4457.8,17.18,83.5,0.394,2315.5331800906424,1
126.5,44.75,29.11,0.666,2725.448550845255,1
957.2,4.04,19.24,0.95,2727.84647074949,1
339.3,29.82,60.13,0.483,5729.859368700776,0
1111.9,22.37,50.92,0.752,2356.8383088129326,0
1471.1,34.41,35.62,0.488,2525.7594941919315,0
2745.0,60.0,31.74,0.409,1877.33722130856,1
260.7,21.51,49.25,0.479,3509.14529434407,0
4241.4,12.53,26.35,0.481,2280.070532015636,0
702.1,8.13,58.92,0.416,2578.368708086274,0
813.9,40.74,41.89,0.497,2639.232479726036,0
1712.9,18.69,76.81,0.95,2693.1539534528115,1
1611.3,17.53,47.15,0.54,3396.9175647136685,1
1546.0,15.38,77.38,0.548,2684.950757857667,0
2238.7,23.34,62.04,0.835,3530.8056931936085,1
583.4,29.09,11.84,0.643,2425.8623640044693,0
3062.4,23.68,50.31,0.458,2530.8823755310395,1
491.8,48.79,81.18,0.514,2194.255207800964,0
1028.6,37.34,53.76,0.179,4429.745176535641,0
171.5,14.77,60.06,0.529,2210.6309968744017,0
1484.3,43.85,65.36,0.422,1824.1042184624584,1
2146.9,6.05,18.5,0.611,2801.0757679401954,0
2986.3,14.57,12.09,0.835,3536.007045772954,1
513.9,11.36,60.69,0.696,3382.237447151717,1
4117.8,9.84,63.55,0.465,2547.913713068916,1
692.4,22.36,71.86,0.414,2478.9208800720794,0
766.2,22.02,67.91,0.878,4344.228301346101,0
416.9,18.58,61.91,0.513,2643.0448490940285,1
965.1,15.5,66.81,0.494,2155.565167169108,0
388.5,12.89,38.55,0.757,2558.30432531889,1
3228.3,16.29,58.03,0.663,2431.1316634527075,0
403.2,11.55,39.26,0.622,2149.147743856108,1
4396.5,10.19,84.78,0.649,2511.068757437089,0
669.5,21.32,78.03,0.922,4196.832049714706,0
2403.9,24.42,45.31,0.256,2682.218989598817,0
1096.2,27.3,43.07,0.704,2339.609539701024,1
895.2,28.71,61.65,0.324,2685.33862807793,1
585.0,37.83,80.99,0.503,2839.7848428515977,0
4443.3,16.39,49.29,0.291,2580.246923967112,0
442.2,35.56,41.25,0.657,2763.348010380744,0
2735.7,12.99,65.51,0.508,2135.787077302432,0
527.2,40.57,100.0,0.826,2684.950757857667,1
1834.0,14.38,28.67,0.819,2767.951686856097,0
414.7,11.73,44.77,0.41,2684.950757857667,1
514.1,31.61,81.02,0.37,2602.282009758495,0
559.0,11.68,50.36,0.358,2684.950757857667,1
2915.8,26.24,41.9,0.482,2685.8832747371257,0
746.9,10.83,32.23,0.394,2618.48420640306,0
3058.3,17.2,58.51,0.626,2865.810126624405,0
215.6,2.07,17.62,0.688,2436.153423472699,0
1577.5,27.59,71.49,0.373,2668.250882106376,1
1039.6,22.86,66.37,0.341,2678.816037914738,1
602.4,15.51,48.34,0.748,1891.1176897379223,0
2216.5,18.92,52.82,0.605,2684.950757857667,1
1983.6,13.17,27.81,0.3,2582.458218012327,1
551.0,43.25,53.71,0.608,1896.9817318928576,1
4034.8,43.18,49.04,0.59,4467.342000539863,1
153.2,12.26,34.88,0.662,2985.4534459194283,0
1679.9,18.63,84.16,0.95,2177.6046204875324,0
1682.1,16.27,100.0,0.364,2412.8516729429866,1
629.6,37.28,56.52,0.526,4188.350187870416,1
2328.9,38.77,48.59,0.762,2489.967368741394,1
938.5,22.18,50.7,0.268,2195.8408757746643,0
728.3,8.69,53.78,0.394,2792.430277264437,0
3488.4,60.0,67.87,0.709,2684.950757857667,1
736.3,56.79,36.45,0.233,2740.481480065835,0
1819.5,32.86,49.33,0.653,6328.36434518679,1
161.8,33.07,78.57,0.465,3283.6468866251007,1
584.3,6.42,48.83,0.552,3759.310605916338,1
1324.3,11.17,44.51,0.628,2760.7529047209537,1
4395.1,21.73,64.35,0.366,2206.519292222936,1
465.2,21.86,73.04,0.477,2391.324827986829,0
1625.1,17.86,39.35,0.53,2448.322907214528,1
197.9,11.26,80.34,0.69,2188.950171970793,0
1844.7,34.96,45.55,0.95,3672.871801178668,0
852.6,10.84,32.78,0.767,3811.9854716430327,0
1642.9,8.47,89.67,0.497,2686.7868026763927,0
2144.1,6.26,73.27,0.717,3119.9265255334467,0
2225.3,29.39,23.26,0.812,2063.759567632581,1
80.2,11.28,63.01,0.593,2319.3629505430263,1
4030.5,35.64,74.02,0.237,4375.980263921279,1
229.5,12.57,51.42,0.757,4202.12529969234,1
1927.9,15.16,32.6,0.499,4157.154663093747,1
1469.7,14.74,70.62,0.329,3364.024093666145,1
412.7,19.28,86.95,0.769,6135.988502527187,1
2383.1,60.0,50.59,0.792,2222.282145709767,0
3912.5,36.8,52.65,0.788,2075.811079427991,1
659.2,29.37,26.31,0.519,2774.974705823574,1
2475.4,25.35,45.46,0.736,2324.285991521847,1
601.2,16.18,29.61,0.725,3995.347369546303,0
2128.1,4.15,13.46,0.632,2764.8411841459106,1
528.3,23.49,54.74,0.7,2491.523719185427,1
1346.0,3.61,62.53,0.577,6281.875475807077,1
1975.9,15.23,43.77,0.272,2207.7613205150674,0
4773.9,15.24,22.7,0.441,2684.950757857667,0
489.3,25.83,32.16,0.434,3780.820161050514,0
2540.5,11.99,34.09,0.474,2013.7037848430527,0
270.5,29.08,79.14,0.585,2260.753442641076,0
1028.6,15.65,70.68,0.639,2357.5816750412123,0
1084.6,22.05,57.64,0.882,2684.950757857667,0
1695.1,17.56,38.38,0.865,2339.825830988176,1
1114.6,10.26,71.15,0.458,3123.421536053705,1
2501.8,16.13,46.59,0.689,2640.789012844584,0
816.8,20.41,48.42,0.381,3078.5307718079616,0
4264.6,17.54,14.66,0.95,2257.346475801693,0
397.8,8.64,20.33,0.718,3571.6606321585955,0
1428.5,30.67,53.91,0.668,2503.3911138088883,1
721.6,20.19,59.27,0.401,3661.214060024029,0
1081.0,37.66,78.43,0.226,2657.377569582226,1
731.5,17.71,49.15,0.563,2202.601178563134,0
648.2,34.41,53.54,0.511,2449.845395975113,0
195.9,21.29,15.22,0.557,2353.328592067803,0
2559.9,19.54,40.11,0.563,2108.138756233867,0
564.3,41.26,36.79,0.543,2031.875895427424,1
2264.4,31.76,58.16,0.391,2442.7301064121334,1
1520.4,21.53,73.28,0.651,2835.0567152416693,0
1467.8,26.2,56.69,0.646,2899.024823128412,0
520.6,17.84,51.18,0.81,2424.259070582074,0
4526.6,20.49,28.55,0.591,2265.3677546291174,1
679.7,4.27,41.13,0.632,1952.75385119,1
3491.0,60.0,63.42,0.468,5273.446516425606,1
317.4,6.54,53.91,0.598,5036.77044507063,1
1692.3,29.65,12.14,0.692,3060.889938144559,1
1561.7,10.7,58.55,0.896,2509.03714737205,0
423.6,14.68,63.86,0.676,3748.789414239774,0
1752.0,13.98,27.88,0.684,3217.094875529888,0
2692.0,17.03,68.62,0.692,1765.255261747772,0
434.8,45.57,64.99,0.771,3394.196349376095,0
1880.2,52.0,72.2,0.168,4548.093781478954,1
607.5,34.64,63.44,0.579,2922.0347613446897,1
862.6,35.1,72.96,0.49,6124.292290723216,1
580.4,12.16,51.85,0.759,2268.70131969324,1
1093.8,18.53,67.38,0.781,2066.716103100139,0
619.5,28.52,54.14,0.95,3403.7070583103664,1
4318.1,18.62,39.6,0.624,2707.7004223598537,0
803.8,58.35,83.02,0.684,3892.348967957177,1
3062.5,48.33,59.6,0.7,4874.789759624938,0
125.3,35.4,43.91,0.805,2196.835266295077,0
2362.8,17.33,44.85,0.509,2336.7392283936774,1
1564.5,16.03,49.94,0.346,3776.315284532472,0
986.6,11.63,41.7,0.507,2196.558027879242,1
2148.7,11.97,56.91,0.705,2741.719077045089,1
2312.3,6.5,56.53,0.571,4103.785544391624,0
625.8,16.56,28.03,0.594,2749.4780543857787,0
2857.9,8.79,32.45,0.679,2508.304363957674,0
392.9,6.54,27.45,0.824,2586.145386845426,1
1704.7,21.2,66.79,0.569,5289.513658734051,0
198.7,6.85,70.06,0.607,2004.2597324908309,1
1514.4,39.46,65.11,0.63,3911.045963352203,0
1702.4,37.8,72.77,0.675,5532.931795388361,1
527.4,28.88,81.01,0.689,2196.37457467069,0
850.3,17.6,55.24,0.379,2788.956616467374,0
3137.5,41.24,80.86,0.765,2674.29754876446,1
766.4,28.11,49.86,0.787,2916.05233907846,1
1550.7,30.19,72.03,0.439,2255.41178622293,1
980.4,15.71,51.65,0.572,2779.684321274176,1
1439.4,60.0,52.73,0.412,3019.298410803028,1
290.7,34.85,63.47,0.768,2403.625277049683,0
1254.1,24.97,53.75,0.409,2260.233290583645,1
575.0,34.02,78.3,0.671,2568.5995978524847,0
2774.8,48.86,52.79,0.774,3062.0130947616326,0
308.2,9.42,77.42,0.623,2518.668481512211,1
1384.5,15.87,100.0,0.766,2455.6883895541487,1
719.7,15.15,47.28,0.731,2684.950757857667,1
1064.9,32.75,43.21,0.479,2642.266248106133,1
2011.9,33.68,26.56,0.709,2668.9740397939804,1
1432.4,19.9,45.28,0.784,4217.952977918865,0
243.1,12.62,28.02,0.195,2247.054501771638,1
1555.4,13.15,50.18,0.746,2459.671873764224,0
284.5,47.92,75.11,0.591,4898.0512050217785,0
1065.8,46.97,77.69,0.464,2891.925637087153,1
1848.6,13.61,86.42,0.635,2307.6501803752067,1
1276.5,47.85,51.6,0.846,2687.6481409088974,0
492.3,47.64,81.81,0.831,3383.218856014477,0
2763.2,12.72,39.15,0.684,4342.525617743541,0
547.1,11.15,51.68,0.815,4342.8480114712265,0
2572.8,12.03,55.88,0.675,2680.8689709103,0
538.9,28.07,53.48,0.542,4127.717170963258,1
891.0,24.84,32.42,0.606,2997.0426677872088,1
982.3,6.06,58.65,0.347,2703.589820617031,1
1461.1,18.19,48.64,0.352,1921.396114998325,0
1467.6,58.18,84.05,0.533,3070.7775642375423,1
647.0,18.45,40.61,0.303,3049.1309674763143,0
704.0,5.97,75.34,0.535,2347.6054152623324,0
3022.8,28.71,10.22,0.47,3092.4418752036577,0
592.1,10.53,68.62,0.431,2192.7675173275466,1
1760.2,23.19,51.02,0.583,2547.798121448438,0
1420.2,46.69,59.48,0.495,2567.8138603588704,1
1735.3,56.52,73.04,0.426,2596.312776424073,1
2213.3,10.72,28.95,0.501,4150.991695195953,1
1741.5,30.56,93.91,0.699,5028.151862980283,0
796.7,12.7,56.63,0.437,2264.196247597424,0
3741.2,7.33,40.74,0.179,2163.109773223148,0
140.6,4.34,67.29,0.592,2743.974318794234,0
2279.9,28.14,68.6,0.63,2535.669084040238,1
1539.3,11.8,55.06,0.607,2415.4170618434487,1
1048.0,22.05,31.41,0.569,2596.8242916718914,0
1521.4,27.61,92.95,0.54,3344.9042003278623,1
634.6,26.83,67.35,0.692,2298.06707481853,1
832.7,11.56,35.94,0.95,3504.430842018397,0
3074.8,22.38,42.19,0.43,2348.1479789897694,0
380.7,7.22,74.99,0.667,4218.369442891585,0
1629.6,10.18,41.8,0.517,2744.4355458567666,0
1863.7,13.81,70.06,0.811,2870.6760083062463,1
866.9,16.69,36.06,0.492,2863.223270256404,1
1132.8,27.15,49.85,0.221,2444.4862585927863,1
3898.6,41.29,50.75,0.343,2334.950921302769,0
389.1,6.75,75.81,0.799,1888.698606022324,0
1856.0,60.0,48.42,0.946,2840.400166012396,1
427.1,13.41,30.3,0.404,2678.26216467868,0
1223.7,30.16,90.72,0.95,2658.7940609010925,0
1791.1,24.76,69.32,0.678,2778.1264466628886,1
1534.6,13.06,57.69,0.782,2467.9189615945143,1
1618.8,15.83,27.76,0.664,2753.394565534734,0
4499.9,21.97,51.55,0.561,3637.0730744957673,1
70.2,12.97,55.88,0.158,2380.471421241672,1
3949.6,15.99,23.15,0.44,2179.5573638717824,0
174.3,14.2,77.53,0.875,2522.09688429222,0
1228.5,9.08,59.83,0.55,2856.6170359021426,0
1794.1,27.76,52.73,0.41,2684.950757857667,0
1609.6,25.05,35.98,0.662,2734.6554425462687,1
387.6,22.2,100.0,0.489,2230.894597317463,0
3222.3,48.9,74.07,0.925,2974.473849869856,0
772.9,15.19,43.96,0.397,2754.382830905632,0
3715.0,39.56,13.15,0.853,4442.093935969501,0
564.0,6.5,26.33,0.588,5238.690851169501,1
791.5,16.03,56.23,0.553,3398.5563100933027,1
611.1,8.45,72.99,0.564,2626.726744725155,0
891.8,7.18,52.94,0.325,2633.077649920579,1
1213.4,39.54,58.1,0.597,4299.61082418377,1
1531.1,26.62,53.32,0.438,3069.7681695702527,0
538.0,44.1,69.23,0.677,2737.192375895785,1
3078.0,14.23,28.91,0.643,2797.896685859668,1
332.4,25.55,23.24,0.858,3086.7596946754884,0
948.4,7.45,49.23,0.528,3072.1497335942563,0
907.5,2.69,48.53,0.566,2661.132628739718,0
1663.0,9.39,31.01,0.622,2520.025003181079,0
1096.9,24.74,84.72,0.722,2900.258542812558,1
2266.1,20.68,78.45,0.582,2773.1060710394927,1
358.1,9.55,18.05,0.271,2394.326541367003,0
4465.9,17.23,48.71,0.707,2542.625415394743,1
313.8,6.31,36.84,0.48,3374.9986105786224,0
1512.1,23.09,42.38,0.609,3695.42351838788,1
1581.3,27.98,13.79,0.392,2078.311679518617,1
340.4,50.16,58.37,0.507,2465.9101327621465,0
511.2,52.15,64.93,0.518,2391.6685118673136,1
2290.7,9.4,16.35,0.308,6320.141949364317,0
809.1,10.83,55.94,0.888,3292.1638232518576,0
2365.6,12.81,59.83,0.331,3109.285386384435,1
434.5,17.5,51.54,0.815,2637.259335296521,1
1303.7,16.96,42.71,0.732,2174.013094289985,1
1698.0,11.61,64.4,0.437,2986.172601136044,0
1474.9,6.35,84.9,0.582,1864.5578336666863,1
1013.5,23.83,34.04,0.453,2668.302918367483,0
708.1,25.58,9.7,0.4,2380.052226168064,0
651.6,31.84,61.42,0.362,2302.463084390005,0
1860.3,12.35,69.86,0.428,2544.5877733230764,0
259.2,6.8,63.81,0.657,2094.898922009075,1
1894.5,26.57,40.31,0.459,2503.961536330283,0
1494.2,17.92,68.2,0.578,4059.2404118807817,0
396.4,23.15,29.26,0.758,2047.6604817683,1
2382.4,9.36,91.41,0.522,2639.833546985936,0
1111.4,25.02,65.09,0.928,1880.930771938208,1
655.3,10.56,57.4,0.572,4424.568220091619,0
3772.9,21.41,59.21,0.378,2713.605007127356,1
394.8,33.5,62.29,0.76,4655.753186903899,0
2231.0,9.36,42.69,0.718,2032.979451650101,1
766.3,18.46,87.34,0.95,2657.332279964218,0
630.8,20.38,25.48,0.61,3632.6497035153934,1
1015.0,14.7,66.75,0.539,3361.979840405507,1
638.8,24.42,27.99,0.444,4052.9588272013743,0
78.4,9.25,43.14,0.422,2234.501047244527,0
3910.7,22.01,5.0,0.609,2453.20766375895,0
156.1,23.68,42.08,0.306,2732.923357452216,0
2165.4,14.01,68.33,0.605,2389.27114245199,1
663.7,21.84,41.18,0.537,2946.7593602017564,0
782.2,22.94,51.19,0.411,2475.5603380444204,1
2066.5,23.7,68.74,0.621,4448.050236574484,1
1056.8,23.84,66.89,0.95,2772.495645695906,0
565.0,8.98,27.47,0.779,2160.907111807676,1
4293.5,32.08,35.86,0.701,2625.033214191098,0
122.0,28.53,41.88,0.692,2382.5319647048736,0
1877.3,22.29,36.16,0.491,2768.4941178157937,1
684.2,14.53,38.71,0.692,2768.3789640006507,0
1185.2,22.8,76.81,0.564,2253.338328116696,1
660.9,13.41,36.42,0.674,2670.1787317234,0
1723.0,19.59,91.0,0.626,2793.5634282227657,0
119.8,16.77,79.04,0.379,4715.79123151835,1
3980.9,35.49,82.27,0.49,2160.330837532137,1
130.0,6.5,60.09,0.339,3036.811261600524,1
1696.3,7.12,48.44,0.447,3389.226600746468,0
1214.9,39.85,35.34,0.564,2158.391454550216,1
982.2,23.24,15.87,0.678,2338.0266723358886,0
682.0,37.17,46.18,0.482,4365.142852424084,0
4655.7,12.03,82.13,0.468,2318.4286069251443,1
401.6,18.67,68.1,0.804,3621.9830711236887,0
4053.3,35.32,53.33,0.018,2258.986937322033,1
91.0,10.15,60.43,0.498,2544.301754559225,0
2302.1,26.28,26.6,0.535,3442.0502107630314,0
1301.4,12.27,65.53,0.582,2714.8135906044004,1
1523.3,27.0,52.73,0.565,2684.950757857667,1
1664.1,16.39,42.32,0.769,2515.073281425545,0
2255.3,19.67,74.21,0.4,2366.267454540674,1
224.4,7.82,56.75,0.616,4856.830894813657,0
2095.3,60.0,86.01,0.478,2754.574478723061,0
291.1,11.18,45.68,0.581,1739.5273482747714,1
1295.0,21.04,48.63,0.465,2299.1042476118464,1
1661.6,19.73,53.07,0.486,2757.634596018482,1
1515.4,22.91,54.94,0.427,2276.5217335044367,1
1331.5,29.13,68.17,0.448,2289.288757672316,1
2078.7,17.87,81.93,0.383,2627.485238247696,1
263.1,5.47,36.57,0.498,2256.6550827340047,1
1512.3,41.05,44.31,0.388,1667.4929126881898,0
319.7,6.31,86.66,0.628,2821.9822658447447,0
2274.6,19.31,62.44,0.556,2684.950757857667,1
1454.3,14.76,70.59,0.635,2827.581456914881,1
868.9,20.71,63.06,0.45,2583.062866333326,1
1493.7,20.54,38.53,0.541,2333.662894536563,1
2664.8,8.38,65.53,0.401,2037.316868253012,1
232.1,14.2,70.97,0.776,3772.25128526126,0
4078.7,20.92,41.81,0.631,2323.3894781274075,0
141.9,9.05,5.27,0.95,2536.609659176272,0
1046.8,17.21,89.07,0.589,2450.531010921163,1
349.0,43.75,38.88,0.653,2243.33335029342,1
1085.8,10.98,79.28,0.681,2824.753014312976,1
742.8,45.94,28.28,0.596,1683.990504129794,1
790.1,15.33,39.25,0.35,2745.5419964202792,0
453.2,30.26,37.98,0.839,2812.98833073237,0
1836.9,14.07,44.56,0.489,2365.210260627792,0
741.9,35.73,35.66,0.516,2724.206919388062,0
2191.0,18.55,5.0,0.365,2317.081705006781,0
961.8,34.38,56.61,0.806,2216.858686225498,0
492.4,20.37,34.69,0.799,1867.406944369607,0
1694.8,42.91,67.31,0.505,3680.987315418567,1
4220.8,15.07,90.12,0.61,2739.3329371893183,1
823.8,14.04,89.66,0.891,3176.7404441933368,1
3751.1,29.73,44.92,0.425,2745.963321135508,1
567.7,8.16,35.61,0.444,2007.6887605028287,0
896.9,13.24,15.93,0.463,2546.486480842328,0
1795.8,37.08,99.63,0.738,3640.724748872082,1
1192.5,5.62,33.75,0.92,2531.230034938547,1
581.8,17.18,71.94,0.671,2773.7149943036165,0
1212.7,6.74,57.42,0.592,1891.355278224835,0
874.7,13.71,32.73,0.514,2512.808223931877,0
2877.8,20.74,57.67,0.605,3805.153287889805,1
215.9,3.0,63.24,0.378,2378.3091937462914,0
1075.1,38.6,62.9,0.547,2087.6799667053847,1
747.0,15.43,50.4,0.754,2884.8115520037622,0
444.7,27.14,45.64,0.575,2499.331139021812,1
1100.5,18.52,71.8,0.721,2433.390889530391,1
4497.6,4.88,47.82,0.258,2420.549233562093,1
276.3,24.25,76.28,0.328,2483.466592758597,1
4019.0,11.86,75.56,0.422,2323.554655994507,1
120.4,39.33,36.16,0.613,2526.6906764090986,0
1752.3,14.73,46.44,0.95,3117.404663791868,1
927.6,8.03,67.43,0.279,2512.8976290412384,0
1384.0,22.49,54.51,0.95,1705.8000085349993,1
1022.2,13.09,64.23,0.412,2286.997147471288,0
2014.5,15.98,29.12,0.535,2454.704993004191,0
461.6,8.51,39.98,0.802,2206.499666050924,0
4291.2,15.1,42.64,0.468,3085.2817485508344,1
69.3,11.85,88.6,0.658,2372.7195386206176,1
2135.8,7.27,37.4,0.932,2048.1110183381825,1
1659.3,42.84,38.64,0.65,2684.950757857667,1
958.1,36.73,47.71,0.467,2339.023592938935,1
1781.0,18.03,55.54,0.865,2909.663095601661,0
889.6,11.47,59.21,0.747,2353.095610375884,0
140.9,15.64,81.87,0.688,2365.1894579257564,0
3645.3,19.65,31.94,0.501,2417.9970566462625,1
769.0,6.7,55.0,0.669,2364.379553316094,1
2029.8,48.64,51.53,0.72,2876.431439137602,0
1786.8,19.72,58.15,0.66,2232.144548571052,1
1466.1,4.51,28.81,0.74,4901.905904994203,0
1768.0,18.49,49.51,0.711,2810.91256856626,0
4191.5,39.17,41.1,0.671,2353.736973947108,0
706.2,20.72,57.68,0.485,2326.9620322475425,1
2484.4,14.63,61.78,0.517,2729.454579499023,0
317.8,6.31,45.1,0.504,2390.477046865916,1
1688.4,13.13,60.82,0.608,3108.467073763544,1
1012.8,14.71,89.64,0.563,3212.828222411957,1
342.7,7.17,43.76,0.51,2516.729989647782,1
743.8,11.15,51.51,0.476,4151.0790680534255,0
4209.7,34.13,66.78,0.854,2641.007952007681,0
666.2,7.73,23.5,0.743,2710.924652823157,1
2408.8,43.44,63.58,0.593,3204.0991439262925,1
207.5,60.0,69.73,0.29,2423.047856228165,1
956.4,17.19,37.81,0.512,2494.1416237263666,0
1097.2,28.67,76.34,0.359,1789.7877881007043,1
745.6,13.52,37.53,0.615,2001.857491897354,1
1001.1,7.9,72.43,0.609,4573.041560754893,1
862.4,24.62,53.18,0.616,2922.8190321481693,1
216.6,42.76,43.76,0.485,2684.950757857667,0
1959.6,16.21,59.45,0.847,4230.555324315424,1
694.9,17.36,66.2,0.654,2684.6109634862223,0
1511.9,11.55,54.42,0.546,3125.921027488216,0
827.1,59.91,51.07,0.51,2511.379156340126,0
1135.9,16.17,62.03,0.557,4870.669539466281,1
424.3,8.86,44.25,0.835,2854.020253094963,1
2120.1,11.65,55.15,0.398,3404.893207952149,0
798.3,8.54,53.7,0.587,2482.7996427555054,1
2987.9,34.75,52.1,0.449,4437.445438614893,0
67.0,10.5,56.87,0.705,3728.587752243925,0
791.0,12.32,53.43,0.77,4202.753360121936,1
1827.5,22.24,45.07,0.738,1898.899392337948,1
1670.9,4.87,60.16,0.798,2806.599982917157,1
574.3,14.92,43.84,0.645,2469.5723108340367,0
1734.6,11.31,63.45,0.62,2379.948432348542,0
656.4,6.39,53.72,0.531,4434.53151665455,1
2270.9,32.55,62.35,0.356,2564.0783055605552,0
468.6,2.78,37.3,0.558,2618.334268338587,1
756.5,4.66,51.52,0.45,2961.5588257200743,0
1598.0,36.71,65.91,0.732,2269.4750796930443,1
842.6,12.71,66.37,0.268,2406.807205690522,0
716.2,32.3,74.75,0.862,2283.143947428624,0
3760.1,15.06,78.23,0.283,2142.851610794014,0
642.2,22.67,41.82,0.722,2816.0195080954254,1
2378.8,24.3,89.81,0.382,2321.850288182983,1
574.3,8.02,74.18,0.415,2522.5448350169745,1
1245.2,60.0,38.17,0.606,2427.926637050768,0
180.5,28.87,63.88,0.639,3647.598285882697,0
1529.7,45.09,67.53,0.644,2177.956129257995,1
1163.2,15.73,18.93,0.322,1657.0436336755238,0
1975.2,17.48,40.86,0.692,4469.557579452168,0
512.5,7.74,67.4,0.769,2686.2609634794103,0
2313.3,14.86,80.37,0.505,3468.8551780095963,1
205.6,4.35,40.46,0.604,2411.185392725505,1
1866.8,33.04,70.93,0.699,2614.218849530936,1
1769.9,16.37,68.75,0.358,3229.4784348496537,1
914.6,10.85,44.97,0.737,2025.76660820262,0
880.8,16.38,13.68,0.447,2844.0274601532487,0
1608.5,2.28,72.73,0.38,5076.50260819721,1
263.4,19.43,57.34,0.537,2106.710967365802,0
3212.5,17.92,69.3,0.672,2363.390574875268,1
245.6,18.61,67.68,0.563,2813.6674313754365,1
2033.5,19.45,95.85,0.95,3172.880636768119,1
706.8,22.09,86.79,0.727,2144.957095515328,0
1585.2,25.23,85.17,0.561,2266.656562929956,1
1006.8,13.32,33.89,0.65,2671.295409306681,0
2205.5,26.13,100.0,0.403,2515.7485081144423,1
64.7,24.37,23.87,0.755,2761.151331002634,1
1658.4,13.25,35.96,0.29,2869.7649568483216,0
341.6,17.08,74.7,0.465,3688.024120300696,1
1194.5,39.84,48.8,0.363,2032.11059952499,0
1443.2,30.66,48.11,0.614,3364.177442071269,0
985.5,21.42,45.37,0.702,2406.276361273615,1
2460.3,23.24,51.35,0.623,2392.956887007884,0
1888.7,58.28,37.9,0.412,4417.324401140349,0
422.5,25.99,48.73,0.745,2026.4226085227908,1
3526.4,15.94,38.72,0.522,5675.601870035123,1
175.9,20.6,34.26,0.731,2258.077458245878,0
1110.9,32.69,50.03,0.462,2556.141861059129,0
836.7,31.94,54.68,0.734,3289.217204619704,1
1269.2,41.97,48.32,0.484,2957.2530764994585,1
1110.0,18.54,83.33,0.486,4774.6671390578485,0
1817.6,36.84,56.39,0.153,2891.612923677386,1
797.4,15.5,51.95,0.928,2621.9319691838205,1
4346.3,13.52,40.34,0.299,3613.0271998960206,0
170.9,8.96,49.15,0.929,3050.9657288875383,0
911.6,22.06,24.71,0.678,2250.1042384573434,1
175.1,13.11,82.56,0.669,2516.364948251851,1
847.3,19.17,58.11,0.309,3008.3923169078066,0
992.4,18.3,22.32,0.382,2673.9671461518783,0
721.5,11.15,89.22,0.613,4050.053852795668,0
418.9,18.33,51.84,0.476,2291.274203237628,1
4070.3,47.75,43.74,0.424,4109.825949069172,1
593.5,20.72,20.77,0.612,2994.562305638194,1
954.3,19.35,42.2,0.585,4786.878641939318,0
1363.9,38.59,38.5,0.754,3806.840099612119,1
996.8,10.04,39.41,0.152,1974.426122706085,1
1459.6,21.41,79.21,0.434,2578.5281389074494,0
3271.6,9.91,85.14,0.308,2232.857067098867,1
853.3,8.17,74.45,0.665,2190.698588681728,0
2957.7,18.15,57.11,0.442,4559.196210935238,1
522.4,17.31,100.0,0.44,2922.317340928916,1
1020.3,32.68,59.54,0.896,2743.7045278594937,1
1604.1,23.11,42.1,0.46,2129.347658939231,1
1669.5,32.2,62.01,0.561,2874.2743870443355,1
987.1,16.97,100.0,0.667,2326.4602774768373,0
2036.3,28.59,74.1,0.314,4815.388543480913,1
318.0,16.19,67.29,0.872,5055.388936563755,0
4486.9,19.46,38.77,0.55,3259.9928413297303,1
590.4,14.09,37.03,0.512,2821.763861028286,1
2323.9,19.23,55.48,0.74,2665.254815546255,1
1707.7,12.55,19.34,0.636,2482.228665895599,1
813.7,39.32,89.46,0.831,1812.2579119500024,1
1609.4,5.45,79.36,0.564,2070.1484985008874,1
2609.1,10.61,54.08,0.455,2668.2976460834248,1
645.9,48.81,47.8,0.733,2891.7886176739,1
2902.4,5.75,69.75,0.458,2718.5430668382187,0
518.3,7.81,38.91,0.706,2204.5685475406585,0
1600.1,12.67,30.4,0.373,2800.4264368988192,1
725.8,18.43,24.49,0.514,3176.868255229767,1
1719.6,9.22,61.75,0.792,2774.983405011362,1
1412.9,18.92,45.57,0.558,2312.08209509339,0
1799.1,22.01,60.66,0.831,2619.952194961927,0
102.3,29.01,26.01,0.795,2569.9598440897826,1
2382.1,13.58,29.74,0.846,3103.6600141241324,0
101.1,7.35,35.04,0.444,1890.6592138062767,0
1340.8,47.02,15.85,0.672,2311.2137828762507,1
1632.2,21.66,36.97,0.825,2394.6729175221863,1
1326.7,19.01,33.58,0.784,2337.067824213319,0
1933.8,12.68,41.0,0.724,3271.128467753093,1
2486.3,6.6,34.14,0.548,4580.809396335673,0
758.4,4.22,20.22,0.95,2610.946014272147,0
1753.4,20.56,82.68,0.51,2679.678099835424,1
317.4,11.24,76.03,0.626,2317.762982536952,0
1973.5,7.89,50.58,0.371,2299.383008460716,1
1426.5,23.44,59.97,0.405,3721.661878953196,1
421.9,16.21,43.97,0.744,3694.523994141217,0
286.5,11.29,77.57,0.349,3828.773653092496,1
1653.9,20.32,70.9,0.634,4162.360428578078,0
352.3,19.87,83.89,0.864,3420.891724722218,1
2613.9,13.14,41.82,0.288,4855.69627853173,0
226.6,12.1,67.41,0.474,3837.494669280005,1
1553.9,12.06,74.82,0.447,1982.486264435144,0
914.0,28.78,66.12,0.68,2684.950757857667,0
719.3,10.77,55.61,0.872,2796.2335303861064,0
1940.4,18.06,15.32,0.691,3224.957685540945,1
1793.8,13.48,62.3,0.549,2468.6193663616223,1
186.3,17.02,48.9,0.013,4618.857774662073,1
3695.2,36.61,81.17,0.516,4830.033514307526,0
494.5,14.13,54.24,0.542,3439.119405994252,1
986.1,3.37,76.25,0.446,2557.882285035388,0
1447.9,39.61,79.22,0.74,1727.9098518094868,1
468.6,25.07,63.53,0.79,3134.906576772314,0
1501.2,26.69,81.29,0.466,2472.127367053433,0
3213.8,35.12,20.96,0.337,2327.717303283144,1
607.2,24.14,64.34,0.618,2684.950757857667,1
4252.0,24.34,48.32,0.414,3311.256035014383,1
385.2,18.11,44.62,0.538,2336.232589746792,0
2168.8,18.77,20.01,0.385,3390.0772035492714,0
481.7,6.27,79.33,0.522,2382.5729841482507,1
1320.6,26.55,64.61,0.247,2855.671640387051,0
1482.3,21.27,68.12,0.566,2799.5056756923746,1
3296.1,4.43,59.71,0.717,2531.4058231206527,0
266.4,40.94,52.14,0.449,2449.4166510005434,1
3809.0,26.54,45.85,0.706,2399.768410528915,1
274.4,12.9,45.53,0.704,2638.7302350316336,0
1543.0,24.73,32.93,0.662,3917.851361254408,1
166.0,24.89,64.07,0.475,2406.5788616570376,1
1400.5,8.8,74.59,0.924,2335.2149478614742,1
1852.3,60.0,85.37,0.543,1875.4712845172348,1
2785.3,10.77,38.53,0.683,2561.040620697762,1
359.3,25.92,38.32,0.492,4316.207692603688,0
1503.0,19.48,33.05,0.546,3429.3590351014573,0
716.7,14.73,83.63,0.518,2605.665979883438,0
2355.8,31.53,63.18,0.688,2301.827588408578,1
286.4,31.66,62.22,0.394,2230.5707123904504,1
1198.9,44.03,61.42,0.396,2614.052291807126,0
1475.4,13.34,57.09,0.814,5235.949386152112,0
2335.6,11.44,52.63,0.564,1741.0789552444876,1
693.0,14.19,63.58,0.334,4853.071472448588,1
4399.0,13.0,76.75,0.236,3640.6138806325816,0
615.1,8.32,50.09,0.662,2259.3727903575423,0
2146.8,10.88,73.66,0.687,2989.818095458963,1
1764.1,17.66,64.4,0.186,2738.9513537762577,0
465.7,55.05,61.09,0.488,6095.117875167474,0
291.7,30.32,82.72,0.393,2738.656663472876,1
3340.8,32.52,100.0,0.668,2565.128099923556,0
609.8,9.23,76.5,0.908,2251.8087905992843,0
2398.0,15.53,49.79,0.875,4382.570389530353,0
188.0,3.5,58.15,0.713,4475.302008289542,1
744.6,15.81,79.23,0.675,4330.036869885736,0
883.0,10.29,47.4,0.703,2272.8278213140093,1
688.0,18.87,50.39,0.769,2549.81508106297,0
1293.4,13.0,35.19,0.837,2705.324437330825,0
4276.7,15.82,46.87,0.533,2718.6381822471635,1
219.8,33.36,70.79,0.498,2447.910402886724,0
1809.9,15.6,20.94,0.35,3793.804021200186,0
753.6,40.27,75.85,0.95,2565.8075498954254,0
1980.9,22.62,76.72,0.867,2951.5607693983006,0
1841.1,21.58,88.14,0.587,2260.226029557887,1
1240.5,14.23,75.84,0.735,2989.1360936818155,0
1148.2,25.0,61.25,0.801,3324.6401197974656,1
2673.7,34.61,21.5,0.95,2215.704599653357,1
148.7,11.54,23.41,0.614,2063.9978299604745,0
2846.1,36.93,51.31,0.829,2879.9036391393,0
445.9,33.78,28.11,0.525,2525.4079963137447,1
2436.4,20.78,72.79,0.62,4431.094254098266,1
453.0,35.64,65.6,0.518,2202.9030078518394,1
1023.4,33.92,60.63,0.592,2704.174051883015,1
751.0,20.77,54.32,0.745,3766.018468169855,1
3925.2,20.28,91.74,0.649,2427.84263266211,1
895.1,4.55,71.63,0.226,2832.681396038768,0
2821.8,23.16,54.88,0.628,2656.234500289584,1
183.8,15.06,39.55,0.15,2524.932248079456,1
1604.0,16.93,26.62,0.753,2589.45811255996,0
402.4,43.08,61.98,0.345,2629.1612392417155,0
630.1,28.17,80.16,0.481,2800.0823233493907,1
1038.0,8.88,68.58,0.57,2245.8156153442,1
3250.9,59.92,35.62,0.721,2177.0852084493586,1
124.8,15.26,100.0,0.764,3832.450060630023,0
1520.1,35.99,33.05,0.557,3760.162209617872,0
362.9,26.57,73.88,0.6,2524.703584165641,0
2118.5,15.56,91.76,0.683,1963.5647290373583,0
1514.0,32.77,67.99,0.719,2567.7271049666147,1
1405.2,28.66,18.31,0.457,2684.0338635471776,1
443.4,16.72,57.48,0.657,3615.341452955036,1
4558.3,25.11,73.58,0.509,2256.445371699989,0
729.3,27.86,52.51,0.371,2507.6912254154267,0
1814.1,19.28,30.01,0.421,3247.4158543837298,0
457.3,25.88,34.75,0.663,2411.035689402668,1
2416.7,21.55,74.9,0.399,2676.179347406624,0
765.8,19.58,65.69,0.456,2684.950757857667,1
1688.6,55.07,62.89,0.819,3270.078997689996,1
2196.9,15.22,62.78,0.565,2746.134923026965,1
1116.0,21.45,43.72,0.449,2424.9225375946817,1
545.3,10.59,82.02,0.61,2236.1183448785823,1
3774.8,15.03,80.27,0.48,2295.183371081532,0
370.2,5.56,47.48,0.43,2684.950757857667,0
737.7,48.48,66.27,0.877,2592.466304626348,0
343.9,18.16,74.45,0.596,3081.4186210247703,1
688.1,19.19,36.62,0.611,2719.56367062686,1
1269.3,12.11,52.9,0.463,2510.250479945951,1
4364.8,23.5,49.6,0.492,4682.794469457721,1
488.2,14.41,58.16,0.407,2555.2172154658133,0
2665.1,14.57,37.98,0.874,1828.202313624959,1
439.6,12.0,63.85,0.837,2863.064521967603,1
2114.8,11.29,63.75,0.887,2904.809273267439,1
1328.4,17.23,79.16,0.624,2246.584804394832,0
1387.7,21.61,56.72,0.361,2425.217067710756,0
1963.2,20.84,83.64,0.484,2864.2085628725818,1
4672.0,8.96,84.99,0.683,2795.1206323007978,0
523.6,7.64,44.64,0.706,2639.7804987626705,0
1681.1,32.48,22.52,0.588,2357.3181300727,1
61.9,14.76,10.61,0.789,6153.552678139906,0
1809.5,27.31,74.28,0.535,2225.4002812441945,0
1101.3,10.05,44.56,0.515,2962.6028789571624,0
1509.3,27.46,30.67,0.761,2487.263313422959,0
309.4,20.18,45.97,0.472,2106.5296638608306,1
1469.4,6.44,34.68,0.763,2469.77638912736,0
349.9,36.11,75.81,0.613,2512.2189049598,1
3184.3,60.0,39.35,0.363,2367.389250690645,1
634.3,4.72,64.66,0.53,2304.945315884638,0
1125.1,19.78,72.48,0.556,2684.950757857667,0
1577.4,27.53,43.69,0.367,2703.4390536912565,0
428.2,39.9,57.92,0.459,2603.0681329470685,1
844.1,5.49,69.97,0.435,2038.298647197099,1
4666.3,19.54,27.16,0.578,2713.962780771034,1
866.2,4.41,24.3,0.283,2502.965201550662,0
3359.0,26.71,68.93,0.772,3028.5856637520137,0
140.7,20.65,57.97,0.541,2421.0321140051497,0
797.0,15.48,32.89,0.936,2176.8446748463866,0
828.6,11.96,55.81,0.603,3707.8943807475976,1
1733.8,14.01,80.18,0.405,2548.244695666777,0
844.5,32.27,34.29,0.635,2550.0535547810173,1
4245.3,35.6,20.61,0.504,2692.3904500416675,0
188.5,17.56,34.11,0.47,2640.239331499743,1
3703.7,36.68,54.16,0.726,2593.932809079364,0
215.6,27.44,20.58,0.579,2893.511942364792,0
778.6,5.81,39.42,0.5,2746.3733785274544,1
419.1,15.97,52.87,0.482,2347.169713258474,0
426.7,31.43,70.74,0.736,2357.264288591383,0
2486.2,26.89,17.94,0.535,2433.185365822409,0
4488.7,28.76,62.91,0.744,4863.954393803358,0
595.4,7.73,56.33,0.506,2390.2940263063706,1
3792.2,15.46,55.98,0.534,3262.7392638485167,0
543.3,11.05,59.19,0.703,3184.944440828851,0
1403.2,21.08,99.99,0.575,4169.839937717755,1
480.2,17.39,59.66,0.838,2635.7768491871225,0
674.7,21.42,65.08,0.9,2476.272180265425,1
1941.1,27.81,45.09,0.364,2571.841515305968,0
1463.5,23.68,17.34,0.502,4135.686897954305,1
297.4,2.76,40.92,0.531,2462.642828052233,1
3685.8,43.53,40.37,0.874,2274.80967172137,0
332.1,9.49,49.37,0.533,2813.12622653104,0
2373.8,33.66,60.98,0.661,2477.86907061451,1
1033.9,19.38,56.72,0.468,2684.950757857667,0
1534.3,23.29,81.13,0.378,4289.111628592416,1
678.4,15.76,67.48,0.34,2526.142930634439,1
1698.7,8.79,34.03,0.525,4136.770778489213,0
645.2,11.62,62.81,0.417,2193.491332779928,0
3042.4,33.81,58.19,0.816,2933.4319164965727,1
170.9,37.15,27.56,0.356,2230.662385112368,1
2258.2,31.41,50.73,0.386,2458.8153566272567,0
601.0,49.02,48.56,0.529,5478.680783166485,0
655.2,31.53,30.38,0.494,2458.3238394879627,1
1114.3,22.71,59.62,0.615,2549.0205530170024,0
1016.6,11.32,65.23,0.707,2713.8474752438065,1
88.1,2.78,30.15,0.674,1856.61838191828,1
4015.5,14.01,66.19,0.396,3260.907936826744,1
540.3,24.32,54.12,0.693,2298.2588516356054,0
973.9,16.42,48.51,0.558,2230.622164295284,0
231.2,16.24,46.28,0.602,2640.5763414086377,1
462.7,13.97,15.7,0.464,2690.0523128207133,1
1666.7,10.53,25.5,0.681,4219.463739475378,0
2736.2,15.08,55.62,0.633,5240.3434995089965,0
851.6,42.94,42.17,0.625,3034.321512344709,0
3528.9,15.09,81.27,0.641,3280.6413721081653,1
442.2,17.96,11.88,0.39,4679.024115866976,1
2080.9,11.58,52.1,0.601,2393.932564015072,1
1684.8,14.16,38.89,0.636,2281.4328893447587,1
1332.5,11.21,71.03,0.364,4840.246368658967,0
2495.5,12.74,49.47,0.796,1975.6810534537008,0
2760.4,10.27,38.09,0.95,2689.519302651377,0
638.6,24.19,66.22,0.527,2631.861483958145,1
4465.8,25.6,66.15,0.596,3398.1850954373026,1
791.0,14.96,63.76,0.522,2425.8789747255387,1
1341.8,17.07,32.51,0.345,2806.95056646241,0
873.9,22.72,64.82,0.569,1932.814314681273,1
655.9,25.28,20.39,0.219,2593.162043439497,1
369.8,22.3,43.61,0.356,4832.584644713687,1
2384.2,16.4,35.52,0.591,3902.677212183733,1
804.7,13.52,6.15,0.612,4659.404280776107,0
2449.9,30.84,41.69,0.526,2571.3124314195907,1
82.6,7.35,65.65,0.756,3254.4761182285465,0
2115.8,18.33,61.89,0.725,5466.440380443446,0
1737.6,23.6,71.99,0.518,2455.935788763313,0
1032.9,18.4,65.09,0.569,2949.8473322603104,1
566.1,29.29,52.06,0.625,2343.1299487187944,1
2839.6,23.94,23.21,0.882,2623.5192314443293,1
83.6,9.53,86.5,0.731,2272.3363472808787,1
2858.8,16.1,5.0,0.129,2684.950757857667,1
137.7,7.44,56.22,0.459,3093.454175532938,0
1689.5,29.91,28.71,0.338,2385.623242971465,0
237.5,13.23,68.63,0.186,4974.128237922675,0
880.6,31.29,61.42,0.738,1881.1994883496463,1
1828.1,36.76,57.32,0.422,2512.5562836100858,1
629.8,19.74,41.56,0.534,4990.980699657537,0
694.9,39.08,55.93,0.547,2544.8146737428187,1
2125.6,39.36,30.23,0.29,2686.0064258465613,1
386.1,38.55,27.17,0.34,2782.116868230141,1
1554.1,21.74,66.96,0.59,5724.416697608586,0
905.1,16.71,49.8,0.529,4872.603983559972,1
1555.3,13.03,74.65,0.825,2397.1121525212584,0
2116.1,22.13,99.02,0.594,2752.220820117539,1
3479.6,27.99,55.59,0.383,2321.405215997254,0
764.4,22.69,37.63,0.569,2684.950757857667,1
3295.3,24.44,39.92,0.507,3063.239705558719,1
634.6,28.1,81.03,0.686,2096.584886914941,1
1629.9,10.09,63.99,0.749,3277.6736062070136,1
857.7,59.14,48.56,0.455,1975.5850717159904,1
332.1,18.96,51.58,0.485,2833.806610437127,1
666.7,23.34,42.77,0.848,2403.2994814622684,0
3825.8,16.34,46.95,0.169,3388.310925459408,0
440.6,7.96,84.72,0.664,2711.292616230958,1
4361.4,21.57,10.85,0.827,2282.499421784118,1
129.6,28.37,85.2,0.472,3152.8797321435586,1
1842.8,28.56,59.39,0.687,3311.8865309433854,0
910.3,13.72,77.18,0.278,2665.189158913198,1
826.7,15.14,26.8,0.453,2906.8121683156687,1
2257.8,32.96,24.72,0.515,2686.524295509386,0
1651.1,11.43,35.27,0.63,2761.5603614083334,1
139.1,28.56,48.72,0.493,3475.456783595725,1
1505.0,11.06,54.41,0.423,2406.02174763998,0
538.6,5.59,73.42,0.42,2650.670051516809,0
1919.0,46.91,73.89,0.482,2684.950757857667,1
1770.6,42.87,34.74,0.368,5252.670367990916,1
524.0,30.69,43.9,0.725,4138.297453288654,0
1229.6,29.86,45.04,0.883,2177.416680403628,0
4108.2,41.71,33.97,0.313,2361.309523303429,1
647.2,11.23,72.24,0.908,5261.020099997816,0
3636.8,39.18,46.13,0.409,5280.330126353492,1
552.6,21.81,51.94,0.257,3007.7704144117333,1
2034.1,42.91,20.67,0.631,2464.717966053827,1
416.2,20.41,52.34,0.517,2755.623540587596,0
664.2,8.86,63.64,0.745,2175.194981793868,0
310.7,14.42,48.54,0.551,5025.356249645783,0
3628.6,18.05,53.78,0.591,2304.8256943798883,1
831.6,29.13,75.76,0.741,3635.065959770516,1
3157.0,33.04,60.04,0.735,2924.389936200755,0
50.7,4.46,36.34,0.275,3349.9199409652024,0
2131.7,3.54,46.62,0.568,2684.950757857667,1
247.5,34.52,84.32,0.546,5471.567740331187,1
457.1,20.05,56.5,0.692,2998.230583236458,0
457.6,47.46,46.66,0.617,4107.6663282847,1
1185.9,11.61,73.18,0.558,3490.44306494787,1
480.7,22.48,67.92,0.671,2838.921594322022,1
3605.4,20.52,27.8,0.205,3263.5777318148266,1
335.2,34.53,35.91,0.347,3051.625022625577,0
1996.3,26.8,91.93,0.169,2836.5697789524947,1
779.7,32.83,48.98,0.663,2415.6857478387724,0
1451.0,35.96,71.96,0.66,2469.0553645071946,1
2444.0,16.1,49.02,0.704,2477.070215848186,1
4248.7,33.92,40.79,0.562,2559.485304138604,1
137.3,14.01,52.05,0.651,3245.6449577404865,0
3357.5,32.24,68.63,0.408,2145.804019226793,1
523.5,7.77,55.28,0.359,4036.886207868654,1
1168.8,16.94,89.21,0.646,3393.091386306473,0
1740.7,16.08,61.63,0.737,3243.9229103015427,0
883.8,3.75,16.59,0.48,3287.763352331118,1
2445.4,38.09,65.73,0.66,4179.855116370165,0
1727.2,38.03,81.09,0.867,4164.238524810756,1
623.2,42.4,49.53,0.342,2253.1823015459263,1
4166.4,23.51,100.0,0.593,2157.3565055651425,1
69.4,8.62,54.33,0.924,4163.920246317457,0
1369.7,22.44,57.65,0.844,2614.7458407907825,0
629.8,40.38,34.52,0.465,2194.023229042669,0
1148.6,43.67,63.96,0.577,2048.098649307484,0
1003.2,33.15,62.9,0.558,2858.4030464000766,1
1547.0,14.87,72.0,0.769,2650.8338236767554,1
541.4,13.83,93.45,0.693,2463.929780186153,1
2390.8,16.82,34.08,0.628,2684.950757857667,1
697.6,14.71,51.59,0.603,2690.8819425638176,0
1129.4,10.56,74.1,0.592,4165.06863860213,0
154.1,14.52,94.73,0.494,2427.7309912812366,0
734.7,35.06,72.45,0.59,4126.619594572512,0
2317.6,31.35,84.05,0.535,2486.827747194867,0
4963.1,49.5,53.54,0.632,2853.0584978679813,0
304.4,21.27,84.79,0.377,1789.4156775200963,1
3201.9,34.27,38.25,0.74,4170.1889990302725,0
780.1,17.46,60.64,0.622,2120.221246850428,1
2395.3,15.39,45.3,0.365,2811.211054847412,0
1324.0,19.62,61.7,0.792,2514.868091200198,0
407.9,14.99,80.18,0.395,2363.9943193045465,1
285.3,48.98,78.09,0.489,3066.6531381117165,1
4668.8,14.69,100.0,0.691,2287.9567606888395,1
775.4,8.04,68.27,0.606,2384.454616128573,0
2767.0,10.81,47.9,0.52,2202.855045116677,0
275.3,1.73,80.73,0.841,3645.7447533398727,0
1960.8,34.03,30.9,0.752,2797.590417691777,0
1647.7,15.98,18.65,0.935,1691.132712877049,1
651.2,20.18,55.3,0.707,1986.575718149034,0
908.2,14.92,30.11,0.666,6340.125451246194,1
4400.7,32.0,57.48,0.51,3349.4269706404057,1
877.1,4.42,100.0,0.631,3154.941496340254,1
2441.8,15.58,45.29,0.687,3098.5774828437447,0
408.3,14.94,62.64,0.425,3756.220048810295,0
2122.7,17.46,43.37,0.66,2130.79517147706,1
1872.2,24.33,68.45,0.347,2354.811484675373,0
910.2,34.86,51.17,0.219,3051.440147650178,1
862.7,39.94,42.58,0.528,2354.395330869641,1
2745.4,26.31,12.1,0.478,2812.812817543366,1
132.1,20.2,31.62,0.815,2429.064567532513,0
2410.2,13.64,60.69,0.664,2281.218476081305,0
736.9,48.11,46.03,0.894,2309.4979741187,0
750.2,20.93,23.88,0.677,2681.320971793105,1
1294.5,24.33,67.14,0.509,2600.613807841715,1
378.9,15.7,67.69,0.362,2684.950757857667,1
1774.1,14.13,41.42,0.447,2588.231680892979,1
4941.7,22.11,67.24,0.915,2376.859288737784,0
811.0,39.35,41.58,0.726,4860.908924212322,0
4030.5,43.81,70.19,0.648,2282.3264475839583,1
68.9,35.6,66.59,0.689,2497.703499888454,1
2328.2,13.53,81.82,0.531,2707.933301792341,0
1284.6,13.28,66.39,0.372,2697.120435641859,1
1765.8,19.78,54.89,0.665,2258.22267787482,1
1333.5,34.83,44.06,0.696,2684.950757857667,0
877.1,17.49,52.49,0.716,3393.1907642549527,1
237.9,34.02,92.46,0.502,2682.771501405646,1
3981.7,39.43,36.55,0.472,3060.5940840332214,1
336.6,4.77,48.31,0.95,2114.724544657593,0
813.7,30.84,81.91,0.752,3765.036185100498,0
1857.7,8.72,53.54,0.75,3436.788003291324,1
987.7,22.73,31.97,0.597,2616.2846251020896,1
873.7,16.22,19.89,0.818,2855.387964708461,1
3570.9,6.19,20.24,0.734,2389.859257455897,0
823.2,7.46,17.13,0.254,4160.572833338812,0
2973.8,5.93,79.79,0.72,2993.6375371283766,0
502.3,21.65,12.67,0.418,3875.331802421634,1
2031.9,16.49,65.31,0.651,2743.954604610863,1
418.0,26.02,47.32,0.539,1734.694074740762,1
1349.5,55.26,73.23,0.649,3417.870085606768,1
2234.3,33.01,61.74,0.476,2402.093602907883,1
582.2,16.91,89.63,0.78,2770.2970447306507,1
356.0,3.92,60.58,0.683,2782.5943819643617,1
1579.4,15.2,45.83,0.485,2938.682333975466,1
478.8,24.9,93.33,0.455,4178.260817643667,0
1496.8,12.45,74.28,0.646,2343.791952907256,0
312.0,5.15,71.94,0.701,2178.3552229728475,0
1726.1,17.5,59.08,0.699,2192.231459232748,0
721.8,43.98,75.9,0.461,3297.6517286867925,1
2635.7,11.7,92.44,0.346,2684.950757857667,0
887.9,4.33,25.57,0.541,2809.2600355035406,0
3810.6,21.81,60.69,0.507,2287.959249199989,1
447.9,10.75,48.12,0.662,2178.7123401750296,0
2036.0,15.36,52.41,0.337,2492.9009630871683,0
1758.3,17.44,44.61,0.53,2757.0475074482483,0
615.4,23.03,78.16,0.715,2241.7182939344507,0
2382.7,14.59,97.34,0.506,2020.7202704271765,0
1401.4,36.34,51.5,0.885,3197.1255816747844,0
243.3,29.12,72.68,0.698,2769.8396307626977,1
2754.4,12.0,43.48,0.459,2813.8576478016216,0
783.8,35.35,70.49,0.687,2190.4293167336623,1
1286.9,38.44,37.59,0.616,2588.117915729717,0
446.4,27.07,69.15,0.628,2513.006761808619,1
371.6,11.78,88.19,0.543,2260.89445086091,0
622.9,18.05,11.24,0.501,2684.950757857667,0
1855.6,36.53,63.24,0.59,4705.464234351529,0
213.3,20.84,64.36,0.95,2792.4378218140805,1
4401.4,14.85,66.13,0.566,5499.737041709187,0
315.8,25.8,66.57,0.881,2820.6388991058807,0
2115.7,50.51,48.65,0.515,3890.3387088771738,1
1750.1,8.51,52.04,0.804,2519.1079881467103,0
1171.1,8.45,53.75,0.407,3526.3909108411867,1
1072.3,30.41,67.91,0.858,2781.633049593283,0
1273.5,18.91,56.94,0.944,2567.033714546586,1
783.5,14.9,68.81,0.527,2913.430782176631,0
2247.1,11.27,39.78,0.73,2959.175347710492,0
409.8,26.82,45.51,0.857,2813.2581385514936,1
1940.4,17.03,54.23,0.201,4788.408082425819,1
871.8,14.53,70.5,0.728,2684.950757857667,0
775.9,12.69,69.99,0.71,2544.1771792795244,1
2486.2,21.42,41.71,0.729,4958.916540255546,0
774.7,10.48,35.56,0.59,3273.037126698802,0
123.2,26.12,30.22,0.591,1701.425902785544,0
2285.9,49.96,65.98,0.594,2392.8213920538515,0
97.1,11.45,39.13,0.718,2979.16261361597,1
1684.6,20.7,66.98,0.096,2680.658617061129,1
877.7,19.0,25.28,0.845,2600.1748427459484,1
1274.1,12.27,32.52,0.685,2686.312653801778,1
1638.3,14.74,59.28,0.55,2066.5395392510827,1
583.9,21.56,36.04,0.53,2242.769457745684,1
679.7,20.65,72.51,0.477,2765.5595823831754,1
2937.0,5.89,69.43,0.719,2684.950757857667,0
289.6,11.68,71.06,0.315,2326.5272865003417,1
1467.0,21.68,62.55,0.524,2243.591093570128,0
1734.6,24.11,36.11,0.652,2687.438575060211,1
1430.5,15.29,65.98,0.499,2588.957582403949,1
1721.0,43.5,76.24,0.334,4125.213086113293,1
724.1,11.34,52.54,0.632,3688.3492417883,0
307.1,5.41,75.94,0.664,2425.017502098107,1
2284.5,25.59,53.38,0.913,2444.79550899489,1
798.9,18.93,53.58,0.581,2285.391652145655,0
1832.7,21.12,66.78,0.402,1902.2399243985567,1
420.4,16.98,97.6,0.499,2744.7702187568784,1
1164.3,10.72,73.42,0.78,1758.0447618596704,1
682.2,56.23,63.74,0.522,2845.1396403833314,1
3762.6,49.31,43.06,0.585,2894.591422484896,1
729.2,13.94,84.8,0.753,2471.875936975329,1
3639.4,25.16,59.66,0.835,3434.033673058069,1
715.9,19.63,61.12,0.512,4440.272447575838,0
1603.7,34.73,46.64,0.543,2684.950757857667,0
302.6,10.47,47.32,0.44,2515.051434626295,0
672.4,21.6,57.19,0.738,2666.726242042792,0
1990.7,22.55,70.62,0.485,2774.2229709298213,0
2943.1,10.97,19.81,0.479,2349.0257420124635,1
360.3,26.83,42.77,0.638,4449.635806374768,0
2233.5,10.85,31.66,0.95,3215.287893485905,1
566.4,6.62,49.31,0.59,2311.132477905096,1
1030.1,22.31,60.12,0.477,2397.5187971085475,0
461.4,15.51,60.99,0.747,2454.350595394916,0
1506.6,14.56,68.49,0.36,1702.4546196577382,0
521.4,23.56,67.5,0.54,4152.4657009319135,1
3921.3,60.0,53.67,0.628,1979.20267499534,1
321.0,0.8,64.98,0.22,2876.1386732720607,0
3852.3,60.0,49.14,0.51,2446.2087125815874,1
107.5,10.22,84.46,0.529,3057.49127799677,0
2111.2,38.92,57.09,0.234,2768.863458116984,1
779.9,14.1,54.33,0.21,2214.88454495042,1
1385.6,22.16,13.81,0.765,2243.782357375241,0
1469.8,31.35,62.78,0.341,4177.627454033936,0
1994.1,40.27,60.88,0.286,3602.981276890808,1
743.0,17.91,88.13,0.424,4101.744203161692,0
4032.7,17.15,32.26,0.635,4314.397176567143,0
463.5,24.34,55.87,0.468,2696.2252893403547,1
2395.2,37.03,83.65,0.51,2658.8220752255697,0
227.3,21.93,25.5,0.735,2684.950757857667,0
986.0,16.96,37.08,0.95,2654.7838184857537,0
1044.6,31.75,47.03,0.565,2765.463637315077,1
1555.9,7.77,88.4,0.613,5489.420467084016,0
29.9,2.22,62.7,0.881,2058.266102569546,0
4246.5,10.64,57.55,0.925,2180.594295074988,1
458.3,14.65,64.07,0.515,2026.5960052004104,0
2333.8,11.5,63.35,0.67,5226.164930122038,0
1326.0,37.34,69.02,0.652,2982.268986200783,1
1031.1,27.06,44.44,0.25,2060.739122563411,1
1780.7,8.35,61.15,0.499,2452.219119559143,0
3101.8,26.26,79.02,0.709,2424.766868610922,1
691.0,9.87,78.88,0.855,3284.352210377261,1
4303.3,7.76,6.34,0.645,2616.8943334771084,0
701.7,7.03,46.94,0.606,2810.4545966694686,1
1186.1,30.08,68.65,0.581,2124.043441176943,0
450.1,36.87,63.47,0.703,2255.033081319888,1
944.2,18.41,85.33,0.578,2902.236939123849,1
1879.6,25.17,26.72,0.903,3209.713535400517,1
2743.5,37.98,84.99,0.635,2518.4734295669296,0
730.2,10.97,16.09,0.491,2267.997813816507,0
3239.9,27.94,48.0,0.33,2438.835490923148,0
774.1,10.86,83.04,0.672,2205.065335527591,0
2167.6,10.83,54.68,0.424,3511.640225690819,1
881.1,35.66,68.25,0.37,2812.161293268792,0
780.4,11.47,55.54,0.666,3119.4020110975384,1
337.2,24.79,52.78,0.633,2530.122653783333,0
998.0,26.15,59.78,0.024,2818.7969432141726,0
549.3,20.75,70.48,0.37,4776.077065896046,1
3976.6,15.7,36.01,0.382,2206.7415275277503,1
532.9,29.42,70.71,0.688,2620.1496901996275,0
885.2,25.97,50.54,0.38,2214.504919665801,1
565.0,17.32,53.45,0.95,2424.673411036528,1
506.0,42.35,54.06,0.366,2861.1794933965107,1
1209.8,33.19,45.63,0.849,4156.925103102098,1
1118.7,25.89,44.41,0.33,3508.7951225699626,0
753.2,14.15,56.56,0.432,2422.8638350270303,0
3121.5,9.41,62.32,0.851,4946.617324801567,0
205.4,3.08,73.28,0.296,3976.805472184815,1
1261.6,22.22,53.21,0.422,2204.6501255837543,1
1815.6,30.66,42.39,0.653,4398.323639422413,0
630.8,20.49,62.96,0.664,4304.165837332689,1
492.1,29.6,56.85,0.386,3435.414588939226,0
1919.3,25.0,85.72,0.512,2711.41581002016,0
287.7,23.32,62.88,0.596,2397.0948604524724,1
1788.4,12.34,57.1,0.55,3883.055240248232,1
346.3,21.75,43.17,0.615,3639.481596824904,0
2494.9,28.35,65.41,0.95,3320.336695729014,1
1017.5,16.15,76.54,0.576,2402.2167331934647,1
994.4,26.95,92.21,0.736,2903.63998389426,0
820.8,18.11,61.97,0.831,2360.786174696986,0
2567.8,11.58,52.12,0.504,2404.1536229585686,1
93.1,13.47,44.46,0.352,2569.7066802057816,1
2181.9,24.98,100.0,0.699,3283.001798105411,1
97.2,42.94,26.12,0.734,2828.591463959507,1
2266.6,20.25,9.56,0.476,3091.774686619681,0
407.7,18.6,76.79,0.807,2210.630552927016,0
960.7,9.1,37.68,0.716,3621.546867084409,0
1672.6,12.11,30.5,0.916,2550.597663828069,1
2642.6,4.65,36.11,0.584,2255.4223047532005,0
49.3,23.88,42.03,0.572,2621.496241723044,1
2493.9,39.34,90.71,0.506,2156.7755836833826,1
88.7,6.67,79.93,0.716,2316.646227371592,0
2394.9,15.55,53.51,0.405,4337.039167760764,0
1208.9,28.4,5.0,0.95,3092.1358855512854,0
754.1,11.13,41.59,0.675,3387.437695470858,0
614.6,10.23,26.43,0.95,1698.2356157744175,0
3711.9,23.56,50.45,0.813,2679.790256920167,1
786.0,31.83,70.62,0.597,1875.1592065239647,0
3233.5,10.15,36.0,0.699,2205.048331619906,0
636.1,8.7,100.0,0.626,3910.411234932594,0
1482.1,20.74,40.18,0.454,2266.1029668825927,0
684.0,60.0,29.08,0.564,1696.250952435378,1
1301.2,27.06,73.9,0.568,2414.09138860791,1
1530.2,21.04,35.37,0.681,3627.2070788118986,1
4096.4,15.02,64.51,0.294,2289.5955831319884,1
406.8,11.81,5.0,0.363,3126.1183981294794,1
3641.7,21.28,48.1,0.584,3708.943641518844,0
371.6,21.56,63.0,0.517,2677.321441843781,0
2451.0,12.38,86.76,0.462,3721.820369974084,1
1573.4,27.05,58.48,0.776,2427.490611461565,1
1357.2,12.04,70.17,0.676,2639.759154942172,1
817.9,23.97,60.14,0.486,3840.788345428436,1
1387.1,22.87,41.26,0.416,2393.441062810679,0
474.0,30.88,61.88,0.684,5007.1454103057495,0
2642.6,12.62,51.41,0.533,3281.6473452252776,1
141.5,27.08,65.46,0.355,4104.982923290032,1
2427.3,24.11,57.36,0.399,3413.7053274628947,1
1276.8,9.15,99.8,0.555,3087.1301867602992,1
699.7,40.09,39.49,0.918,2795.027393706394,1
1189.2,24.59,67.21,0.796,2578.9442717744387,1
3121.1,24.37,82.97,0.684,2385.186150485549,1
72.9,20.18,100.0,0.692,2688.4141601591523,1
3999.9,33.01,8.75,0.889,2324.63354751122,1
509.5,26.7,64.81,0.906,2022.628925515856,1
1856.9,23.27,37.76,0.419,2906.997114797652,0
1777.4,44.44,69.61,0.694,2593.307655932808,0
1557.3,31.06,51.38,0.523,2522.077809645172,1
2266.4,13.5,41.81,0.494,3306.210632333388,1
2859.8,13.92,63.38,0.503,5658.787235626346,1
465.9,18.14,57.32,0.559,2500.223815842868,0
2255.0,18.2,62.49,0.825,2443.38739959482,1
206.8,24.78,43.45,0.336,4133.411891235507,0
2321.6,14.24,16.76,0.817,2158.559744324858,1
1547.2,45.84,52.59,0.659,3302.264675539018,0
1018.2,22.26,61.6,0.142,2430.835128844455,1
684.4,15.32,68.22,0.404,2581.3369322742947,0
2250.1,17.79,70.9,0.585,2390.8232655014262,0
95.2,29.84,66.26,0.741,2684.950757857667,1
4127.4,16.95,64.9,0.322,2429.466615305149,1
553.9,16.97,28.55,0.638,2639.12922803799,0
2052.3,9.77,71.66,0.95,2358.356217629336,0
1179.0,19.15,42.19,0.868,2973.529731076574,0
1148.0,8.96,37.36,0.609,2691.067073434041,0
253.0,4.53,54.57,0.606,3857.5814678543056,0
3664.2,15.5,5.0,0.606,2774.4129455043226,1
746.6,39.37,57.86,0.582,1825.9766675696137,1
3049.8,27.62,76.31,0.691,3339.177601769997,1
337.8,16.07,59.51,0.398,2197.2825348378115,1
979.0,60.0,63.07,0.946,2726.4508801724032,0
219.5,22.12,51.27,0.523,2564.3962046062115,1
666.7,7.89,62.06,0.573,3119.1435062759733,1
1216.7,18.87,68.72,0.483,2499.196293895083,1
3090.1,15.17,68.48,0.389,2686.902564755901,0
114.0,22.33,65.1,0.751,5496.209192776752,0
3134.4,13.68,53.31,0.689,4942.854674235525,1
469.5,13.31,70.9,0.707,2454.0497132091964,0
1444.2,19.59,66.84,0.68,3337.484955850551,1
402.1,23.64,60.22,0.483,2696.51381101724,0
1408.8,7.62,56.95,0.411,2474.660135143341,1
360.0,15.66,61.43,0.669,2862.5422910382485,0
2901.0,11.69,50.51,0.44,4128.741633180685,0
181.2,23.58,67.08,0.41,2757.912875923582,1
2682.9,6.33,63.49,0.679,3058.7126930247937,1
652.8,19.0,61.33,0.801,2109.466287297183,0
1566.0,16.52,56.72,0.864,3908.608166555801,0
1002.6,15.1,81.39,0.677,2446.029516581184,1
636.2,28.19,39.55,0.543,2684.950757857667,0
311.5,49.43,51.08,0.367,3847.531165938919,1
4126.5,24.5,64.31,0.578,4334.031529485422,1
739.5,5.74,73.88,0.745,2055.2731540184227,1
3962.5,21.96,81.57,0.646,4882.3097434443,1
611.0,27.77,45.15,0.38,3790.229067616337,0
2404.2,29.91,13.86,0.418,2734.6162331394894,1
700.8,15.67,45.44,0.542,2527.5539230931136,0
1474.3,15.72,56.15,0.467,2379.877741241142,1
811.9,12.32,55.01,0.67,2646.398483339045,0
4787.5,15.32,100.0,0.57,4296.218754275876,1
879.9,10.16,41.46,0.698,3498.547876386941,1
3278.3,22.35,44.14,0.673,2071.363169736478,0
358.3,17.46,40.36,0.519,2290.0625734944547,1
1795.8,11.93,34.29,0.863,2629.874025519577,0
436.3,54.64,51.39,0.6,2478.945931416832,1
1154.4,11.03,38.67,0.613,3696.0093615416745,1
1778.8,27.59,70.03,0.668,3441.858115685108,0
3826.2,55.45,72.91,0.316,2685.0225165376683,1
533.0,10.42,51.39,0.676,2357.725923405341,1
1998.2,4.23,77.7,0.481,3358.915056111106,0
539.7,22.63,87.8,0.478,1770.0504102046723,0
907.3,25.57,57.95,0.738,2647.580755448263,1
561.3,16.42,59.45,0.318,4228.650665215823,0
730.3,12.2,85.17,0.827,2208.393591646201,0
1772.0,21.56,76.11,0.598,2319.714141644857,1
2860.8,10.87,43.07,0.485,2478.2543681479065,0
392.5,13.04,72.26,0.435,3796.6944605928206,1
1591.4,17.39,58.06,0.515,2684.950757857667,1
563.8,7.53,10.4,0.662,5470.737335473494,0
759.0,13.9,25.18,0.882,2419.71765759731,0
1757.9,4.58,71.9,0.419,4170.870060208824,0
1536.1,13.64,49.18,0.418,1695.0141163688045,0
1093.6,26.15,26.8,0.468,4240.608170326818,1
2540.1,10.76,30.26,0.245,2309.3638320070563,1
757.7,36.83,59.44,0.908,2967.902088917882,0
1598.6,29.29,65.13,0.711,2632.1796644777783,0
103.0,8.26,88.47,0.609,2260.852147715957,1
2322.3,10.3,62.75,0.731,2684.950757857667,1
1730.9,21.96,24.69,0.76,2613.8286299821657,0
1266.7,16.21,78.95,0.757,2481.7076875839225,1
753.6,9.25,96.33,0.545,2186.1319594230245,1
1007.3,60.0,79.05,0.494,2373.3568887250485,1
791.4,8.09,57.57,0.629,4161.254987032764,0
3464.9,26.39,88.42,0.88,3097.4161207444563,1
750.2,8.22,49.99,0.634,2402.8483221491097,1
894.4,34.8,67.27,0.551,4365.498336526089,1
1244.1,18.14,31.01,0.716,4297.607234331359,0
1669.5,17.68,50.88,0.757,3092.979220606835,1
1177.4,41.95,33.65,0.205,2684.950757857667,1
3134.7,23.12,71.68,0.843,2694.253583843754,0
734.0,52.16,67.11,0.323,3091.580168721507,0
3638.4,54.85,40.64,0.668,2684.950757857667,1
277.6,9.34,37.1,0.686,2740.0099667366194,0
778.0,26.71,53.23,0.544,3618.008414005682,0
1259.6,36.07,42.9,0.545,2261.0056964913765,1
1730.5,23.17,86.38,0.455,3317.6347787733894,1
1032.2,24.57,75.91,0.56,3202.2634717679634,0
1686.6,20.9,33.52,0.696,3588.3189814199395,0
448.0,33.73,59.75,0.626,2433.9547692246665,1
3455.5,22.17,62.26,0.199,2082.902598463354,1
560.8,9.65,44.04,0.485,3275.1729011302127,1
1429.3,10.4,6.21,0.72,3457.948886460791,0
397.8,21.01,72.43,0.675,2931.8386023652783,1
1382.9,34.6,20.69,0.672,1884.640031961988,1
893.0,20.14,70.88,0.529,3368.2562188172924,1
4408.8,20.42,56.85,0.651,2691.77232721414,1
276.7,16.1,28.81,0.304,2272.608186878423,0
3511.5,32.38,73.23,0.562,2877.130993076736,0
517.4,7.8,74.13,0.943,2549.548914819627,1
2122.1,22.96,25.85,0.648,2940.143019246792,0
1698.4,13.76,55.1,0.591,2385.9784474791363,0
1432.1,18.5,55.94,0.395,2491.824389232535,0
573.2,23.3,28.16,0.692,2382.964004435392,1
4132.9,20.26,35.63,0.787,2501.3690935002446,1
697.2,5.9,60.72,0.692,3369.676233883734,0
1978.3,26.91,61.19,0.896,2070.911128158258,0
664.8,8.57,58.71,0.58,2433.288509021654,0
1565.1,9.11,46.39,0.446,1761.5536119590215,1
1145.6,8.96,76.5,0.615,2209.977316487053,1
1205.3,21.73,59.98,0.508,2086.597016787596,0
2485.4,19.55,67.71,0.584,3102.362517385939,0
3415.4,17.67,72.48,0.626,2664.514269167594,0
327.8,12.76,37.04,0.718,3421.366454864156,0
3432.5,40.58,86.48,0.602,3297.565170073077,1
435.6,43.9,58.39,0.328,4783.52393127537,1
1148.2,14.08,21.24,0.721,2459.1380354667413,0
1573.7,14.72,18.09,0.306,2971.231855670934,0
1304.2,12.96,42.43,0.399,2684.950757857667,1
2019.7,20.9,47.82,0.537,2667.454705329309,0
4276.7,35.77,65.27,0.71,2197.188645767135,1
865.2,29.24,67.45,0.573,2684.950757857667,1
3314.1,7.76,5.0,0.675,3927.51889291828,1
138.9,10.94,71.22,0.412,2253.732689174992,0
2415.7,23.14,37.69,0.512,2268.790180490974,1
907.9,11.49,51.02,0.762,2422.659247193449,0
805.1,7.5,67.73,0.422,4876.154468696705,1
901.8,17.35,9.68,0.503,3622.264875541904,0
646.3,15.4,70.04,0.494,2699.689547518534,1
531.6,9.7,91.2,0.79,2392.5931036977368,1
3915.0,38.89,52.31,0.604,3406.507536702321,0
202.4,5.47,37.98,0.6,2709.483184122149,1
1754.4,16.21,44.87,0.589,1681.4539499956518,1
489.2,49.91,35.48,0.472,2935.600883573238,1
1006.7,9.75,51.93,0.583,2684.950757857667,0
1844.3,17.67,59.83,0.324,2595.0439599918445,0
2980.7,6.73,47.45,0.716,2726.4965955711004,0
372.1,12.92,48.14,0.639,3782.5679527773927,0
2296.4,22.71,30.21,0.661,2750.720272679887,1
663.2,12.17,62.93,0.584,2776.19427069346,1
1085.2,14.32,66.93,0.641,2897.5104334177463,0
640.0,31.53,52.68,0.629,2667.6784784153706,1
1109.5,17.26,37.66,0.626,2905.1750074108586,0
1125.6,10.82,63.07,0.463,2304.327228334176,0
4966.8,13.3,48.78,0.47,1827.636035588093,0
587.3,31.99,21.51,0.62,2684.950757857667,0
2652.3,9.39,58.78,0.661,4160.500697734397,1
762.2,10.64,53.41,0.945,2603.524588242825,0
2030.4,40.39,37.13,0.488,2672.044668585778,1
1192.4,36.47,36.9,0.495,2586.8363475854976,0
1515.7,37.91,83.46,0.354,2652.730593806153,0
1845.2,10.87,56.72,0.25,2372.1817879818263,0
1706.8,18.7,41.96,0.745,2711.68817079626,0
174.2,9.25,48.41,0.604,3920.821061599933,0
3199.1,20.58,66.08,0.499,2699.934429654587,1
572.8,10.43,55.86,0.602,4294.81964639394,1
1027.9,3.85,67.21,0.66,5312.38734926669,1
1463.7,21.6,84.71,0.706,2745.6323693070285,1
814.3,9.81,58.96,0.623,3033.978367208224,1
1547.3,20.39,50.99,0.486,2324.940559369732,1
3522.3,18.46,70.77,0.438,2529.794434158997,0
323.4,17.44,14.44,0.684,4348.128693894237,1
3575.8,56.18,35.78,0.602,2772.869306203728,1
104.4,16.16,57.09,0.713,2336.8562971425617,1
2207.3,51.62,64.38,0.588,2325.194997893956,1
670.3,13.13,95.02,0.879,3442.168079051832,1
1729.5,36.27,13.95,0.626,4168.02033901203,1
1661.0,24.61,54.22,0.448,2543.431367935977,0
4026.3,18.25,15.21,0.503,2780.095372246762,1
67.4,23.25,34.36,0.255,1989.013604536722,0
1848.0,23.58,85.93,0.26,2316.2876602061942,1
320.4,32.66,59.84,0.498,2489.417127218253,1
1040.4,40.53,91.61,0.479,2660.670647156304,1
582.6,16.61,92.6,0.718,4444.79162886415,1
1138.4,54.77,45.13,0.201,3215.0586313101862,1
296.4,11.14,40.78,0.661,2639.4889548769643,0
2536.8,14.96,48.7,0.664,3872.983679271249,0
151.2,13.68,60.05,0.333,2491.40155935205,1
3987.7,29.79,28.83,0.694,3178.7573888570937,1
465.5,7.84,86.99,0.893,2733.279558907921,0
1861.5,31.37,59.99,0.54,2898.2150352146905,1
934.6,7.06,58.04,0.64,2443.734068141084,1
550.5,5.03,54.99,0.559,2643.272338320017,0
1008.9,8.23,40.62,0.861,2996.2950888187293,1
4335.3,14.6,45.74,0.672,2333.556939721264,1
215.9,40.77,100.0,0.677,2616.524375887899,1
3778.2,29.44,59.25,0.456,2278.98413815714,1
306.9,4.71,81.56,0.509,2230.5165819990966,0
826.7,36.33,45.07,0.385,4720.10074104058,1
1134.1,11.16,12.39,0.589,2591.7446832373985,0
401.2,16.58,79.68,0.694,2598.7080322105985,0
1678.0,15.71,42.57,0.286,2001.468697809132,0
4189.9,18.09,40.62,0.421,2737.3690442787333,0
464.4,37.85,33.97,0.525,2037.2199464546568,1
4317.6,15.37,32.57,0.446,3335.449768833152,0
463.9,7.37,45.75,0.415,4347.488489743111,1
1461.8,18.8,61.33,0.613,2890.430024463736,1
1129.9,11.32,64.13,0.413,3202.9002596570103,0
625.6,20.51,82.93,0.419,3272.1619226471244,1
2241.5,25.66,15.54,0.245,2531.272190905815,0
747.1,10.27,58.7,0.295,2771.6764191383345,1
680.7,6.92,59.86,0.47,2507.4185687335407,0
3861.2,20.02,55.28,0.679,3370.2011413560144,1
119.8,17.22,67.65,0.747,2458.7062592721504,1
1694.9,34.81,57.32,0.823,1742.954796035793,0
693.8,28.23,85.54,0.518,2962.2855203088848,1
878.1,12.99,55.1,0.937,4148.582800692936,0
970.0,23.84,49.31,0.656,2437.7658174992966,1
2737.4,32.49,80.72,0.323,2775.791933577228,1
559.3,19.72,96.28,0.402,2182.4886222270443,1
4330.7,60.0,41.08,0.638,1922.9791678112329,1
511.0,8.41,82.81,0.488,2372.117422924258,1
1071.0,14.16,61.49,0.479,2670.5917975906086,0
967.6,9.36,91.59,0.483,2744.97927504329,1
1126.0,10.05,53.92,0.677,2809.3441839035827,0
674.2,18.33,52.21,0.488,2791.183236712216,0
3509.8,27.28,71.61,0.488,1980.9573712839988,0
564.3,4.6,37.15,0.846,2339.458700102496,0
4373.4,35.25,46.27,0.331,3455.197593518278,0
570.3,14.06,56.85,0.547,2684.950757857667,0
1508.9,27.82,77.25,0.341,2664.221737527044,0
1009.3,16.4,74.78,0.437,3031.313584850759,1
1446.3,29.37,70.86,0.565,2327.311490668511,0
419.8,23.6,56.42,0.518,3445.7669576407075,0
3297.8,30.57,33.01,0.238,2355.279024118259,0
454.5,33.08,38.74,0.95,4145.040521654156,1
1584.6,12.76,58.07,0.531,2790.2039246020986,1
569.1,18.81,88.16,0.462,4338.579078634539,1
972.5,25.26,60.84,0.428,6296.308981646856,1
1091.9,34.38,69.19,0.526,2822.7036479133126,0
1088.6,5.71,63.76,0.551,3266.2166640537107,0
2261.4,12.28,47.48,0.617,3664.205569028136,0
3970.3,30.11,78.94,0.5,3156.776885064887,1
163.0,35.04,35.84,0.708,2467.9648804441804,1
3266.0,28.1,51.22,0.717,3918.2228609842696,0
195.0,6.35,43.25,0.713,2890.540129080339,1
2011.1,43.44,5.0,0.553,2564.545433045957,1
314.7,26.07,43.39,0.643,3633.815303779261,0
1501.2,13.26,53.87,0.77,2736.317127743425,1
979.7,39.38,75.13,0.672,2774.061991279607,0
557.9,13.9,69.71,0.259,2780.6840456413097,1
504.5,8.67,24.12,0.421,3217.734208696369,0
2922.0,21.76,39.53,0.608,5463.600301255149,1
119.2,8.91,33.88,0.375,2269.220266193164,1
1574.0,21.06,64.45,0.407,2539.190385128914,0
1029.9,15.7,64.04,0.699,4087.524727120669,1
870.4,26.41,37.45,0.71,2294.1127733834574,1
2066.2,33.97,38.82,0.434,2702.167667502617,1
2028.9,53.71,39.42,0.351,2684.950757857667,1
203.1,20.13,52.27,0.804,2714.911445925095,0
4367.4,17.76,30.02,0.654,2490.237820320001,0
456.6,8.5,54.29,0.67,2289.982471626745,0
1634.4,27.77,54.93,0.322,2796.426968487442,1
178.9,41.6,37.62,0.709,2741.131609138128,1
1040.5,24.7,23.23,0.525,2792.11052268775,0
2149.2,28.99,49.47,0.536,4207.0051602187,0
2785.1,16.01,52.28,0.416,2705.0128162153737,1
129.6,21.1,56.1,0.462,2805.066081019097,0
2651.8,38.49,58.79,0.262,4024.888601048182,1
327.2,2.82,71.17,0.469,2163.027417457377,1
2276.2,30.13,61.98,0.337,2745.3481773949043,1
595.9,16.16,70.05,0.643,2425.1849395737363,1
1520.3,15.27,48.7,0.369,1767.2749631951735,1
346.8,39.51,70.26,0.425,3053.641879123681,1
1787.0,26.19,100.0,0.735,3078.3334580895907,1
856.8,9.59,40.28,0.506,3413.3348377583725,1
2612.7,36.57,52.83,0.774,2409.0109390800635,0
319.9,30.58,78.91,0.533,2507.8459916992965,1
1951.8,25.43,34.07,0.471,2684.950757857667,0
1686.5,6.96,76.61,0.456,2696.32253283386,1
1282.6,23.62,52.84,0.765,3032.966137165133,1
1923.6,24.12,60.74,0.39,2400.8433244398243,0
1187.4,22.62,33.0,0.682,2637.7208425240724,0
498.0,20.54,64.85,0.324,2542.035875654521,1
4350.7,27.39,54.21,0.268,3658.17893457216,1
462.3,9.32,54.91,0.485,3274.456548421989,0
1404.5,14.39,62.29,0.596,2571.0918937877723,1
690.1,29.48,21.18,0.792,2391.1934964233524,1
725.2,26.63,97.54,0.621,2464.319474615545,0
1278.6,21.33,49.07,0.756,3261.0511710551345,0
2712.0,10.61,35.99,0.552,2651.36907032239,0
116.5,3.64,80.24,0.95,5448.501554753809,0
4076.4,26.12,68.09,0.373,4208.521997528364,1
485.2,35.46,31.12,0.645,2253.718072943016,1
1429.8,21.04,18.06,0.35,2819.880629033861,1
255.8,40.4,59.34,0.323,2510.4815699283054,1
956.7,26.07,48.4,0.527,2161.592470142562,1
627.7,20.51,53.69,0.924,2580.1234462382454,1
846.4,23.3,57.88,0.444,3672.1502930667416,1
99.3,42.51,53.76,0.619,2694.337777067487,1
2669.8,9.91,80.53,0.481,2884.575267794991,0
330.2,14.46,69.62,0.483,1688.6166821742484,0
2225.4,53.38,77.64,0.418,3700.215730344502,1
170.4,31.38,35.57,0.637,2473.6535715147206,0
826.5,9.97,68.22,0.692,2895.530741699796,1
2302.5,25.49,28.51,0.333,3514.276198708357,0
4331.8,33.37,58.3,0.828,2669.479896502671,1
715.5,17.94,82.94,0.838,2702.3334404189586,1
3391.8,13.88,11.84,0.859,2654.6668831164297,1
383.8,6.64,47.3,0.288,2460.6832097975234,0
1018.0,12.71,63.54,0.476,2517.366613084137,1
358.0,16.88,59.63,0.885,2830.2409678722115,0
1075.5,38.56,92.62,0.903,2065.87540465042,0
786.3,10.88,70.29,0.938,4971.469439752415,0
2088.0,43.14,53.95,0.355,2684.950757857667,1
519.4,22.78,49.74,0.674,3379.3632492388474,1
2231.9,21.74,10.35,0.438,2374.8895172818698,0
411.1,13.3,52.8,0.562,3262.6780279764835,0
2272.7,9.21,53.71,0.708,3136.57376835342,0
868.9,30.4,35.56,0.523,2492.7947602712297,1
1236.6,60.0,59.66,0.715,2596.8790684194464,1
2163.7,26.36,37.76,0.54,3712.248242809388,0
4455.9,6.81,51.85,0.911,3521.8241068574084,1
764.4,22.93,61.73,0.49,2687.49680607394,1
4097.5,25.9,47.23,0.804,2235.415215797784,0
588.1,4.52,73.24,0.788,2794.207060097992,0
1956.4,23.8,58.0,0.387,3419.958654296571,0
673.7,31.25,37.19,0.595,2597.372660970195,1
966.5,15.83,59.33,0.651,4173.831401416355,0
1053.0,16.9,52.88,0.336,4112.6486954314,1
3264.2,23.88,80.88,0.586,4572.272997747252,1
595.1,29.37,77.42,0.641,4112.788956433937,1
3063.1,15.44,49.92,0.725,3356.7547542135767,1
116.9,10.52,86.24,0.886,2294.287766962116,0
1245.1,13.77,35.59,0.633,2933.9360414187827,0
1659.8,17.28,81.33,0.55,3568.808030922482,1
660.5,6.22,55.87,0.304,2618.2337220056334,0
2392.4,23.93,43.97,0.61,2249.4900377231133,1
2403.1,16.03,17.26,0.619,2782.7872461277766,0
131.1,7.18,42.93,0.482,5045.987248669036,1
4075.5,11.41,25.75,0.717,4209.866327457939,0
205.9,22.72,37.96,0.617,3832.98147514294,1
2259.6,13.33,82.01,0.388,2838.105214761359,1
1625.2,21.49,35.98,0.464,2050.7739150671005,1
1449.8,21.69,16.77,0.3,2976.5503954547203,1
1783.4,33.46,61.99,0.542,2137.7214613854967,1
2192.6,8.06,47.61,0.748,2339.034617558045,1
617.4,13.03,39.26,0.527,2607.0260410148035,0
2529.4,28.66,49.14,0.659,2520.2692130459964,0
662.4,16.31,60.17,0.399,2724.7914852817626,1
2401.7,8.74,59.41,0.599,3036.5169038197646,0
1702.4,18.34,60.32,0.48,6337.837780115475,1
300.9,14.07,71.15,0.572,2596.014337939376,1
2236.9,48.34,95.67,0.586,2615.022438448079,1
3267.8,22.08,68.45,0.432,2805.848245592964,0
138.2,32.69,38.47,0.712,2731.862945615824,0
3770.7,22.76,5.0,0.821,4861.93403876991,0
586.9,1.14,25.7,0.277,6166.257017827567,1
1669.8,34.16,58.67,0.672,2654.4912078114235,0
1880.9,17.11,55.38,0.95,4245.125497032834,1
371.6,13.73,32.43,0.567,2400.5675636565943,0
1522.2,19.61,75.02,0.845,5249.016383273051,1
3027.4,16.65,72.07,0.314,3628.707591036713,1
523.9,18.07,40.33,0.95,3065.9753277679006,0
1684.1,20.8,5.0,0.816,2541.011554608081,0
337.2,5.36,56.86,0.617,3110.991570259914,0
1889.3,20.72,46.62,0.615,2768.685502766932,0
1538.2,32.55,19.02,0.637,2020.7955053132064,1
1048.0,17.77,56.67,0.188,4221.29731559304,0
512.1,18.21,38.27,0.64,3036.5706610101734,0
802.9,12.59,69.58,0.519,3357.5166206206704,1
677.9,11.97,19.52,0.372,2354.56780181492,0
3538.0,33.53,30.18,0.326,5272.068399205026,1
432.3,2.45,54.3,0.502,2216.1253889491463,0
1573.8,15.43,74.55,0.683,2344.5036874278776,0
1373.7,13.99,48.31,0.744,2294.0547395590665,1
455.0,16.9,76.48,0.733,6086.81668180284,1
1606.3,9.76,40.28,0.742,2748.9513203866577,0
3655.4,27.34,28.54,0.362,3799.570994370863,1
686.9,9.4,71.47,0.507,3126.779918351328,1
2138.0,16.7,66.06,0.638,3671.4600319652673,0
543.4,19.79,59.21,0.532,4152.740613882736,0
841.3,7.79,24.38,0.423,2693.811779691567,0
860.2,17.66,33.58,0.332,1916.1198557694047,0
531.6,41.52,52.41,0.197,2684.950757857667,0
1889.3,13.89,18.59,0.55,2288.123153899451,1
1732.8,18.06,62.7,0.95,2763.567059105792,1
197.6,32.93,76.47,0.724,2660.823208260661,1
2751.7,14.0,56.21,0.704,2136.476732767297,0
442.3,22.54,42.18,0.744,2077.4462380063264,1
1986.7,6.93,80.58,0.489,2818.89820616418,1
776.7,4.29,54.83,0.696,2320.905023189263,0
692.8,11.3,72.05,0.548,2674.919014941999,0
1922.3,12.79,42.27,0.376,4973.221106110478,1
2246.4,22.7,75.1,0.461,2133.514535737976,0
227.1,36.96,75.36,0.668,2121.6151977208447,1
2017.0,12.09,35.46,0.629,2541.992301049991,0
509.4,26.27,71.4,0.302,2700.1271239840307,0
1855.2,22.17,60.14,0.761,2670.5095631951867,0
305.7,5.6,42.86,0.397,2829.5019255493035,1
1327.4,6.18,28.24,0.487,3071.81914822879,0
2489.7,40.32,34.04,0.355,3624.779639856916,0
3165.4,30.49,43.01,0.779,2753.322227792541,1
71.5,1.67,73.91,0.646,4898.102473347003,1
1511.8,17.27,59.96,0.559,2821.149362620066,1
245.2,49.45,60.67,0.611,2558.3446444228425,0
1973.9,8.26,57.96,0.502,2911.244407438201,0
480.7,22.87,50.68,0.376,4200.956227438564,1
680.4,30.74,43.66,0.804,2750.728882280981,0
934.6,23.1,57.61,0.741,2633.901189545338,0
1553.1,46.68,70.49,0.897,5697.78122451137,1
501.0,15.98,58.3,0.456,4206.676984915349,0
2702.3,11.79,48.39,0.675,2560.853448072091,1
138.3,4.96,38.9,0.256,2724.365410504662,1
1510.1,5.41,68.18,0.741,2764.8019019268936,0
1219.4,9.41,76.35,0.464,2759.6348318094056,1
352.4,3.2,54.39,0.681,3357.565571175828,0
1495.6,13.39,75.96,0.671,1883.322546420808,0
3591.6,12.85,69.82,0.726,2829.6469803443024,0
493.8,4.19,67.99,0.545,2621.183182868549,1
4073.5,35.53,70.96,0.398,2463.951180019583,1
564.5,35.35,54.77,0.673,2777.459923416908,0
825.5,5.28,51.75,0.696,2199.4238391032204,0
1589.8,19.13,83.38,0.886,3048.752219840442,0
342.6,24.4,76.49,0.766,2683.705924625792,0
1880.8,10.15,97.24,0.774,2196.480729737565,1
2467.4,38.86,76.23,0.301,2409.0761821912847,0
783.9,19.11,50.65,0.39,3158.136985967487,0
3889.8,8.77,71.78,0.683,4424.484968991303,1
779.4,15.79,63.12,0.639,2291.324005363037,0
1517.5,24.48,21.72,0.553,1974.108578736149,1
1643.7,7.04,58.36,0.597,2783.2669875178085,1
1207.7,25.43,30.55,0.547,2868.2361182026893,0
1519.9,14.55,65.19,0.631,5222.198011394811,1
1449.2,25.25,45.04,0.347,1833.957959283813,1
339.3,18.58,5.0,0.741,2936.0465250985835,1
2123.9,29.6,81.27,0.445,4830.142212843248,1
202.9,8.62,6.86,0.581,2684.950757857667,0
2099.1,43.02,53.98,0.628,2891.413683328496,1
1570.9,14.99,23.87,0.577,2968.6446081242843,0
946.1,31.07,73.02,0.4,3245.946657915794,0
255.5,3.36,13.79,0.196,4159.451682523991,0
1852.6,2.51,50.0,0.894,2616.710643706833,1
675.8,7.76,38.01,0.583,2843.180898070417,0
1917.1,20.28,78.32,0.434,3192.0409256745743,1
483.5,54.54,65.26,0.389,3218.293100483539,0
1458.9,34.96,57.51,0.627,1778.8534731870927,1
1111.2,3.09,84.95,0.849,2645.6748650898458,0
1458.2,9.42,35.42,0.75,3422.990424320996,0
1508.6,10.68,35.57,0.228,2544.242810051163,0
972.0,33.62,83.15,0.649,2483.4483160303785,1
786.7,7.18,79.07,0.862,3099.532136890158,0
3457.5,9.49,69.71,0.464,3286.729843126532,1
247.2,18.31,51.9,0.577,2457.152322405472,1
1827.4,18.57,96.68,0.647,2229.6207418247586,1
656.6,18.01,55.01,0.152,3397.013923876053,1
613.9,15.25,100.0,0.685,2373.0659617237047,0
2271.2,6.9,44.35,0.51,2799.0025574959404,1
3441.7,12.73,59.2,0.463,2566.668760768833,0
789.8,16.26,86.75,0.318,1729.210430143189,1
2550.5,23.46,25.56,0.537,2830.2935353660027,1
752.1,33.69,53.05,0.456,2786.66598968188,1
981.0,29.74,45.12,0.655,3892.944620154641,0
482.1,31.79,45.78,0.493,1703.572633445082,0
1095.9,20.96,55.01,0.525,5253.434593949796,1
770.4,37.92,60.76,0.534,3127.001503517776,0
3616.8,20.76,49.89,0.95,4197.691739104674,1
182.8,4.95,58.24,0.548,2828.7794947079096,0
1745.6,19.8,37.42,0.637,2436.9576033082026,0
563.4,16.91,80.78,0.501,3406.4113683848977,1
1715.8,25.7,71.44,0.591,2081.9497660056227,0
155.1,19.03,96.82,0.572,2603.5508604242978,1
1315.5,20.07,61.31,0.416,3869.640504117399,1
1979.3,15.88,14.29,0.56,2726.2451589278608,0
2783.7,16.55,73.17,0.769,2651.474391682749,0
609.9,6.67,60.45,0.571,2488.691642182489,1
2665.9,14.15,50.25,0.446,2449.022531860841,1
726.1,12.65,5.0,0.566,2399.5584794509577,0
955.8,24.0,67.8,0.642,2274.3431884041443,0
1142.3,22.1,56.02,0.358,3927.039866075629,1
953.4,18.1,45.85,0.648,2777.249985250849,0
1888.7,44.06,33.69,0.486,2474.971467495639,0
2195.8,27.76,29.39,0.492,2524.0042098747954,1
673.8,4.7,56.56,0.938,2059.3594082456675,1
2169.2,38.53,28.91,0.501,3730.2667405093066,1
621.6,5.73,44.57,0.741,3704.010145332241,0
1252.9,11.17,70.12,0.502,2054.8625708737027,0
1371.5,21.48,39.31,0.563,2663.724263049656,1
1300.1,31.96,96.95,0.472,2047.9019796487803,0
2113.4,33.51,77.23,0.695,2890.995120974117,1
3465.1,18.56,64.47,0.911,2197.5018149851776,0
336.8,5.39,71.48,0.69,2797.491265047581,0
3051.7,5.79,25.97,0.426,2684.950757857667,1
248.7,12.36,42.49,0.95,2576.2533189942883,1
2081.1,8.62,17.69,0.705,2214.744842921829,0
459.6,18.42,45.28,0.409,3296.576386713359,1
1669.5,27.44,50.05,0.757,2146.908842472692,0
2488.4,19.14,49.8,0.564,4020.2602399740817,1
3869.5,14.76,62.57,0.311,2586.660171615961,0
542.5,8.68,57.5,0.616,4218.556334596457,1
1597.5,33.87,42.08,0.458,3930.759720195514,0
335.2,28.05,51.19,0.492,2484.0187372366354,1
2132.1,25.14,75.23,0.943,2532.375133555559,1
670.3,22.24,64.42,0.555,4115.894879688571,1
876.0,7.86,70.49,0.425,2224.260255105508,1
1106.4,13.43,69.78,0.372,3321.112439256903,0
1830.1,22.52,39.42,0.547,2381.172943371879,0
675.1,8.03,41.78,0.44,3294.104290873649,1
3089.1,8.36,65.26,0.344,2245.542028345395,1
250.0,12.41,64.26,0.609,2614.94991106124,1
1450.0,33.29,90.38,0.722,2766.1796264611635,1
662.5,31.05,29.09,0.401,2684.950757857667,0
434.5,17.89,58.48,0.539,2305.421706585987,1
427.8,12.35,64.69,0.482,2369.072412765495,1
3428.9,19.94,49.16,0.683,3382.4441286348133,0
145.3,10.83,73.4,0.841,2388.6471199127286,1
2634.5,26.72,17.42,0.863,3869.518744760897,0
61.4,37.45,45.41,0.562,2548.65766531204,1
2010.5,13.51,30.83,0.696,2661.610180933504,0
775.5,28.48,44.91,0.738,2583.0649217711266,1
417.2,13.88,45.42,0.592,2684.950757857667,0
286.5,17.1,68.01,0.499,2514.0723160508464,1
532.2,24.91,78.26,0.376,4329.429986159181,1
246.6,48.95,30.15,0.539,3364.4817715541526,0
2464.4,14.05,38.32,0.415,4843.49776633207,1
145.4,20.85,52.58,0.438,2636.159698152256,0
1542.4,7.62,50.74,0.95,2698.873678686341,1
907.2,15.89,51.75,0.587,2304.8760759596994,0
1249.1,27.2,53.51,0.588,2874.5045316640594,0
2126.6,15.65,55.01,0.667,2289.762340952552,0
2257.1,24.31,66.87,0.551,2471.7300493706693,1
674.6,23.9,61.18,0.462,2861.2108602021417,1
3175.0,4.67,83.34,0.95,4956.611802598315,1
289.7,46.49,62.9,0.342,2460.1638980735024,1
994.3,10.92,30.82,0.318,2286.719041948348,1
1749.8,30.82,83.71,0.589,2528.336032225177,1
942.0,32.97,56.17,0.227,3447.081117038401,0
1112.8,30.21,74.79,0.366,2807.576090549768,0
4423.9,36.45,64.65,0.468,2468.170778622623,1
257.5,11.97,49.75,0.169,3543.9897571786264,0
1524.9,60.0,37.63,0.651,3427.0200307672308,0
148.0,16.81,19.93,0.265,2714.3107544397403,1
2017.4,23.77,38.23,0.637,1719.1034304764207,1
638.6,14.0,43.21,0.896,2898.520850352546,0
1337.0,16.8,67.01,0.519,2762.5489017672785,1
1724.3,42.4,92.21,0.61,2325.561506134237,1
794.6,14.9,89.09,0.555,2331.1036177018327,1
187.9,7.67,38.07,0.532,2495.3686363454617,0
3799.8,10.75,61.71,0.465,3442.710209013814,1
627.1,10.27,33.32,0.58,2230.939617148145,0
979.3,14.87,65.55,0.496,2770.82380425963,0
1304.5,29.59,28.77,0.338,2572.714586757113,0
684.4,44.11,66.1,0.707,2709.193881568072,0
1820.7,30.17,49.83,0.509,4059.169813624848,1
3157.5,18.04,33.08,0.414,3476.7433308875684,0
93.0,21.99,80.5,0.879,2313.0646434381147,1
2139.3,20.8,29.55,-0.053,2320.5349506253456,1
360.3,37.86,62.45,0.376,2845.24359619053,1
1457.6,10.79,54.72,0.755,2677.560275137379,0
1673.2,11.21,56.94,0.815,3820.3472324359095,1
548.9,18.26,37.25,0.472,2684.950757857667,0
1315.1,9.54,100.0,0.878,2652.2540320901303,0
861.9,24.9,86.66,0.511,2934.718927422764,1
30.4,30.68,45.21,0.501,4813.993395669225,0
1804.0,20.67,73.51,0.766,2411.777998572124,0
267.9,21.44,68.91,0.34,3079.1527815986624,1
2264.3,24.06,40.35,0.66,2145.07549038217,1
1318.9,55.33,44.91,0.558,3401.533319305125,1
1329.5,38.17,92.01,0.647,2449.747412808801,1
2028.0,22.75,5.0,0.687,2223.6560561384586,1
693.5,30.68,58.43,0.553,4193.834574098632,1
606.0,37.83,56.34,0.387,2784.647777771296,1
2051.6,14.89,65.13,0.767,2684.950757857667,1
760.1,16.64,72.56,0.743,3037.1991786008084,0
2275.6,22.56,92.26,0.599,4118.493887130138,0
1834.2,31.03,31.82,0.586,2818.861667148414,0
1148.6,10.77,81.6,0.487,2295.0116832698213,0
1109.2,14.22,39.03,0.516,2223.853941053714,0
3812.9,14.28,35.89,0.65,4215.316837896286,1
776.3,19.0,88.19,0.606,2645.18774548667,1
2802.5,25.13,38.24,0.686,3033.3209989782185,1
53.7,1.94,38.91,0.661,3214.3360770938352,0
1406.5,20.1,43.25,0.371,2684.950757857667,0
1564.7,25.81,68.92,0.696,1844.374695679523,1
561.5,43.05,42.2,0.599,4115.200629523307,1
1521.7,37.7,64.89,0.751,5253.977906749717,0
2576.7,20.81,61.59,0.136,3190.562618973953,1
437.3,8.78,43.24,0.401,2701.713410463403,0
2765.4,19.32,98.34,0.609,2216.527986305558,1
403.6,18.9,70.75,0.894,2838.634263992084,0
1015.2,18.87,25.35,0.385,2198.648696586084,0
1596.8,24.94,35.41,0.89,2559.613235011888,1
933.7,35.52,79.95,0.807,2684.950757857667,0
1720.1,8.99,39.78,0.539,2307.920882692384,0
1500.5,37.01,26.37,0.558,3457.769564704261,1
873.8,22.77,43.75,0.384,4088.993138400859,1
2448.5,14.81,37.4,0.502,3383.9491838977992,1
405.2,8.05,15.62,0.462,2647.7998209978,0
2269.4,38.21,48.23,0.632,1885.693531107116,1
1002.9,39.13,50.52,0.489,2540.12456592966,0
1212.0,17.33,30.78,0.345,1962.34719503572,0
2032.1,6.73,43.17,0.559,2622.0936121295827,0
3979.6,7.37,80.61,0.564,2898.0083906973814,1
350.8,14.39,37.83,0.607,2609.1042805700886,1
4403.1,12.32,31.09,0.796,2153.778497514888,1
385.7,40.05,74.21,0.814,1849.224327987108,1
1657.0,47.55,75.69,0.686,2354.7720860402305,1
1268.2,6.28,100.0,0.49,3418.1753741345747,1
1313.3,18.36,97.04,0.778,2734.544654666795,1
1958.2,31.42,65.83,0.56,2791.463295253769,1
3204.1,23.07,30.99,0.332,2304.5575320165785,0
91.3,5.41,49.61,0.677,2158.349422731455,0
3891.4,31.91,67.87,0.47,2704.082795697,1
440.2,24.01,41.7,0.793,2157.812747968857,0
2466.1,20.18,72.44,0.378,1835.9122424615368,0
988.3,20.63,26.3,0.691,4921.271792433089,0
598.8,11.63,35.54,0.667,2505.7693759335752,1
2200.9,6.47,42.99,0.482,2296.8074231099818,1
858.0,35.12,87.19,0.772,1884.0987789627009,1
409.8,15.5,43.8,0.484,2843.6319698122843,1
1984.3,5.08,51.15,0.493,2684.950757857667,0
209.9,38.14,71.51,0.504,3019.8483550878773,1
2270.0,11.71,52.09,0.584,2297.025025403012,0
546.4,24.47,39.98,0.588,2731.0033343769846,0
349.5,23.27,76.03,0.576,2767.606878141099,1
1417.9,21.79,39.83,0.404,2209.599528294107,0
965.6,25.8,34.38,0.696,2627.657370467987,0
735.7,26.66,44.16,0.61,2862.460546635301,1
4166.4,22.03,19.96,0.815,2221.632003733625,0
589.6,14.52,40.28,0.671,2992.2101618063048,1
944.9,22.09,49.41,0.323,2161.6792903661494,1
1011.2,29.05,30.1,0.662,3069.7624288505945,1
547.7,35.33,90.81,0.583,2715.5153463737497,1
2286.5,36.38,47.36,0.666,4378.021401014625,1
639.9,13.72,70.04,0.473,3352.883982200538,0
556.5,19.76,98.89,0.606,2774.5845473924355,0
3248.1,28.28,83.29,0.42,3406.8972144122554,0
596.4,10.05,68.37,0.405,2459.299494160137,1
806.5,33.18,37.79,0.68,2049.711405523413,0
1362.3,39.78,20.06,0.95,3087.420294129681,1
1091.4,29.53,27.78,0.809,2681.9519906291,1
543.2,34.9,27.74,0.291,3862.922203872805,1
1468.9,14.53,80.81,0.925,1726.826452844217,0
107.2,0.99,66.23,0.665,1715.624264086264,1
2499.7,17.56,70.52,0.579,2623.6215763424107,1
707.2,19.8,53.36,0.427,4202.053838470253,0
1398.7,11.74,21.19,0.95,4713.713329401404,0
300.2,25.68,76.03,0.242,2214.6087207412606,1
1677.5,41.85,56.28,0.576,2804.369506290147,1
2052.8,17.17,69.29,0.593,2533.28291163737,0
578.6,14.93,61.62,0.813,2471.85352073318,0
368.6,5.54,77.83,0.475,4894.116717560671,0
1952.2,26.59,51.55,0.813,1726.9479727442683,1
82.5,22.0,45.85,0.95,3895.647171621059,1
1896.7,4.97,57.22,0.894,2849.7290184773083,0
481.1,17.62,49.79,0.67,4388.22374119809,1
1027.7,22.69,93.7,0.448,2240.063604413014,0
1471.5,25.31,39.57,0.58,2007.878745917975,1
3187.2,23.56,72.59,0.551,6335.798805163476,0
27.6,60.0,83.67,0.612,2836.466448152835,0
4070.0,15.17,40.77,0.667,4807.284988730078,0
639.2,5.11,25.75,0.72,2656.77759295546,1
1396.5,12.17,51.78,0.509,6127.485963520338,1
1762.9,23.1,72.16,0.893,2183.728581507748,0
1538.5,26.29,82.92,0.487,2679.665772252545,0
2224.2,37.99,100.0,0.752,2911.194496176754,1
2960.9,39.38,65.96,0.547,2691.179955469457,1
460.6,20.19,85.77,0.577,2195.8919584073765,1
3311.4,36.43,49.51,0.571,4180.010134310886,0
575.3,9.32,59.7,0.491,2576.431750847151,0
1985.0,42.35,61.49,0.41,4557.810034933242,1
1802.0,27.91,43.03,0.512,2329.26502644123,0
1309.9,24.87,36.63,0.453,2625.244328837902,1
891.3,37.47,36.71,0.583,2789.308321735884,1
4718.8,10.53,79.75,0.677,3037.4397483314665,0
694.4,13.98,79.75,0.54,1752.6058144973124,1
1765.4,17.24,18.68,0.697,2801.690718407339,1
116.5,26.48,53.2,0.562,2807.107498725439,0
2468.8,28.29,48.76,0.257,6300.4847284405405,0
990.9,23.3,54.37,0.388,3754.0852112094008,1
631.9,28.19,47.13,0.645,3413.8656528782303,1
269.7,3.57,42.23,0.439,2294.092269078692,1
891.2,10.07,49.08,0.59,2201.347962436343,0
671.4,11.83,62.92,0.253,2767.2136674778512,1
2436.2,18.99,52.2,0.624,2618.431907594548,0
99.8,23.64,70.71,0.688,4847.0316572508245,1
1914.9,16.66,100.0,0.489,4540.594415895334,1
1620.8,9.8,49.31,0.436,4167.153588100427,0
1662.2,11.58,48.29,0.694,2988.1692519768635,1
2170.1,26.23,57.32,0.59,2894.466631436193,0
1595.3,14.79,60.86,0.219,4854.705260214022,1
318.0,7.73,49.28,0.585,2359.5942253152352,0
2862.6,10.94,76.77,0.574,2857.962847432311,0
90.4,20.14,100.0,0.543,2384.2150497191165,0
2268.9,27.37,44.59,0.62,2681.2953076624885,1
352.8,18.88,15.66,0.793,2430.8257141499003,0
644.3,23.5,72.89,0.652,2284.598162937593,0
2397.2,14.43,55.68,0.846,2432.326172214616,0
3570.9,16.88,83.99,0.668,3525.56718369475,1
41.6,15.76,97.39,0.647,1747.854153141922,0
3754.0,14.84,59.99,0.667,2666.62484495004,0
411.9,3.97,63.39,0.145,2778.6695067625487,0
2005.6,16.84,46.99,0.709,2644.575182861948,0
1585.1,17.09,49.02,0.737,2340.572855730908,1
1103.8,14.22,11.89,0.531,3589.379563581836,1
311.3,8.39,100.0,0.726,4185.80947654282,1
1915.6,18.57,64.51,0.655,4875.399671356043,0
238.3,12.89,52.92,0.442,4851.848043861631,1
2986.4,14.68,39.16,0.272,2323.538923830325,0
662.2,6.94,72.03,0.5,5251.607694591468,0
958.3,38.57,70.92,0.221,2684.950757857667,1
925.0,18.32,94.67,0.602,4848.138795222039,0
1623.5,25.2,100.0,0.466,2189.5616656837174,0
1893.8,18.63,54.87,0.535,2392.7531105353987,1
3391.4,3.73,57.33,0.499,4866.112384122976,1
98.4,11.8,45.91,0.237,4374.548547968167,0
1775.2,17.15,65.45,0.786,4159.144060155761,1
274.3,12.61,39.37,0.846,2648.540314019,0
1389.4,30.88,90.52,0.465,2701.8003105946045,1
634.3,30.69,25.46,0.432,3803.2822726204367,0
1297.4,23.85,72.59,0.375,2962.07201319902,1
1885.0,35.08,52.59,0.686,2825.234744583487,0
4493.8,25.63,55.49,0.432,3293.874083333427,1
22.2,11.57,64.32,0.559,2734.099413351,1
1810.5,21.35,29.55,0.636,2874.2557244151835,1
488.8,44.85,50.06,0.772,2414.943881856911,0
1615.6,24.34,52.38,0.513,2792.267139267579,1
1029.3,16.97,26.92,0.534,2098.2471535770483,0
1434.7,13.69,15.64,0.712,5494.525073052129,0
1724.0,11.7,55.78,0.685,1827.4855830206257,0
3321.6,18.16,55.33,0.677,2555.2109455845325,1
579.2,30.25,43.06,0.563,2692.580689937472,1
2344.8,23.36,64.1,0.424,2457.9545614077447,1
717.9,41.77,72.95,0.738,2684.950757857667,1
1854.8,19.97,49.61,0.749,2912.7066940035106,1
1183.9,33.99,47.05,0.522,2618.052951591106,1
1578.1,29.47,75.84,0.704,4159.991082367371,1
711.8,34.78,30.37,0.258,2017.7188388259683,1
3553.1,41.45,47.84,0.871,2320.3203687265573,0
423.9,7.74,67.58,0.542,4156.391305335397,0
1749.2,18.85,30.78,0.512,2281.773700927974,1
66.2,16.12,63.9,0.405,2679.4046708618644,0
1327.6,31.08,19.3,0.341,2643.5375466541973,0
1783.5,8.87,40.68,0.95,2457.9386761582555,0
407.3,30.06,60.76,0.95,4977.260525234257,1
2276.3,14.44,67.67,0.742,2429.500122413589,0
4087.7,8.42,69.75,0.675,4028.791502270214,0
701.9,14.24,59.84,0.74,2721.171945983325,0
4308.1,34.96,66.81,0.454,3792.294487848392,1
220.2,33.52,54.54,0.559,3924.3732109891967,0
2220.3,6.32,15.24,0.816,2533.850866905074,1
476.0,17.29,19.35,0.555,4821.416186626554,0
505.0,22.14,66.78,0.467,2739.2556670997183,0
1048.4,11.37,76.65,0.345,2399.0075936203893,0
2458.8,13.01,18.85,0.512,2934.475796774296,0
543.4,18.26,56.65,0.489,3890.13971221517,1
2002.0,32.9,14.88,0.73,2909.545134305363,0
436.9,6.11,52.09,0.641,2265.8794719966686,0
793.9,12.56,42.71,0.394,1762.3778679679476,0
1382.1,36.21,68.09,0.561,4077.1859856978367,0
1572.6,6.66,86.95,0.484,3285.6406524502027,0
490.0,27.73,75.55,0.856,4375.775601013591,1
3358.1,37.72,64.02,0.51,2479.0972462053646,1
651.7,5.4,43.2,0.6,2578.4045459549,0
2470.3,10.4,30.2,0.504,3105.59463023998,0
231.6,26.57,21.38,0.873,2663.771833635011,1
1964.7,12.33,64.47,0.708,2415.8928796627247,0
562.1,19.49,66.67,0.626,4194.057483564045,1
686.8,17.72,12.87,0.558,2789.849342594454,1
1987.9,14.1,25.84,0.481,2755.3667196442884,1
1959.4,41.75,49.14,0.481,3597.8539050516165,1
725.7,10.74,32.55,0.764,2963.5504324959643,0
2891.0,2.53,80.69,0.84,2630.437498472439,0
639.2,16.58,40.59,0.207,2549.172136245883,0
1934.5,17.8,47.46,0.787,2586.7007772688603,1
669.7,50.21,60.67,0.302,2615.73801860745,1
478.9,13.34,57.28,0.699,2524.0456347405034,0
1858.5,17.99,58.11,0.642,2140.034168454927,0
606.7,42.39,84.82,0.637,2870.539759918917,0
372.0,3.8,42.92,0.389,2774.932006635476,0
4028.5,16.64,34.12,0.638,2295.627873470059,1
488.1,20.4,55.29,0.402,3510.429653819804,1
2478.9,18.02,54.68,0.732,4008.298811447377,1
516.5,10.52,54.84,0.647,2021.3300792473613,0
653.2,15.34,84.04,0.511,2500.1798904079587,1
525.1,18.95,63.0,0.526,2306.576214058984,0
2860.4,9.31,73.61,0.583,3151.70418028567,1
843.2,7.92,76.76,0.468,2734.703593393487,1
3213.3,16.11,92.18,0.662,4368.110315509447,1
331.5,8.64,23.99,0.597,2326.838394629025,1
2435.6,27.17,32.93,0.483,2404.268730704572,1
1240.8,9.02,21.26,0.435,2963.902206579398,1
836.3,33.08,79.21,0.548,2784.921842388977,1
2314.5,31.38,12.35,0.393,2344.1382690376454,0
4752.7,19.99,38.41,0.535,3933.418718422935,1
213.1,5.27,60.14,0.514,3150.409976301903,0
4181.0,40.69,17.2,0.41,2273.507959124998,1
110.4,22.21,100.0,0.863,2739.814289604872,0
1900.5,32.1,39.32,0.692,2337.050681611224,0
201.8,25.32,66.59,0.545,2823.1899484685064,1
1469.9,7.3,25.7,0.765,2360.6848646608587,0
1880.9,18.41,90.88,0.628,4340.592805163564,1
845.8,12.39,37.12,0.638,2356.360020232128,0
234.6,6.99,77.07,0.42,2464.78460799266,1
3102.4,17.42,72.49,0.723,2152.807540465742,0
737.0,5.66,100.0,0.338,2108.563615875604,0
713.0,24.96,49.57,0.662,6174.63518155848,1
156.9,9.95,5.0,0.35,3757.2072883330216,0
1139.7,9.84,58.99,0.754,2306.1347260907146,0
1478.5,13.71,58.79,0.734,2570.56312594049,0
2625.1,24.98,49.07,0.735,3325.558959767169,1
643.0,26.13,37.85,0.535,2243.737497741576,0
3872.8,17.18,78.51,0.3,2905.4997466205004,1
183.5,16.64,72.95,0.364,2679.71846399496,0
2492.5,50.64,50.36,0.643,2374.287190885646,1
951.9,13.31,51.01,0.901,2624.253067357274,0
1380.6,2.07,62.16,0.445,2468.04168705389,1
2113.8,23.95,56.7,0.626,3770.031308917041,1
2564.3,6.9,62.98,0.21,3137.103030905825,0
439.0,15.86,43.37,0.481,2115.6982244428955,1
2018.7,23.15,50.65,0.827,2714.6188555087083,0
486.1,19.32,47.44,0.599,2347.1410436616698,0
2353.8,20.22,28.52,0.595,2356.5990042918097,0
515.7,13.42,48.3,0.661,2802.713855922647,0
1394.6,20.21,33.8,0.692,2447.225689131784,1
1644.6,35.37,55.36,0.733,2290.4598839145465,1
2385.6,13.96,5.95,0.662,2369.1394609656154,0
212.8,60.0,65.33,0.836,2473.9487749503487,1
4328.6,58.69,31.15,0.526,3270.015508058866,0
434.6,18.62,55.28,0.533,2362.963363982248,1
1483.6,42.15,46.71,0.604,2533.471211826362,0
307.6,2.31,44.68,0.92,2522.3253571642576,0
427.8,13.08,64.62,0.501,2831.262854311089,1
595.8,29.46,77.21,0.585,2240.41775703179,0
1877.2,30.7,24.93,0.407,3326.2908940396987,1
828.3,14.6,94.84,0.581,2684.950757857667,1
2099.7,19.97,65.6,0.645,4133.574195408436,0
305.5,6.61,49.65,0.406,4764.12985007257,0
2339.5,27.05,52.65,0.875,2392.960691846506,0
1714.6,23.65,53.43,0.826,2398.494040440708,1
718.1,13.94,38.91,0.503,4294.893950640192,1
928.5,24.53,95.96,0.64,2595.669661307828,1
3283.5,36.0,58.3,0.424,2204.588155259489,0
582.1,13.83,68.51,0.691,2544.212769504441,0
1697.4,27.55,40.72,0.748,2396.9264763019305,1
268.1,22.87,48.05,0.839,2660.116498631153,0
1520.7,32.78,35.79,0.758,2543.430706946307,0
1396.4,55.59,83.32,0.712,2134.3306304914813,1
1002.1,35.8,55.18,0.484,2833.3465472069115,0
1470.0,11.8,59.73,0.787,2694.3270945739096,1
2759.2,18.56,61.27,0.412,3455.5470758050924,0
690.3,6.22,46.75,0.497,4701.765498854405,0
1605.7,29.89,100.0,0.838,2558.99750943178,0
362.0,4.08,40.76,0.717,2147.9538396107187,1
2043.0,17.49,60.79,0.579,4463.247286116496,0
1530.7,26.65,73.04,0.819,2241.819616064048,1
904.3,30.9,52.78,0.672,2636.178648688136,0
2436.7,13.64,54.94,0.823,2741.543043370144,0
841.3,25.12,41.4,0.405,2978.82768504496,1
558.4,24.34,57.22,0.624,2428.912181569713,1
3737.8,19.93,92.38,0.366,2937.665817771005,0
143.0,4.22,34.42,0.618,2634.696583027727,1
827.1,23.03,59.49,0.673,2735.0065866714417,1
901.3,16.58,43.77,0.692,2172.60208979508,1
1334.0,21.56,88.89,0.842,2306.248296141989,0
1654.6,43.92,74.48,0.144,3671.396187141952,0
2764.3,44.15,50.85,0.655,2062.337622104284,1
776.6,47.5,45.24,0.273,5682.817022329667,1
3356.0,26.67,76.45,0.728,2499.6479909809564,1
232.1,34.83,82.76,0.521,2753.8597171867004,0
1450.9,14.03,61.26,0.521,3246.7443195195933,1
243.3,27.25,59.13,0.387,2725.0072547853624,0
1108.6,22.38,25.8,0.623,2485.166610778905,0
815.2,26.13,62.3,0.442,5267.228160020422,0
3790.9,36.12,27.02,0.673,3271.132860741013,0
294.0,11.23,7.8,0.681,2684.950757857667,1
2768.1,13.71,43.34,0.783,2549.209069201077,1
313.3,45.43,55.7,0.129,2813.270207424858,1
2437.2,13.71,76.27,0.268,2648.206854291731,0
271.2,16.88,18.33,0.45,2343.005132779946,0
823.7,24.74,66.71,0.582,2690.004834568618,1
1448.7,22.13,62.54,0.77,2288.5899364504803,0
826.5,13.48,36.56,0.91,2708.001955322951,0
686.1,7.85,49.96,0.334,2718.23576339772,0
3531.0,7.94,42.38,0.46,2539.671742875665,1
544.9,11.34,33.34,0.586,2686.0033430674885,0
1913.8,19.04,39.33,0.516,2194.6557696055656,0
749.8,18.01,58.68,0.646,4137.8277403773045,1
1456.5,9.21,96.53,0.352,2625.959262180452,1
1811.7,16.62,68.52,0.488,2268.0921969186074,0
4607.9,27.18,58.14,0.766,5682.135814227432,0
892.5,9.99,65.04,0.723,3860.523630420073,0
4361.3,19.97,76.0,0.893,2602.2976642791577,0
151.9,43.63,39.78,0.232,2278.8012639270696,0
1265.0,27.07,41.64,0.432,2986.0084909342536,1
604.2,20.49,61.57,0.397,3937.486751390264,1
1680.5,14.08,69.63,0.323,2489.894905738201,1
1197.9,3.62,38.56,0.561,4884.681138627868,1
3152.0,45.48,61.55,0.766,2359.6693027735096,1
388.0,13.58,66.08,0.385,2196.99711868891,0
2108.8,44.49,62.36,0.432,2335.0090105715985,1
108.2,9.21,66.55,0.563,3042.1120310757647,1
711.7,24.36,38.41,0.904,2497.56606852683,0
1084.4,14.47,35.22,0.585,3893.9059032154937,0
577.7,6.65,66.17,0.847,3313.3467778085032,0
2086.5,31.98,35.02,0.771,3757.387105070285,0
1733.3,20.71,60.28,0.515,2684.950757857667,0
876.2,44.7,44.5,0.796,2304.3472466871817,0
4158.0,18.54,41.46,0.664,2178.184494167859,0
472.6,15.55,60.51,0.519,2296.024269757266,1
1944.0,29.52,43.21,0.335,2265.2097598927858,0
1048.0,17.08,53.71,0.736,2514.529206252188,1
697.9,15.5,84.84,0.732,2530.325606902559,1
1320.6,47.49,79.64,0.509,2876.0776981777585,0
2830.5,18.09,44.88,0.284,2197.440718318541,0
87.5,14.8,68.91,0.368,2477.481325850255,0
3393.5,8.02,45.05,0.586,2414.768232972096,0
255.6,20.99,38.93,0.45,2477.9910745321204,1
1396.3,10.66,47.13,0.468,2751.44746630729,0
1419.6,60.0,76.3,0.587,2519.680194940381,1
783.5,16.38,63.17,0.383,2176.7914705286703,0
956.1,14.25,67.31,0.497,3676.279818011455,0
3205.4,5.31,67.23,0.379,4364.470932727299,1
842.1,10.07,24.24,0.545,2702.820678556963,0
4064.1,15.02,52.42,0.729,1722.6623368587875,1
282.3,14.43,74.67,0.249,2748.637715812085,1
2430.7,9.62,71.11,0.609,1779.259719940888,1
1785.5,33.62,64.03,0.541,3900.597401248536,1
808.1,33.2,57.5,0.612,2338.0978196682777,0
700.0,42.39,50.38,0.608,2562.155425668715,1
766.2,32.86,77.67,0.337,2377.9860580813047,0
402.6,6.24,65.36,0.39,2213.143965130012,1
2701.0,16.07,42.43,0.67,2185.0181388582955,0
381.0,31.52,91.84,0.9,2357.1113848242817,1
1611.8,18.1,29.15,0.631,2532.569683822229,0
566.6,12.17,40.24,0.298,4120.779911684647,0
1456.1,2.99,57.66,0.888,1672.3795187389394,1
2338.2,60.0,33.24,0.781,2693.592219594369,1
2572.8,15.61,47.24,0.648,3666.932869676441,1
799.3,32.42,41.66,0.709,3560.0407447308407,0
2176.3,27.33,84.82,0.747,2634.548863162796,1
184.8,22.5,58.96,0.667,2818.294174651944,1
998.8,17.21,40.33,0.927,1994.596752403006,1
347.5,10.37,60.95,0.742,4226.945200524514,0
342.2,13.35,24.32,0.852,2615.052235814065,0
877.9,39.69,77.7,0.606,2435.90146278835,1
3036.0,31.15,33.0,0.374,4146.737962821573,0
355.0,20.88,71.16,0.455,2580.708877385356,0
2469.3,17.68,53.61,0.383,2308.0559984151296,0
60.5,5.0,58.58,0.668,2829.1461384723,1
1829.2,26.09,62.78,0.349,2518.810392562743,0
732.6,30.68,45.47,0.532,2921.3806329618747,1
516.5,19.09,46.5,0.67,2617.611846858548,1
1147.5,29.07,54.29,0.537,2725.0222387601907,1
2722.2,27.79,57.42,0.95,2220.368600695628,0
641.9,17.19,40.51,0.56,2383.5084266612,1
2421.5,28.31,33.27,0.726,1752.826325544637,0
244.8,2.64,81.62,0.212,2321.830433284026,1
2420.4,24.87,57.72,0.644,2742.867217666499,1
1096.0,14.18,53.93,0.947,2841.198067091388,0
606.9,10.65,77.8,0.618,4183.282920806386,0
1859.5,33.26,26.99,0.831,2248.928505353618,0
2137.5,27.67,61.04,0.445,2861.927225749785,0
594.1,11.41,84.96,0.713,3282.7246421221403,1
4141.0,10.02,84.43,0.551,2374.8173023226173,0
717.0,10.77,75.18,0.604,2744.982693249546,0
1861.0,48.57,67.9,0.785,2936.510886433227,1
1418.7,15.39,41.13,0.534,1991.5620635353189,0
412.0,27.53,58.71,0.844,2606.3518781505345,0
356.6,7.66,83.84,0.369,2438.8320777281056,1
4285.3,17.8,61.9,0.574,2734.986534220732,1
353.7,6.85,79.11,0.41,3287.3326546384187,1
3041.2,12.51,59.36,0.117,2304.1172522867696,0
608.8,38.2,24.87,0.436,4234.434524511866,1
1078.3,39.27,47.6,0.27,2851.5164594685243,1
204.3,33.9,47.43,0.668,2776.594215900428,0
933.0,9.52,75.64,0.482,2490.571888238804,0
308.3,3.74,58.84,0.421,3094.4940653761323,1
3918.7,16.09,91.84,0.818,4868.581471122431,1
385.0,8.3,100.0,0.648,2472.051842709618,1
2820.4,8.49,31.72,0.95,3163.978892759673,0
102.3,22.19,34.41,0.525,2412.9622015034483,0
708.5,24.26,73.02,0.51,4405.858468172864,1
1027.5,20.9,53.85,0.525,2170.9203787821943,0
756.6,18.98,76.03,0.621,2577.153731977777,1
2184.1,28.32,84.19,0.95,1762.0268139764387,1
1632.5,10.4,83.55,0.865,4179.645138677046,1
833.7,46.01,86.93,0.661,2200.3636960564704,1
2851.8,38.03,40.09,0.753,3388.332741371789,1
607.1,5.8,16.38,0.295,4101.747916761417,0
1132.9,9.03,37.42,0.445,2512.182972259196,1
1366.5,11.89,22.53,0.581,2505.0073513567427,1
663.9,15.49,50.55,0.562,2427.8441841803906,0
353.5,58.89,49.58,0.826,4073.1869931701335,0
2866.8,9.83,16.97,0.737,3180.857132810524,0
66.6,18.93,74.94,0.57,2684.950757857667,0
2307.4,31.26,96.99,0.586,2635.7708788921186,1
384.5,6.49,30.39,0.578,2299.0977918478816,0
1800.3,22.81,39.09,0.847,3624.221144338657,0
1509.0,15.41,35.11,0.45,3822.993249103527,1
396.4,24.14,70.11,0.542,2778.0910521780525,1
898.0,39.13,89.09,0.909,2706.240484508456,0
4869.7,10.21,46.87,0.395,2223.439428303684,1
678.7,6.14,74.51,0.738,2513.817438835899,0
3581.1,30.7,46.52,0.72,3227.488252155539,0
479.6,22.41,54.05,0.682,4420.018456445315,0
901.8,29.08,43.86,0.553,2223.1382078969887,1
315.1,27.91,65.41,0.858,2645.7950001618656,1
906.1,56.21,67.96,0.481,2790.4814820857,1
347.8,29.1,35.93,0.95,2294.6443718313253,1
831.9,11.6,64.54,0.382,2408.680581051048,0
549.5,3.17,45.81,0.784,2025.4322521118752,0
3425.6,27.1,67.17,0.639,3679.497289982346,1
184.0,31.36,47.08,0.055,3358.610813010728,1
1878.9,11.53,91.74,0.862,5480.107723164007,0
1008.7,15.65,60.49,0.53,2920.3044098023342,0
684.6,10.31,54.71,0.418,2656.6842254480507,1
1105.3,25.21,53.39,0.573,1756.1482463700152,0
3899.3,18.96,15.07,0.651,3011.640905081861,1
138.9,17.8,42.29,0.504,2627.2904950513243,1
2728.6,23.87,55.98,0.569,2684.950757857667,0
128.7,30.18,74.08,0.42,2428.2658494828315,0
2184.8,32.37,40.02,0.487,2297.918584976834,1
1180.3,11.43,68.94,0.7,5752.867476342807,0
1707.2,26.03,70.39,0.865,2261.4203109767577,0
653.0,20.9,44.03,0.557,2353.017376042068,0
2715.9,36.65,82.57,0.348,2688.1475128960174,0
625.4,52.99,53.34,0.431,2684.950757857667,1
2812.9,19.62,59.71,0.722,2395.971331030268,0
249.6,36.04,50.08,0.823,2747.45882434387,1
1026.4,13.46,73.39,0.361,2684.950757857667,0
1608.9,52.56,64.76,0.825,2193.671617148323,1
555.4,23.55,26.72,0.502,2441.230094510926,0
2383.9,41.42,38.04,0.617,3134.6760496621127,0
1503.0,8.21,71.84,0.803,2196.732711437236,0
501.9,2.12,35.54,0.78,2941.771255201596,1
2966.7,13.64,67.69,0.691,2757.3523239537903,0
705.2,6.71,35.99,0.455,2791.337704872158,0
1899.0,27.56,32.56,0.619,2767.1235052400607,1
1015.8,14.72,32.25,0.364,5684.049461292497,0
1054.5,14.6,45.46,0.598,2650.365862251892,1
632.0,24.05,66.57,0.451,2804.805992532213,1
1595.1,17.87,34.42,0.369,3141.4270793446185,0
218.1,4.03,50.96,0.521,2810.716745310552,0
4142.6,20.12,73.63,0.56,2684.950757857667,1
51.8,4.03,28.95,0.687,6282.956053971922,0
2400.9,11.01,39.12,0.746,5105.303044448795,1
900.4,39.29,30.83,0.471,4403.278452821517,1
1675.7,26.4,74.71,0.344,2771.999099476272,1
2470.1,12.44,42.76,0.376,4828.04293167871,0
4464.2,30.03,61.27,0.492,2812.8829810991406,1
469.5,9.71,34.48,0.686,3455.278819782026,1
2197.1,39.42,49.69,0.188,2223.321612374818,1
703.9,9.73,42.85,0.334,3733.841311237557,0
912.9,23.97,59.42,0.755,2728.467523392088,1
1743.0,36.93,63.66,0.788,2776.7033485083352,1
1798.6,20.69,32.26,0.632,3004.230772318981,1
567.4,6.02,82.99,0.336,2342.4350741029853,0
1933.2,10.43,52.96,0.684,2733.292691595017,1
624.4,8.38,87.07,0.546,2491.293856342885,0
2394.6,26.01,34.66,0.543,2379.6487028477923,0
757.9,15.52,63.03,0.698,2368.494360558856,1
2305.2,44.33,68.28,0.812,2325.548707973099,0
577.1,28.24,28.17,0.578,2439.4711673506813,0
386.3,60.0,85.68,0.512,4074.901454981125,1
633.7,19.21,28.85,0.757,3247.073912299308,0
1853.0,2.35,43.9,0.603,2782.71875215114,0
42.9,30.29,18.09,0.649,3112.851299009782,0
2741.9,16.17,81.19,0.631,2246.346324264906,0
193.6,25.85,72.19,0.815,2544.4282966682467,0
961.5,24.01,66.03,0.937,4968.644327578938,0
396.9,36.75,72.07,0.756,3355.2788456018225,0
1131.5,15.08,51.75,0.75,2438.298916698734,0
2374.3,30.36,46.71,0.575,2662.095588018244,0
3019.6,23.17,63.06,0.468,3545.484261877464,1
715.5,28.24,63.91,0.531,2684.950757857667,0
4375.4,14.86,85.49,0.95,2786.525040414614,1
84.7,22.29,56.11,0.589,1658.7928266776123,1
1975.7,6.31,63.65,0.67,4948.624838615538,0
380.5,22.24,54.81,0.413,2684.950757857667,1
1159.0,11.87,26.8,0.26,2342.3665031425576,1
1187.5,28.87,53.53,0.588,2285.748365871021,1
3136.5,18.49,43.13,0.579,2772.649103309228,1
172.8,60.0,65.42,0.502,2854.146171431389,1
2892.6,11.44,66.9,0.557,5069.833510183112,0
658.5,36.13,59.41,0.626,4849.497450363897,1
1537.9,16.61,28.34,0.95,2387.527623190404,0
1435.6,21.3,37.01,0.368,2258.0874935910974,0
565.7,17.32,42.44,0.394,2620.233428272163,1
632.7,14.94,57.73,0.588,4837.542980460082,0
3561.2,9.61,45.35,0.306,2286.423958026856,0
441.4,14.29,48.34,0.215,1924.4947260522367,1
2838.2,12.58,76.63,0.69,3081.21266961136,0
127.4,10.65,69.21,0.691,1985.8556440578973,0
1588.1,12.65,5.72,0.769,2358.6835552808984,0
233.7,20.06,76.91,0.891,2073.372106450552,0
1379.2,27.78,34.58,0.754,4436.526519342307,1
2016.6,19.71,50.64,0.867,6314.880289172323,1
4804.6,38.13,55.69,0.739,2655.8872519928204,1
769.9,23.8,52.3,0.76,2346.1280626445337,0
3798.9,12.15,61.32,0.436,1914.22394710152,0
430.6,6.26,70.36,0.95,2428.492696019317,0
889.6,6.16,15.27,0.636,2943.4140292289894,1
1703.1,12.4,78.17,0.404,2473.2776573990404,1
1081.4,21.28,45.52,0.599,2810.338336237376,1
831.2,7.87,43.74,0.542,4450.253863146679,0
2772.3,44.91,65.3,0.773,5682.600847973817,1
705.2,29.77,31.81,0.777,2575.597227528557,0
4431.8,22.34,48.48,0.62,2281.60297375746,0
391.3,11.02,80.3,0.765,2724.34208065434,1
1489.0,34.24,49.59,0.628,3321.2164157627453,0
1344.1,8.49,65.41,0.461,4166.717633993798,0
1229.8,19.48,65.77,0.76,2213.8812948846967,0
1683.3,14.17,67.59,0.728,4987.409113973532,0
4845.8,25.4,100.0,0.524,2326.351856237508,1
197.1,11.32,39.22,0.306,4454.186798235488,0
2740.9,21.37,63.11,0.631,2409.019071739739,0
253.3,22.03,45.92,0.523,2336.4381756399,1
1228.2,24.96,79.36,0.698,2474.3256197670544,0
811.6,10.74,46.4,0.572,2423.4142659111785,0
1254.3,29.41,80.06,0.453,5302.50244894125,1
702.2,24.15,66.6,0.355,2424.3627938752165,0
3693.3,9.54,88.01,0.652,2899.747850588199,0
186.9,9.14,60.21,0.95,2019.617749968952,0
2106.4,10.95,74.9,0.402,2006.5770359603164,1
68.6,11.23,80.0,0.738,3480.223899812539,1
2365.8,26.17,53.94,0.129,2828.9654920409766,1
1630.0,14.15,29.58,0.491,2345.168368796417,0
545.9,7.45,80.04,0.326,2385.526481300441,0
2343.5,26.29,54.1,0.353,2684.950757857667,1
950.2,14.52,49.73,0.767,2158.0654505022303,1
468.5,11.49,27.43,0.682,2751.1742838472046,0
3234.0,43.63,18.73,0.671,3039.4043958003226,1
660.1,22.09,59.51,0.449,2801.743981581721,0
849.4,57.33,75.84,0.74,2548.7831930904435,0
1730.5,3.93,10.93,0.344,3038.0479492524787,1
1254.4,31.46,46.58,0.418,2379.6507751329013,1
549.3,34.43,100.0,0.723,2356.888499045942,1
811.7,13.12,61.5,0.663,3632.7258955564334,0
236.9,11.23,40.67,0.724,5219.6695542841,1
2396.1,15.16,68.98,0.521,2684.950757857667,0
199.6,5.38,38.35,0.632,3091.23245125986,1
1526.9,23.84,57.0,0.642,2071.817068411141,1
627.1,19.92,53.52,0.858,2363.9870306090465,1
1527.7,13.58,74.71,0.391,2543.0092927105243,1
500.0,15.19,67.71,0.95,2354.23052969777,0
2353.1,35.51,63.57,0.438,2391.325690017821,1
785.2,20.49,50.77,0.407,1929.881980720205,1
4239.3,10.99,20.46,0.466,3614.1188214071017,0
469.2,7.72,39.45,0.587,2626.745676121753,0
2204.8,32.05,70.7,0.479,3372.7687961448305,0
1549.8,31.06,38.02,0.445,3303.018770606517,1
1218.6,31.51,77.19,0.598,2817.0813812998654,1
2400.0,28.42,33.1,0.63,2379.860692394508,1
4807.0,21.85,46.67,0.591,2184.9061236023786,0
574.1,0.93,40.54,0.411,2881.767106250137,0
3099.8,26.13,34.55,0.428,2635.349432709024,1
539.6,22.54,38.02,0.777,2723.530300062964,1
2072.0,14.58,53.19,0.632,4197.032972750482,0
896.1,21.58,42.68,0.872,2945.602204264784,1
792.7,8.52,35.03,0.439,2477.210639078231,1
878.2,32.41,43.31,0.446,2526.876769947822,1
4942.9,20.49,74.24,0.531,3216.8393045344264,1
518.1,19.15,66.47,0.397,2247.5183119572253,0
3133.3,23.5,56.61,0.48,2350.4359624034696,1
643.9,35.95,96.77,0.852,2706.432660030733,0
1786.8,16.62,26.77,0.708,3074.214752796829,0
1155.2,18.45,58.63,0.639,3159.5959511125297,1
551.7,16.6,50.31,0.472,2589.981902292124,0
2362.4,17.56,20.99,0.802,3363.568530972714,0
4974.6,20.63,62.02,0.545,3005.5838593854755,0
243.8,21.77,34.76,0.265,2578.9306194054016,1
2474.1,21.28,58.56,0.795,2645.4943360252128,0
171.6,10.07,60.12,0.568,2717.9805721788066,1
2259.9,23.21,67.94,0.95,2795.8471060781235,0
815.6,7.44,24.13,0.527,2632.9605010701725,1
1333.0,10.55,54.64,0.706,2343.455257611927,0
2414.9,12.32,100.0,0.331,2213.293884815414,0
1291.7,60.0,55.62,0.631,3126.5960260493266,1
763.8,10.33,90.2,0.73,4323.536158513412,1
3949.6,19.09,79.95,0.532,2625.549280617063,1
714.7,3.1,56.57,0.468,2839.93783128817,1
1014.0,34.98,44.53,0.75,2525.787695966186,1
1821.9,30.49,52.33,0.525,2369.3798357761816,1
905.2,11.16,27.45,0.432,6344.593861630234,1
299.4,3.1,94.2,0.582,4122.26581143845,0
4346.1,10.37,38.64,0.524,2288.314692858912,0
413.2,19.37,60.31,0.714,2685.3993991920697,1
3321.9,22.98,89.51,0.95,2938.025916866852,1
118.7,36.93,44.94,0.422,2396.081215084624,1
717.8,10.2,43.12,0.625,6104.426273424632,1
173.1,13.58,63.04,0.492,2181.7721774061274,0
1098.8,12.79,67.87,0.274,2775.182411260406,0
524.1,10.4,93.18,0.95,4294.7448672971095,1
4058.5,39.52,64.24,0.326,1732.630278793751,1
869.9,18.6,60.83,0.467,2896.374569438198,1
3253.6,30.3,70.22,0.505,3085.622908666843,1
371.4,17.68,66.12,0.497,2439.293381965944,0
2222.9,35.82,71.21,0.917,2915.172883072196,1
836.5,48.4,61.14,0.503,3998.721008256671,1
1568.4,11.95,95.6,0.517,2449.2515823516137,1
366.0,26.58,86.47,0.666,2238.814128943979,0
778.8,31.56,61.65,0.453,2298.291601900473,1
745.3,24.91,94.81,0.462,3073.5298193183003,1
2617.6,16.49,59.19,0.521,2679.466054133037,0
85.8,4.65,69.82,0.608,2244.7595461230644,1
1619.3,13.54,27.33,0.348,3716.959101678021,0
1724.1,32.86,52.04,0.607,3044.462736125268,0
1363.6,15.18,56.36,0.332,2582.8352297146416,0
256.9,42.32,46.91,0.478,2729.890549004804,0
4219.7,23.37,40.26,0.95,2203.29150650846,1
785.2,30.77,89.3,0.472,3250.302876469384,0
2082.4,14.05,39.47,0.722,2121.212786434373,0
148.8,22.78,76.32,0.799,3262.3866470940534,0
1233.3,17.85,33.74,0.526,3220.178984676272,1
1719.2,49.58,36.52,0.41,2871.943363397295,1
458.6,19.13,22.59,0.597,2539.1583658174995,0
1460.2,39.81,63.16,0.324,2388.275147436805,1
3004.7,13.86,60.01,0.826,2631.8811867229247,1
150.7,24.02,76.38,0.638,2545.668291156518,0
3967.9,1.97,79.06,0.388,2790.763691240439,0
231.4,39.43,36.46,0.248,2324.5914377994804,0
2044.6,26.38,43.58,0.681,2671.6320091140874,0
970.9,8.04,30.3,0.706,1953.422979663712,1
1387.6,38.65,44.89,0.462,1738.6416658633884,0
2364.2,16.42,62.72,0.575,6336.123563535769,1
4104.0,20.28,64.72,0.594,2314.032019710344,0
616.6,8.4,43.61,0.539,3730.072876530968,0
4384.5,10.1,50.24,0.307,2544.900343878531,1
438.7,5.03,22.88,0.402,2755.0049180404826,0
777.0,35.73,54.05,0.645,2803.4512240303125,0
1678.0,23.53,77.07,0.633,2815.493195165735,1
442.8,18.63,63.68,0.572,2403.884843606156,0
450.4,22.95,44.4,0.608,2851.920164829056,0
2156.9,28.68,66.92,0.648,2478.712717569769,0
243.1,30.59,21.4,0.584,2509.710803215701,1
4011.5,21.35,61.97,0.638,2283.6920134390725,1
399.4,8.03,51.98,0.511,2761.620447776646,1
952.6,27.72,52.86,0.45,2681.7600712670314,0
494.1,17.55,36.23,0.393,3153.353815787884,1
1286.2,8.75,65.11,0.503,4231.273886796647,1
1241.2,7.84,18.51,0.469,4926.116880854962,0
4945.7,20.2,28.05,0.836,2692.016628528665,0
132.4,6.66,47.56,0.593,2117.902315547129,0
3949.3,18.13,66.09,0.651,4588.480324100406,1
238.9,5.09,66.6,0.559,3040.8325684282963,0
1284.6,40.98,84.96,0.257,2300.3231676906453,0
1187.1,19.68,27.98,0.494,2126.054775353872,1
507.9,13.11,90.74,0.622,2684.950757857667,1
1675.9,18.97,48.05,0.696,2428.303605668713,0
1828.1,20.63,57.29,0.447,2226.09873044446,1
650.1,0.5,49.66,0.205,2644.880665378359,0
4330.9,8.32,81.87,0.721,2515.06079091099,1
236.3,4.38,38.61,0.478,2234.7494261660845,0
1105.9,13.42,64.12,0.492,2354.1316059543337,0
1705.1,19.23,52.35,0.456,2684.950757857667,0
585.7,34.39,64.8,0.632,2699.471378915217,1
794.5,37.26,84.95,0.684,2304.0849673853527,1
841.1,18.04,46.97,0.722,2677.377244238839,1
752.0,33.16,66.58,0.528,2273.3297026652835,0
4147.2,38.66,26.11,0.358,3457.159310720468,1
583.1,1.95,59.1,0.261,2477.7379747911773,0
888.3,11.15,60.62,0.628,2296.82944265442,0
220.6,18.47,52.38,0.511,2593.085069970861,0
1668.2,48.76,34.4,0.644,2737.186268703174,0
2298.1,29.78,49.42,0.892,2405.843033485303,0
3007.3,16.49,74.95,0.603,3032.56448250025,0
79.4,6.18,67.16,0.878,2653.728582368454,0
3011.6,29.4,43.21,0.64,2657.389455432421,1
572.4,18.5,69.39,0.499,2300.9934181647127,1
1315.6,11.0,58.49,0.642,5723.580398195604,1
1736.2,28.25,45.43,0.748,2399.014658635886,0
398.9,21.14,48.46,0.438,2410.4337449665227,0
1732.0,20.95,47.26,0.606,2455.69952792335,0
2599.6,18.4,60.01,0.414,2706.8364814447086,1
48.2,11.7,64.3,0.908,2599.1953476519307,0
1792.6,11.33,43.19,0.414,3249.349866823069,1
166.5,24.83,36.61,0.23,2831.5657108016458,1
1885.4,7.37,55.04,0.105,1719.3636325751927,1
1804.0,2.5,52.1,0.371,2717.3279052509747,0
1058.1,21.02,48.68,0.734,2308.526302699044,0
1863.9,52.18,47.21,0.421,3042.6263673383123,1
1912.0,12.57,78.25,0.537,2389.6958054264883,1
792.2,24.25,36.09,0.674,2824.63727183621,0
2405.5,6.42,39.85,0.263,2234.880481217544,0
564.5,8.37,48.67,0.421,2543.2853215971004,1
2314.6,16.13,90.08,0.488,2305.597405504084,0
324.5,26.48,47.45,0.773,2387.0713997680164,1
1693.5,22.59,63.3,0.565,2809.399743208216,0
1499.2,28.32,27.99,0.815,2206.2559955350084,1
3593.2,10.82,54.38,0.42,2279.792166572983,0
619.3,50.46,47.33,0.755,2870.580091950977,1
3065.4,26.91,35.06,0.47,4190.270672428963,1
169.1,11.0,51.16,0.888,2993.498002585516,1
2000.4,23.09,66.09,0.66,3069.907499987929,0
1243.0,13.46,20.42,0.563,6157.390711571745,0
817.6,13.45,52.98,0.174,2772.919826600196,1
1331.9,18.87,16.57,0.71,2416.253456352275,1
4959.1,33.98,70.94,0.67,3263.4044387259432,1
764.8,22.22,77.64,0.46,2044.3332984682609,0
2826.1,6.75,29.65,0.696,2619.9363876114653,1
243.0,8.14,52.61,0.572,4950.639424020456,1
2264.1,18.33,60.95,0.31,3361.0634793535514,1
587.1,27.36,46.25,0.389,2867.2084775738726,0
530.7,17.79,61.22,0.491,3546.878584648161,1
2345.8,20.94,74.18,0.7,2700.6738913542663,1
3411.7,20.11,78.39,0.337,4162.241924093775,1
358.8,19.7,72.46,0.477,2288.023440927219,1
1775.3,59.15,53.45,0.679,2503.306058978505,0
290.8,18.22,22.73,0.549,2684.950757857667,1
2049.6,10.95,48.92,0.664,2410.1169517409226,1
1487.3,21.47,71.38,0.542,2199.669120970342,0
1408.1,13.38,90.68,0.493,2502.53733020887,1
1698.1,11.32,70.25,0.426,3409.4496203620083,0
4700.5,17.61,76.52,0.859,2333.37696000348,1
366.8,4.76,70.46,0.399,2768.116941784512,0
2336.7,49.71,65.15,0.624,2291.0620662724145,1
88.2,15.38,65.51,0.49,4018.966345701027,0
1498.5,23.94,88.33,0.604,2663.601832436247,1
234.1,10.05,50.67,0.643,2267.6567179326225,1
608.9,10.88,55.21,0.656,2676.219871224434,0
629.1,36.65,72.1,0.595,4862.012495484691,0
2610.8,12.16,81.82,0.624,2488.28256593615,1
600.0,6.28,25.11,0.308,2421.72335854525,1
3401.3,20.43,73.34,0.826,2355.566287451368,0
170.4,5.35,59.34,0.695,3196.908728925775,0
1494.8,29.08,21.54,0.611,6152.102073641381,0
1636.8,8.21,79.23,0.498,4923.379616386608,0
531.7,33.37,76.11,0.621,3083.3384518246635,1
462.9,24.8,33.2,0.579,2630.228824344977,1
2312.8,10.23,43.81,0.484,2370.261749003472,0
520.5,35.91,56.05,0.823,2796.80114183403,0
4432.3,25.27,71.17,0.694,2888.818852152124,1
367.9,17.9,81.15,0.653,2112.718054310361,1
2308.1,19.88,82.24,0.402,1816.789320867513,0
172.5,12.36,42.2,0.612,2487.2915071062043,0
1753.3,20.21,48.73,0.404,2361.737783868188,1
1646.1,21.72,64.44,0.608,2684.950757857667,1
3358.8,7.1,33.11,0.499,2940.4802893120977,1
47.8,35.82,25.82,0.553,2371.030441397904,0
3703.5,41.89,41.62,0.592,2495.708696505976,0
743.2,16.99,49.2,0.737,4872.206825408922,0
2063.6,60.0,37.4,0.581,3760.691332139698,1
1261.1,15.52,67.19,0.281,2408.145042166715,0
645.4,15.06,64.46,0.479,2747.02250817671,1
2380.3,12.35,33.47,0.804,2378.8094640809745,1
2874.8,47.18,74.64,0.78,2653.1108453163843,0
354.5,3.28,71.65,0.377,4164.27253211119,0
4073.3,12.57,60.34,0.444,2357.662080523603,0
771.4,23.33,68.93,0.705,3275.351456290524,1
965.2,17.19,27.6,0.5,3197.8665512565804,1
424.0,16.39,62.08,0.748,3828.639266326288,1
1083.2,22.38,60.99,0.889,1975.614882763333,1
1045.8,17.22,36.47,0.335,2280.937415849019,1
3220.0,19.16,62.38,0.818,2242.16184961463,0
766.5,4.93,60.73,0.415,2185.6501808429525,0
1652.2,29.45,49.33,0.445,2416.9242331493515,0
184.4,18.37,56.51,0.634,3490.633801553727,1
1044.4,29.55,95.04,0.681,2577.923136171517,1
503.8,13.65,48.77,0.548,4147.102474926378,0
416.8,19.93,70.72,0.709,2668.344112889023,1
1695.1,19.4,38.21,0.429,2806.40438575135,0
2500.7,38.73,40.96,0.605,1973.4308053283487,1
549.8,29.39,73.7,0.605,4886.011391335454,1
3409.2,19.22,59.92,0.677,2984.194736364961,1
146.2,21.43,58.04,0.392,2692.718678492824,0
1804.4,9.6,40.44,0.597,2758.23716393796,0
1839.0,15.74,34.1,0.541,2612.6450395409897,0
810.1,8.54,63.23,0.804,2512.386794954848,1
1620.5,60.0,69.27,0.495,2206.3998136753203,1
4595.4,19.41,58.38,0.333,5077.49301897985,1
197.9,4.14,66.16,0.597,4581.342614352438,1
3399.2,13.86,34.36,0.595,3259.9403383627623,0
692.4,11.57,31.74,0.558,2587.81309861637,1
985.7,12.35,72.99,0.496,2384.670697940709,0
1815.6,18.51,22.89,0.393,2805.939294203928,1
1728.8,21.74,41.21,0.65,2029.272423431877,1
755.5,31.7,55.89,0.671,2218.906772108716,0
2015.0,38.51,49.64,0.658,5684.543064259189,0
782.7,27.77,24.97,0.468,4846.9902479857055,1
3593.8,14.83,43.19,0.728,2168.4412643442483,0
335.6,14.49,51.04,0.591,2622.7593754345994,0
1664.7,15.97,36.59,0.516,2057.8261289505595,0
1297.3,49.43,59.23,0.418,2610.035190621404,1
1433.2,9.35,57.67,0.534,2401.3433161364665,1
438.3,11.44,24.64,0.507,2684.950757857667,1
2858.0,60.0,60.08,0.592,1986.3231720419435,1
584.4,8.1,80.77,0.663,2331.782966378835,0
1986.3,27.28,64.94,0.566,2706.6182257633227,0
739.9,12.67,43.76,0.722,2393.873282711697,1
1714.6,25.1,41.38,0.769,3263.4121049961864,0
500.0,20.61,55.58,0.833,3086.368007087548,0
802.6,24.26,73.17,0.251,2422.7049826450484,0
765.7,38.12,63.02,0.683,2518.081307635615,1
3224.5,20.77,72.8,0.838,1637.1053228223657,1
251.9,5.26,63.09,0.465,2435.289836888989,0
2599.7,25.61,51.3,0.572,4812.060443135821,0
788.0,10.23,41.6,0.787,2388.721550705988,0
2092.5,34.15,97.49,0.521,2543.887793216936,1
313.2,18.75,46.03,0.753,3880.4025614716857,1
1515.9,49.66,40.36,0.622,2397.68744307472,1
1314.5,38.28,85.91,0.653,4126.215315903241,1
2118.0,15.27,65.1,0.268,2658.3154171817127,0
899.2,26.62,36.7,0.478,2616.5512307387803,1
1679.3,52.7,59.28,0.438,2705.782835179544,1
78.2,17.0,66.05,0.608,2232.1250262719964,1
865.9,49.2,89.6,0.481,3436.841131074363,1
696.4,18.46,61.32,0.367,3337.469756566042,1
1352.9,12.9,34.4,0.728,2482.4192000554835,0
2063.6,25.71,41.05,0.552,2402.23882194764,1
2047.7,60.0,46.04,0.508,3939.683274425228,1
339.8,58.07,70.29,0.636,3496.996101148424,1
1567.0,10.25,69.92,0.599,3435.7838211364583,1
435.9,7.4,39.09,0.679,5223.602122482248,1
1419.7,40.7,47.46,0.877,2684.950757857667,0
779.8,31.31,41.33,0.702,2243.803014344986,1
1185.3,10.79,28.05,0.706,2377.400553001056,0
2307.3,42.46,44.1,0.651,2603.0068445710485,1
4412.0,11.82,54.99,0.637,2678.444941895288,0
572.0,11.2,55.16,0.211,6123.9950216732,1
4109.3,19.82,52.58,0.551,2032.61845615538,0
634.8,29.3,57.75,0.835,2538.989079454512,1
1139.7,12.37,53.44,0.587,2283.903672097923,0
862.3,25.92,50.02,0.95,3649.8815794824313,0
554.5,32.62,58.73,0.433,2782.0563488277085,1
2060.7,10.51,37.97,0.747,2699.2076859787658,1
3110.9,12.76,46.21,0.562,4861.010536694323,1
340.6,53.54,57.65,0.526,2453.278168593139,1
2757.8,38.34,43.18,0.797,3374.566855661791,0
115.1,18.3,65.56,0.568,2396.481156892746,0
1844.6,19.05,36.11,0.785,2902.84534152621,1
635.3,29.85,33.2,0.95,2854.961406676236,0
625.0,16.95,39.68,0.572,2694.972757961426,0
725.3,9.72,60.26,0.95,4006.729131483537,1
1481.2,34.68,52.85,0.466,2817.825744428216,1
338.3,2.58,30.96,0.605,2647.224058364924,0
2773.6,25.12,62.0,0.604,4353.687187617295,0
522.1,21.27,59.47,0.869,2206.6405368172063,0
2192.8,27.8,38.51,0.085,3353.054988850813,1
1589.3,12.85,38.26,0.772,4895.460170697814,0
1273.1,22.43,26.01,0.616,2718.37445632039,0
1803.6,36.91,31.99,0.917,2405.2109939646657,1
3981.5,6.04,76.81,0.656,3304.9460915704394,0
755.2,5.48,43.56,0.429,3890.80794506287,0
3362.3,18.67,31.2,0.574,2871.398453415754,1
563.9,24.01,56.85,0.841,4845.337787417138,0
1557.9,24.82,57.87,0.507,2507.44288818888,1
1106.7,17.66,45.1,0.688,3109.978783184866,1
1140.9,60.0,55.6,0.616,2399.0869559434973,1
1592.7,15.31,50.8,0.582,2337.8293241036777,0
2268.4,12.13,72.39,0.825,2423.3824717906587,1
63.9,11.07,37.7,0.553,2687.449762813372,1
1548.4,24.37,52.78,0.445,2519.7123725059896,1
740.4,9.25,68.31,0.579,4570.954700937579,1
1766.7,20.84,41.2,0.61,2475.702062262358,1
1174.2,7.11,38.42,0.281,2522.035078294573,0
1760.4,14.41,82.97,0.535,2356.3614547048,1
2035.5,11.06,91.32,0.491,3078.084614866357,1
4874.1,21.69,33.35,0.603,2831.8409064935986,1
284.7,3.54,64.2,0.413,4172.985300166181,0
3628.5,53.24,85.08,0.448,2988.87903664492,1
337.5,15.4,55.88,0.679,2681.2501145214583,1
2298.9,32.23,31.05,0.84,2627.5890942641568,0
369.3,13.37,64.44,0.752,2768.076532548284,1
642.4,25.51,54.04,0.419,4147.275112939689,1
271.9,29.58,72.8,0.544,3362.570918832748,1
1817.5,6.37,68.29,0.371,2655.5884610905505,0
307.2,11.52,56.13,0.784,2635.051263688599,0
4183.3,26.33,51.75,0.614,4155.067786534134,0
339.8,10.34,65.7,0.575,2263.9829976830624,0
2339.2,13.41,61.22,0.782,2617.906471043116,1
1254.5,21.51,75.95,0.498,2303.1290450596766,1
1188.2,20.79,42.57,0.519,2673.1905943665624,0
1127.1,22.27,29.35,0.32,2851.69021011274,1
2874.2,6.36,84.59,0.735,4604.293059234497,0
337.1,22.46,79.59,0.668,2490.8138551189254,1
2617.1,48.73,84.63,0.751,2915.950912667458,1
504.2,23.13,73.29,0.333,4163.946286274641,0
1648.1,13.58,30.28,0.903,2408.783355085964,1
1630.7,9.11,55.9,0.809,2213.082381531192,1
1514.8,18.65,19.12,0.821,2788.421592550933,0
545.8,14.07,72.63,0.547,2765.1323839337683,0
1018.8,26.27,50.64,0.732,2855.938356655293,1
254.3,17.72,57.81,0.619,3662.374477620912,1
4168.6,15.73,5.82,0.95,2501.986354213569,1
768.4,5.8,75.59,0.623,2393.717848958354,0
873.7,20.15,73.33,0.671,2874.1980571428485,0
987.0,15.37,46.4,0.544,2628.7320585516927,0
1718.9,19.54,72.49,0.568,2103.532793438148,1
2112.3,22.21,64.53,0.586,2622.5138892286373,0
2238.8,24.65,73.18,0.616,5691.034920016192,0
545.9,28.4,69.6,0.666,3762.6888444444594,1
2658.7,15.98,56.56,0.497,4410.078196895863,0
450.4,3.96,79.33,0.401,2862.6995881299026,0
778.0,12.51,18.52,0.536,2451.3855067236177,0
1331.6,18.14,93.73,0.786,2081.636606175544,0
898.6,13.08,51.54,0.852,3020.079558862876,0
2062.1,31.61,40.33,0.854,2969.152639450191,0
1670.2,18.53,80.67,0.611,2382.65824381256,1
452.9,31.35,40.37,0.425,2139.962200022738,0
3723.2,19.72,42.66,0.772,1987.3674551252425,1
320.1,8.06,70.06,0.515,2429.188015355013,1
2326.3,20.13,32.49,0.567,1671.6239650858254,1
767.8,9.09,21.76,0.866,2755.705205219729,0
489.1,31.58,42.72,0.575,3993.558836907847,1
763.0,13.35,44.48,0.588,2690.587332496738,1
2024.2,22.31,44.25,0.675,3194.104041393818,0
293.3,10.78,42.27,0.584,3085.125162167268,0
3657.6,41.43,46.17,0.859,2158.8192869072936,1
414.6,10.68,84.98,0.804,2378.807012582204,1
935.9,15.26,24.12,0.615,2770.493882425268,1
562.1,15.89,17.67,0.639,2231.7233351389614,0
714.6,26.27,57.95,0.664,2653.9585395216127,1
2471.0,21.45,69.11,0.377,2538.622999604395,0
4693.9,7.85,17.45,0.735,2840.45351996574,0
832.6,27.2,30.28,0.95,2684.950757857667,0
3986.3,19.28,38.01,0.634,2573.9882048469167,0
684.1,6.83,28.27,0.835,3044.93768171915,1
1704.3,15.28,41.72,0.309,4711.982843666086,1
1636.9,39.23,72.01,0.313,2394.587926245173,1
374.2,17.34,9.67,0.782,5670.566109161321,1
1037.8,19.43,33.36,0.497,2428.791841368988,0
4781.7,16.14,46.37,0.566,1880.097454913112,0
865.3,33.08,53.84,0.434,2370.001742888081,0
1613.7,28.91,26.36,0.677,3001.641219800988,1
242.6,38.1,60.86,0.397,2787.3225831345853,0
943.0,12.99,62.29,0.657,3152.1260445592416,1
865.3,23.97,56.45,0.663,2553.264920421286,0
527.7,16.53,32.36,0.546,1794.070189095972,0
1827.3,9.64,80.3,0.421,2257.485903282597,1
1459.8,11.58,52.64,0.715,4352.639216603285,0
469.2,29.29,38.4,0.36,3053.790017413889,1
3322.5,15.99,79.1,0.751,2291.026233387241,0
219.2,31.0,84.87,0.481,2449.256791580645,1
1594.5,11.17,55.95,0.588,4931.343944597392,1
521.2,26.57,70.05,0.416,2619.242693695021,0
1310.1,28.57,51.73,0.744,4877.17409682051,1
1616.4,17.84,71.15,0.489,3004.0299576199336,1
3263.8,15.53,61.19,0.623,2414.8509001882608,0
628.3,12.25,45.05,0.685,2656.946772703169,0
1786.1,20.94,5.94,0.681,3500.932484292714,0
346.5,16.53,76.36,0.468,2271.265889043626,0
2159.7,33.35,23.28,0.651,2894.216944807293,0
1595.6,24.46,80.51,0.591,4545.426742342404,0
925.0,10.26,58.59,0.591,2774.1684824117046,1
1581.0,25.04,73.43,0.733,3316.1037630124747,0
1434.8,4.33,57.66,0.444,2298.553791885916,0
100.6,17.82,84.85,0.61,2532.623113643621,1
1983.6,12.2,89.42,0.376,2559.696078833392,0
271.4,2.87,60.75,0.498,2455.958129593497,0
1183.2,16.78,43.02,0.376,1714.5809354055812,0
1872.9,16.05,39.05,0.82,2617.9193092378964,1
947.4,13.09,31.82,0.623,4924.562546091434,0
2190.4,55.42,25.81,0.479,2299.1420064253243,1
4903.5,27.98,44.65,0.381,1730.7423995924332,0
419.8,25.6,11.24,0.324,2625.5497907216013,0
2413.0,17.83,56.96,0.499,6325.597784471468,1
725.7,7.23,59.32,0.821,3072.258888826532,0
1346.7,13.39,50.16,0.634,3052.5721477575926,0
739.8,41.81,47.38,0.705,2826.524641017199,1
1049.4,28.36,41.71,0.635,2273.361548802297,1
969.0,11.48,54.01,0.332,2958.832561796982,1
813.2,25.73,61.73,0.232,2522.1565034169994,1
604.0,31.59,47.48,0.341,2526.536726080337,1
2179.1,36.16,78.5,0.647,3270.548352772237,1
655.1,0.57,68.19,0.58,2575.5916832610133,0
1234.2,20.67,57.1,0.51,2752.6368277735924,0
1526.5,39.65,55.45,0.576,2331.85936872627,0
1234.4,32.04,62.45,0.394,3391.504746498425,0
2013.1,16.37,46.44,0.568,2168.0962737842506,0
513.5,8.82,35.63,0.472,2273.622799966736,1
888.1,20.58,35.69,0.42,2751.706223820163,0
2660.9,28.98,54.21,0.281,5222.32405735298,1
637.7,3.7,52.23,0.339,2272.610208724495,1
2388.6,23.65,77.54,0.404,2675.461969603719,0
245.9,19.84,44.94,0.523,2339.6166819971045,1
1789.8,18.04,28.28,0.516,2662.6758630180143,1
2427.1,27.91,68.67,0.574,5075.7880094103,0
796.9,11.62,64.48,0.602,2028.901957997451,0
398.9,6.13,49.81,0.555,2467.14048930545,1
1538.9,27.09,48.92,0.33,2208.861937496873,1
186.7,18.05,43.39,0.723,2357.6418246436374,1
2368.1,23.35,48.62,0.466,2387.3648185930706,0
239.7,26.03,51.89,0.514,2908.3184096433424,1
1721.8,27.79,58.26,0.798,3034.9425974503115,1
2171.5,30.63,33.28,0.539,2595.6874796441643,0
1094.7,15.88,61.56,0.474,2304.8816273177526,0
438.8,2.51,68.42,0.447,2435.44753971456,0
3646.3,17.36,61.63,0.573,2682.0022203259746,0
412.3,30.2,48.9,0.526,2328.7995077385167,1
1331.4,30.09,81.92,0.396,2559.983858422679,1
1798.0,22.06,70.73,0.39,2596.861289851085,0
1736.0,24.96,19.92,0.735,2532.1638568936746,1
1951.4,23.25,89.86,0.519,2747.6799801341,0
4528.7,8.14,31.92,0.442,2464.0017376077626,0
453.4,44.06,83.88,0.774,3670.107509940864,0
1624.9,2.02,57.01,0.729,2575.9095068061174,0
142.9,4.43,33.68,0.446,6153.6330198974965,1
1002.0,10.08,48.69,0.855,2817.715347783877,0
1093.8,6.6,83.92,0.336,2924.827784317441,0
903.2,28.51,5.0,0.672,2367.323631575118,0
528.8,16.83,47.69,0.516,2729.0151426736384,0
3891.9,4.04,44.75,0.42,3361.32847618747,0
236.1,26.08,52.67,0.537,2685.8537226181024,1
3994.8,42.14,76.44,0.638,2162.3736006604504,0
191.8,3.19,56.02,0.419,3406.138887121188,1
876.3,14.81,44.66,0.535,2662.131672846662,1
680.1,60.0,61.44,0.789,2225.733512781216,0
332.0,13.04,41.92,0.402,2858.798557817473,1
884.6,17.48,27.09,0.617,2499.730125458432,0
4694.9,49.71,72.15,0.295,2269.0895462908647,1
839.6,36.44,74.69,0.744,2261.507702248822,1
1675.8,44.7,29.26,0.338,2241.8053788484312,1
494.1,13.08,44.62,0.556,1861.0181363858983,0
1560.6,4.62,39.64,0.399,2704.701172089835,0
1273.1,18.63,77.86,0.276,2636.929023365188,1
1740.0,22.36,88.55,0.882,2565.4741661858075,0
1124.0,16.97,24.81,0.545,2615.54035279215,1
4147.5,21.56,35.85,0.268,2559.906291603746,1
822.8,5.91,83.44,0.633,2088.762632069396,0
2357.2,18.82,63.39,0.575,2539.547512270168,1
257.8,6.37,72.56,0.6,4944.0473956883525,1
1234.2,38.92,55.32,0.701,3327.504186637144,0
1081.7,7.04,29.58,0.677,2940.8942109273867,0
1595.7,34.41,47.26,0.583,2452.080355014491,0
1696.4,41.02,21.33,0.748,2111.5374696507342,0
2597.8,46.02,66.89,0.707,3528.249331516572,0
514.9,10.97,61.87,0.714,5225.924789831965,0
1933.9,60.0,61.2,0.515,2365.607324148007,1
463.0,21.73,86.31,0.459,2684.950757857667,1
1402.6,20.24,40.27,0.344,2479.3839417887525,1
742.0,11.1,56.83,0.178,2447.4522997004924,0
1505.1,51.39,26.05,0.44,3379.2291957038765,0
1296.4,18.58,38.79,0.575,1948.2907348891165,0
1843.7,4.24,57.33,0.883,3975.910787969406,1
406.5,23.72,70.34,0.274,6338.736042452321,0
2884.5,20.61,35.21,0.584,2697.3434071621728,1
664.0,15.7,5.0,0.564,2645.871561908092,1
1330.5,23.49,12.38,0.434,3021.665365418568,1
282.6,49.3,76.96,0.425,2480.2420588316863,1
1054.7,15.67,50.5,0.363,2777.7285737155057,0
920.7,51.18,58.72,0.666,2550.5192273601247,0
937.6,60.0,28.09,0.295,2399.009880112272,1
605.2,10.8,67.67,0.476,2942.6138933555103,1
2615.0,11.53,82.62,0.441,4032.813067102542,1
182.8,5.6,57.82,0.495,2487.311711041553,0
890.1,15.53,67.76,0.659,4430.844707748933,0
733.9,15.71,38.97,0.68,2617.492484699464,0
652.7,9.67,60.12,0.574,2801.484996092893,1
1525.8,14.25,65.78,0.761,4363.165685153089,1
2312.4,31.3,56.99,0.447,5500.091950624743,0
367.0,20.56,100.0,0.645,3692.327731233092,1
2336.0,13.34,33.53,0.647,2326.535504604375,0
389.4,13.34,5.0,0.768,2623.768173765398,1
2007.1,20.56,71.28,0.568,3268.226473463543,0
1004.5,27.6,69.74,0.295,3076.0236792749024,1
746.6,17.6,52.81,0.258,2817.245797058654,1
1967.7,31.68,47.84,0.481,3005.5930438520904,1
4329.6,21.62,95.47,0.756,4350.676854543538,1
684.1,1.21,69.06,0.552,2875.7982066038285,0
3674.6,25.25,43.82,0.824,2506.226374165276,1
396.0,17.61,49.91,0.645,2850.8146398142044,0
1273.2,22.38,91.86,0.549,2425.203320428431,0
1275.3,10.29,33.22,0.441,2070.037490907004,1
415.3,29.34,37.54,0.421,2183.811282289566,0
1640.9,14.9,73.0,0.649,2179.7328760771184,1
2246.8,13.02,47.3,0.401,2149.084967502882,0
594.9,6.25,89.5,0.437,3247.4422436235054,1
1852.8,25.19,58.44,0.56,2495.908088320269,0
390.5,7.61,54.07,0.454,2623.105359445574,1
2101.3,15.72,59.44,0.481,2598.8327110017394,0
1774.5,40.99,33.08,0.299,2534.8612463425206,1
1556.3,7.18,64.81,0.587,2648.1174989298306,1
1583.3,27.74,50.83,0.585,2255.6170902693893,1
2959.9,48.45,10.87,0.472,2684.950757857667,0
303.7,1.57,44.5,0.473,2779.245737231976,0
3243.2,21.04,60.51,0.618,2402.9524088191315,0
337.0,5.71,46.45,0.627,3725.536936239399,0
951.3,10.44,72.42,0.478,2768.5555706606483,1
1275.4,21.99,60.85,0.621,3298.3232348161746,1
1528.6,19.9,68.01,0.873,2156.859957974512,0
1139.9,10.25,60.88,0.55,3513.8994885188595,0
2084.7,21.9,53.95,0.651,3744.766675000397,0
323.2,22.82,46.46,0.738,3134.7023546694163,1
2098.8,7.31,31.33,0.72,2424.3559605504915,1
362.6,50.23,58.13,0.442,3367.4121705311327,0
2264.3,44.86,46.23,0.436,4888.731097832608,0
1872.1,12.57,64.43,0.525,3033.4024298108925,1
720.5,23.62,45.44,0.763,2684.950757857667,1
1016.4,15.6,68.01,0.685,2618.2978358899168,1
3775.6,11.84,53.28,0.586,2790.147414364374,1
499.2,12.43,52.31,0.88,2180.368576707938,0
3304.6,20.45,19.24,0.444,2988.688639658388,1
331.6,22.35,43.25,0.393,2743.483688320384,0
2156.1,15.83,20.69,0.322,2271.8129823609606,1
767.8,26.23,23.21,0.721,2422.7729952009536,1
1490.2,38.15,49.9,0.696,2249.782122958973,1
2234.6,25.97,57.28,0.548,2464.5734728271027,1
795.2,12.97,83.31,0.429,2665.71766944315,0
411.0,18.14,28.1,0.479,2680.4891780667062,1
4334.5,17.19,5.0,0.262,3364.716973704345,0
420.1,6.03,49.67,0.464,2970.836821090481,1
2218.4,33.56,53.77,0.258,2599.6644926226336,1
1057.7,34.12,39.74,0.446,2552.351564351836,1
1458.9,26.15,77.78,0.377,3658.658236550778,1
1367.2,8.33,60.31,0.817,2789.7274523902306,1
4636.3,21.01,34.2,0.449,2747.392079047034,1
466.0,13.88,62.18,0.729,3912.303787215744,0
2617.1,15.52,31.72,0.782,4275.475734697405,0
418.1,9.31,85.95,0.601,3401.815221747528,0
1596.7,11.38,84.87,0.632,2811.241743991154,1
1060.0,10.29,51.04,0.692,3012.016266083113,1
1698.4,27.03,49.83,0.129,3970.7764121600303,1
826.3,22.32,58.08,0.493,2684.878999177666,1
2408.9,33.26,79.39,0.404,2033.508441862896,1
147.1,23.07,51.4,0.572,2463.76637113291,0
1962.0,15.62,52.74,0.329,1924.6959064308523,1
659.4,26.05,88.49,0.728,2067.103999330358,1
881.0,41.31,36.76,0.312,3879.502603897304,1
1647.2,28.14,61.84,0.429,1891.1785501832328,0
1409.8,10.01,65.21,0.712,2559.4771814524206,0
641.4,10.27,80.42,0.684,2617.9060856513133,1
4341.4,23.36,89.42,0.386,4201.904077252782,0
373.3,11.33,48.88,0.635,2884.6418853779737,0
2593.0,23.03,38.07,0.261,3595.693878530879,1
429.4,25.94,82.56,0.538,2152.8797843587454,1
1153.5,18.61,52.66,0.309,3352.795029203306,0
676.9,40.17,40.7,0.653,3421.974371816385,1
999.7,14.04,56.09,0.533,2277.9522475060235,1
2474.9,48.17,44.61,0.653,2706.044572319901,0
4445.1,22.71,13.03,0.95,3679.4049957118,0
22.1,12.32,67.82,0.74,3917.909728593372,0
2360.2,13.99,78.92,0.451,2764.267408270105,1
498.7,3.42,55.46,0.443,2335.1497131805045,1
948.0,12.19,44.96,0.257,2897.0858718693776,1
831.0,22.01,58.28,0.838,2289.7867200680203,0
637.4,28.35,78.75,0.404,2684.950757857667,0
2158.2,8.99,58.51,0.871,3758.606884765919,1
3583.4,29.32,60.22,0.741,2248.723609910576,0
625.7,47.14,61.7,0.831,3911.931658524997,0
3587.2,7.68,94.99,0.288,2338.7537796584147,0
193.3,19.1,55.83,0.497,2874.742538744822,0
1749.4,14.05,15.97,0.83,2401.790881602044,1
1524.1,16.91,34.78,0.679,3282.287625848914,0
1467.8,17.08,72.92,0.388,2698.576709282181,0
2212.0,41.56,69.17,0.674,2492.6483924557942,1
4862.7,25.21,62.51,0.458,1928.400918848549,0
150.0,16.23,27.51,0.465,3714.406175003684,1
3654.8,57.23,33.35,0.631,3434.436893218097,1
298.5,15.94,60.43,0.682,2200.810400532379,0
2302.1,38.96,24.98,0.445,4368.158518286402,1
1240.7,18.57,62.89,0.733,2339.437082618296,1
1216.5,14.71,26.07,0.455,2171.788336742856,0
1422.9,21.24,79.26,0.675,4191.347794482701,0
1635.5,16.02,64.87,0.684,2584.7002726840765,1
391.9,9.6,83.76,0.76,2538.783900368741,1
3732.4,41.42,35.81,0.653,3052.4501152707785,0
593.4,6.13,86.73,0.676,2486.141229904277,0
1363.4,10.87,80.17,0.701,2510.832974158236,1
759.5,23.47,55.09,0.496,2856.758446000214,0
1652.4,7.82,37.38,0.427,2309.7913132165413,0
2107.0,50.06,71.34,0.531,2553.690718458732,1
2844.9,32.27,57.34,0.592,3003.5379798927647,0
768.8,7.75,62.34,0.607,2467.582270731174,0
4080.6,14.31,84.7,0.579,1960.9387447962129,0
81.5,12.38,89.24,0.46,1773.4217423147468,0
2384.1,28.09,42.85,0.744,2737.152298289931,0
1036.5,19.12,61.25,0.155,3371.676601929007,1
793.6,11.42,72.44,0.504,4838.244690930095,1
1365.7,16.97,96.84,0.548,3119.703732730871,1
1134.8,46.03,65.4,0.569,1625.543263914624,0
596.8,23.31,61.8,0.37,2509.158410311686,1
4172.3,14.63,24.48,0.706,3430.616205172126,1
788.5,11.43,48.26,0.514,2377.518720301238,0
2267.8,21.9,55.64,0.306,2196.0403582772547,0
1278.8,40.2,69.27,0.549,2599.9436224041506,0
1704.5,8.84,71.9,0.55,2446.881105617369,0
1141.4,19.3,17.58,0.626,2468.480546249876,1
4861.9,13.8,47.96,0.717,2323.4573429150346,0
528.2,32.69,60.15,0.585,4198.6374074090745,1
2479.8,41.02,68.55,0.697,2331.513635454256,0
649.7,8.98,67.46,0.463,2843.4245778183245,0
2090.2,25.42,52.76,0.654,2653.7028453834337,1
1261.3,38.23,55.07,0.811,2597.284946377566,0
1318.2,11.19,56.45,0.7,2650.031037325136,0
736.6,25.84,26.9,0.493,2478.0315057326893,0
2013.8,1.97,22.94,0.43,2510.8083560427785,0
761.7,28.53,57.11,0.439,3655.686609635967,1
3981.5,28.72,64.46,0.939,2528.940274488113,0
678.1,46.72,44.01,0.718,2377.811508228591,1
948.2,19.79,61.39,0.489,2681.2804251475145,0
1552.1,22.57,65.35,0.533,2590.042807380197,1
351.0,60.0,43.79,0.756,2239.371046795384,0
644.5,38.6,70.95,0.621,2766.34250747441,1
1296.4,25.0,28.15,0.54,4146.361224161133,0
349.5,8.27,89.77,0.284,2084.732214946825,1
2868.5,32.89,25.59,0.755,2834.186021621685,0
297.4,11.59,46.19,0.839,4868.726717960382,0
1407.6,5.96,23.12,0.253,2533.255664198126,0
1349.6,14.2,93.95,0.509,2579.5170355353657,0
1415.0,24.6,59.55,0.624,2374.975689737607,1
735.8,23.35,64.24,0.297,2626.230061943059,1
3642.9,17.29,8.81,0.95,2823.778176345367,1
672.5,25.05,23.65,0.451,2514.368862018171,1
3025.7,16.96,52.69,0.739,2295.128753740696,0
103.2,34.57,33.15,0.392,2857.063817952407,1
1176.5,15.06,62.73,0.2,2454.2251129219167,0
1020.8,23.65,36.58,0.45,3214.727430606491,1
392.1,46.52,84.89,0.558,3591.718298654143,1
2225.7,13.6,53.08,0.749,2758.180255611843,0
2338.1,16.09,25.67,0.152,2483.9211658292656,1
732.7,48.22,11.8,0.757,2260.743838455542,1
1915.5,39.91,63.48,0.626,3298.455535350044,1
557.6,9.13,65.73,0.896,3642.539290860909,1
1839.7,24.4,51.64,0.678,4172.779359411104,0
1472.0,12.64,54.02,0.604,2720.031653279169,0
450.1,22.59,49.67,0.249,2535.1303816266573,1
1263.7,38.63,70.41,0.48,2260.328727817277,1
3442.6,11.35,54.41,0.704,2412.4716206360904,1
240.8,17.38,67.38,0.495,2567.551810518078,0
4167.5,37.84,84.51,0.791,2292.574834626367,0
429.4,6.72,70.94,0.59,2440.352830143106,0
1778.0,27.82,52.24,0.379,2296.50111836236,0
1381.1,8.84,40.2,0.426,3075.4947405606863,1
327.5,29.01,79.19,0.614,2996.9157160858485,1
1899.2,28.92,48.24,0.931,1934.0155322993985,0
2601.6,24.55,48.37,0.53,2656.3364692400005,0
486.6,14.04,51.53,0.526,2234.928182625535,0
4150.2,12.3,43.95,0.639,2884.497316728932,0
791.9,5.57,74.04,0.61,2651.148853649247,0
887.4,24.6,47.0,0.355,6329.300003462734,0
1355.2,31.39,18.94,0.539,2371.63081778976,0
1538.2,23.44,46.77,0.301,2625.637738347944,0
2331.9,12.16,54.47,0.95,2424.973350561628,1
3801.6,55.41,64.01,0.676,4296.415689315423,1
63.8,33.51,70.74,0.617,2684.950757857667,0
3133.5,11.15,59.15,0.713,2485.961173183498,1
662.3,21.38,59.41,0.706,2372.320989966637,0
1018.4,24.56,35.76,0.492,3324.2497513244507,1
792.9,15.48,49.43,0.548,3649.710536450084,1
744.9,20.55,85.66,0.805,2438.28134578529,1
356.3,9.94,79.26,0.655,2771.6188495128026,0
4776.3,4.59,18.49,0.362,2639.927915888963,1
25.0,8.12,22.08,0.558,2753.460871574569,0
1871.6,46.16,33.45,0.736,4370.020527482543,1
631.2,10.09,64.59,0.687,2646.6808243224905,0
1907.0,20.45,44.14,0.827,3438.8800065475834,0
925.3,7.45,43.5,0.44,2627.702081502842,0
537.0,36.37,77.98,0.719,2629.342014752207,0
1313.7,42.61,73.46,0.95,2801.33223921678,1
1557.2,6.24,90.95,0.585,4181.805052689494,1
302.3,10.89,55.54,0.754,2291.699511748252,0
1743.3,41.13,75.94,0.277,3255.3556483179946,1
642.0,6.43,42.17,0.865,3048.245471440492,1
849.9,40.73,44.3,0.596,2818.6053902976355,1
1513.1,25.52,51.38,0.505,4091.22227136262,0
1765.7,22.87,100.0,0.862,2673.329795183204,0
333.5,27.4,51.05,0.914,2668.8052162323456,1
3898.7,40.67,37.08,0.526,2647.6414640582416,0
555.2,27.67,26.28,0.477,2499.867684464206,1
2586.0,25.02,48.06,0.712,2323.8730944041663,1
585.2,12.96,72.18,0.845,4482.713706493707,0
1331.3,32.56,72.12,0.458,2540.3459480817096,1
1424.2,21.7,14.68,0.469,2528.268793509715,1
1044.4,25.93,41.33,0.712,1742.0943177956997,0
1429.3,42.79,53.77,0.912,1880.2897187078188,1
4920.6,24.81,29.25,0.341,2694.253837677682,0
41.8,24.86,65.15,0.853,4149.888628327469,0
4019.3,19.88,49.95,0.818,2373.289937848293,1
205.0,22.18,76.83,0.95,3995.0275868994727,0
875.4,36.76,67.31,0.663,3042.739155669896,1
707.4,10.05,37.78,0.74,3213.9397596735976,1
353.1,42.56,77.13,0.283,2200.1589175356635,1
1346.1,29.83,33.79,0.629,2947.4346811922383,0
1097.6,28.96,66.15,0.644,4347.474973209385,1
393.5,41.79,67.15,0.698,2458.3988035478665,1
3013.8,12.62,35.88,0.511,2356.313158074493,0
131.6,16.84,54.23,0.563,2281.3726672123853,0
1729.3,8.42,61.37,0.197,3537.322431830976,1
980.2,16.08,43.58,0.742,2747.0127530105583,0
1752.1,5.33,77.58,0.186,3341.0904323273767,1
1644.6,6.0,61.78,0.7,2250.042203629894,1
3958.9,13.41,20.66,0.901,2495.9270794824147,0
699.1,43.5,37.46,0.456,4325.332769894403,0
2237.0,20.55,17.81,0.396,2368.5748147916283,0
676.2,1.59,69.34,0.828,2851.967633511188,0
1147.8,15.65,27.4,0.488,2037.7591216859992,0
1373.1,42.37,75.6,0.374,2479.4610039246227,1
341.0,17.19,39.44,0.784,2419.72212486168,0
1101.4,32.71,47.6,0.709,2036.690301355588,1
3561.6,17.14,60.2,0.522,1852.4238037969424,0
187.6,33.59,69.78,0.512,2805.243072863561,0
2027.1,22.22,40.71,0.476,2313.3118677379416,1
363.8,6.38,90.38,0.79,2954.342001154298,0
1365.7,18.52,12.16,0.323,3909.882019021452,1
1256.6,25.06,83.95,0.276,2657.8684743565614,0
1528.8,12.52,86.39,0.666,2603.8672024684392,1
289.9,19.98,49.68,0.55,4465.311628667299,1
641.7,48.27,67.84,0.669,2537.768881668463,0
355.4,19.17,24.21,0.479,2494.1569940238164,1
4321.6,38.62,53.35,0.724,1763.0050775749055,1
518.5,7.03,26.15,0.656,2684.950757857667,0
1419.1,29.38,49.53,0.607,2684.950757857667,0
1636.4,6.55,59.14,0.746,4757.919239386007,0
1284.4,16.7,77.44,0.721,3337.789202004402,0
1009.7,21.7,72.81,0.327,4310.86682405628,0
3178.7,39.69,100.0,0.918,2329.222415831627,1
559.0,19.03,64.68,0.945,2685.72822552055,0
3204.3,9.82,46.28,0.575,2786.792124106819,0
347.1,8.39,44.32,0.437,2978.5714804289505,1
1599.7,13.15,89.86,0.481,2413.2870669966032,1
1409.7,19.6,81.83,0.874,2384.292711264337,1
857.8,47.26,94.22,0.474,2635.6925570434128,0
252.9,7.82,68.19,0.238,4860.315440789433,1
3274.8,20.74,64.78,0.602,2573.14894716441,0
835.5,14.94,44.2,0.4,3096.691550119848,1
3376.4,41.4,59.7,0.457,2659.2448358498627,0
326.9,2.96,55.78,0.53,6327.751992666976,1
1997.8,20.12,77.39,0.626,2688.6367471156486,1
376.8,28.68,60.67,0.582,2751.8299464338447,0
1206.9,17.32,46.65,0.566,4467.283421211101,1
1659.1,28.24,40.85,0.672,2636.108791469137,0
4954.3,7.77,32.9,0.805,2350.826187279351,1
675.2,13.1,48.33,0.696,3324.5581108063143,0
1884.7,12.34,63.58,0.871,3076.206247912333,0
69.2,9.26,27.34,0.647,2684.950757857667,0
724.2,12.24,63.98,0.555,3095.2444576500634,1
694.3,24.53,42.8,0.602,3562.973170627337,1
787.7,16.07,20.71,0.707,4323.73527452101,0
1098.7,7.78,75.18,0.637,4280.58613483994,1
1210.9,20.88,56.47,0.742,6143.902530908065,0
698.0,10.21,48.08,0.501,2915.4701123345503,1
2597.4,17.97,35.81,0.031,2269.481675497864,1
483.4,19.38,68.25,0.568,2654.579982527012,0
1223.7,18.26,51.32,0.341,2343.910369095847,1
1170.3,50.65,16.69,0.674,2736.859401317409,1
1310.7,14.99,82.44,0.567,2668.599599008207,0
711.8,14.34,42.09,0.589,2684.4899038278195,0
4375.5,19.85,50.22,0.217,2465.565812626174,0
166.0,38.04,62.62,0.563,4343.742485815717,1
2017.0,17.76,69.73,0.881,3696.868401107341,1
705.6,5.33,62.52,0.425,2773.722886662121,1
2183.6,10.83,44.46,0.371,2769.110148683477,1
364.2,19.64,59.71,0.683,2636.5651097607283,0
301.5,27.78,64.36,0.595,2764.766639720299,0
2458.6,10.0,45.29,0.574,3993.7958788370265,0
1353.0,17.51,50.74,0.568,2282.7452444757805,0
809.9,14.21,65.9,0.756,2408.256799034933,0
3983.7,26.67,29.67,0.492,4407.723125445485,1
75.4,11.1,59.82,0.144,3507.0761008676664,0
1877.7,11.95,55.3,0.793,2319.017800675784,1
1684.7,53.37,67.26,0.572,1888.4568288177647,0
1373.9,10.46,48.29,0.483,3766.684571144737,1
995.4,20.81,58.36,0.57,2202.335961578469,1
4828.7,6.03,61.97,0.496,2824.786329828324,1
346.1,1.24,100.0,0.433,2573.843554794019,0
1626.2,60.0,55.97,0.672,3675.4752323183575,1
692.3,16.3,56.39,0.95,2643.2727542891066,1
704.8,29.57,85.47,0.255,2994.033274435559,1
1639.2,11.27,41.78,0.751,4196.165719868736,1
821.4,29.26,46.17,0.667,2202.386703048927,0
570.7,10.19,53.0,0.548,2368.11378319196,0
3093.6,27.23,47.26,0.693,2781.4487373870265,1
608.4,25.67,35.94,0.814,2422.6413310595526,1
3202.8,21.1,72.44,0.647,2553.157768066205,0
515.9,14.4,69.8,0.518,2340.165753521987,0
1992.7,28.9,42.12,0.149,2507.244317844945,1
982.3,23.02,75.41,0.698,2291.1905092765032,1
1120.2,10.65,73.58,0.562,2416.893193405168,1
608.5,19.62,40.93,0.57,4086.828356552783,0
1405.4,60.0,55.61,0.651,2892.0645124762914,1
141.7,26.47,67.75,0.56,4471.393839831939,1
3125.3,13.5,47.4,0.362,2484.3698538400936,1
389.9,17.01,77.67,0.686,2259.460589178484,1
1938.1,15.54,79.59,0.43,2476.0588531943504,1
1203.7,31.31,37.01,0.444,2469.8876485083288,1
1083.3,12.22,83.39,0.592,4849.268678256739,1
704.5,17.18,27.48,0.89,3728.720162345824,1
3456.6,35.08,25.66,0.54,2737.450088230302,1
233.4,2.45,74.47,0.496,3405.2298649625222,0
1921.3,17.94,46.95,0.296,3358.385800128008,1
492.0,14.6,66.93,0.673,4142.822166776668,1
1708.4,17.62,55.7,0.706,2815.891311991053,1
935.4,25.11,30.64,0.539,3410.719871235383,1
1373.0,20.26,84.78,0.673,2938.8874203764285,1
1533.0,29.0,22.83,0.537,4379.438471864725,1
722.8,18.83,50.18,0.614,2493.847488831362,1
224.1,7.4,67.49,0.462,2650.4093874722275,0
2879.1,22.17,61.39,0.616,2488.297889216545,0
371.0,10.39,5.0,0.638,2684.950757857667,0
2229.2,17.72,52.25,0.578,3562.4219353233766,0
618.6,31.95,68.56,0.743,2678.9612159166654,0
981.8,27.37,45.29,0.462,2087.0700184601287,1
2191.8,21.37,66.4,0.61,2638.610820393568,1
1312.3,52.49,52.86,0.432,4356.7692213068485,1
102.4,29.9,49.12,0.643,2182.7150441254694,1
3750.2,9.24,57.44,0.672,2675.6930339727764,0
446.0,14.41,86.04,0.608,3509.652847511833,0
2052.4,7.56,48.12,0.593,2671.187258625994,0
1083.9,25.42,84.84,0.835,4944.788341771239,1
374.4,40.44,16.8,0.603,3444.9845461540945,1
1063.0,25.6,74.76,0.377,3148.306152426133,1
3536.7,15.96,43.31,0.421,3162.772449784705,1
259.7,11.38,36.16,0.552,2153.427885855189,0
1865.9,30.96,62.44,0.498,2689.1410961029737,0
679.0,40.08,63.17,0.697,2454.3969127095334,1
1234.9,16.65,87.23,0.258,3077.706632235725,1
939.8,16.35,29.7,0.207,3736.20336134532,1
1721.9,13.15,69.77,0.451,4195.426986997819,1
974.7,10.9,31.7,0.778,2954.7764716717784,0
4424.2,20.63,30.98,0.761,4787.397550452636,1
425.4,29.25,69.77,0.845,2582.542053206184,0
3990.4,40.01,66.97,0.116,2214.736237363431,0
719.2,2.98,12.81,0.895,2222.609444751888,0
1545.1,13.27,41.48,0.517,2718.914597001361,0
1074.9,13.5,69.49,0.296,2755.9272752368897,0
307.2,3.3,16.42,0.646,2742.828625487425,1
2194.3,40.76,32.5,0.373,2551.4606614286404,1
1661.4,31.09,83.48,0.502,2345.142547641833,0
660.0,28.47,67.93,0.748,3110.8273678226965,0
2135.2,10.26,34.82,0.426,2540.779645380218,1
773.5,6.41,94.32,0.725,2297.416841941448,1
2209.8,7.26,57.2,0.409,3744.876100601245,1
936.7,28.77,54.32,0.791,2527.2017119464003,0
1417.2,15.36,42.22,0.815,2759.5439587424407,1
1888.9,21.54,56.4,0.506,2766.108685827654,1
3338.3,31.16,64.44,0.449,4158.812725312208,1
668.3,14.6,15.64,0.491,2509.6925431145323,1
3903.0,16.46,63.04,0.685,2356.995110947329,1
304.6,27.02,76.07,0.417,2246.3013853902207,1
2380.8,35.0,49.5,0.352,2734.764352115119,0
658.3,19.7,31.0,0.291,2755.6553385773364,1
1710.8,15.98,6.43,0.527,2707.1015500975773,0
527.9,18.57,70.27,0.583,2684.156275265522,1
1115.7,22.25,68.64,0.34,4559.338159793812,1
93.2,14.32,89.7,0.479,2267.277683848982,0
4296.6,25.51,48.03,0.417,4154.025535646148,0
296.9,42.74,51.12,0.901,2821.771139689776,0
2148.5,37.07,38.29,0.735,3337.8579971193853,1
1567.2,49.82,51.27,0.353,2067.4861069728627,0
677.5,11.98,52.51,0.95,2550.706459731348,1
1681.4,28.62,23.78,0.277,2831.770388201327,1
703.9,24.91,30.22,0.339,2762.7504364756965,1
777.3,11.25,61.91,0.697,3322.1542840968505,0
4400.4,59.89,21.51,0.499,2967.798030208022,1
753.7,13.31,73.53,0.471,2504.841489986599,0
1300.8,34.69,94.89,0.763,2762.9071244347256,1
683.7,18.33,58.39,0.571,3040.4939953363714,0
1621.9,30.66,37.4,0.687,3381.6970001209256,1
474.2,42.68,26.81,0.4,3016.870210753156,0
1796.3,24.75,30.95,0.647,4592.612422223407,0
286.4,5.86,55.13,0.55,2371.3015081847875,0
4019.5,26.16,5.0,0.335,4210.340325870807,0
118.7,23.76,68.37,0.914,2320.718992215427,1
1027.7,8.79,55.85,0.464,3065.133043208355,0
1409.0,22.32,19.62,0.656,6123.197320279194,0
1636.5,11.93,57.49,0.542,2185.262242262532,1
1362.1,22.92,78.72,0.669,5320.9425259380405,1
733.1,24.41,39.67,0.886,3268.6224668179248,1
98.9,18.37,75.04,0.39,2861.7667796710275,0
2358.5,31.49,56.9,0.648,2687.111822775316,1
405.0,16.41,90.56,0.53,3412.453146767896,0
1070.0,19.6,61.45,0.6,2272.390841035929,0
382.9,9.77,65.22,0.579,3072.171030520936,1
1126.8,13.55,60.7,0.456,2755.5298772723845,0
1692.6,13.32,45.51,0.592,3063.029022339635,1
4560.6,20.83,71.99,0.208,1881.401556660767,1
65.6,45.68,67.14,0.408,4009.517200412825,1
4445.7,18.84,40.88,0.639,2465.891203416045,1
724.3,11.22,77.74,0.581,2239.137748213766,1
1439.0,29.57,75.56,0.45,2583.5122819920184,1
925.2,12.43,29.33,0.547,2212.547624704225,1
969.7,30.97,53.39,0.791,3795.708300273253,0
2407.5,18.4,35.35,0.485,4228.506553149723,0
2890.7,8.07,55.26,0.469,2754.6579611247475,0
737.0,22.82,45.56,0.423,2845.004804733449,0
2240.1,3.53,51.13,0.443,2423.373677010555,0
109.2,23.95,26.29,0.528,2666.158174972167,0
1857.6,24.97,44.57,0.581,2350.9896929497804,0
1685.9,14.11,41.84,0.503,2392.631019151394,1
1650.7,20.42,76.52,0.774,2255.4637957956065,1
2071.7,17.9,74.46,0.415,2784.5510490008787,1
1576.4,23.45,16.41,0.393,2672.19957346171,0
271.8,3.72,58.97,0.81,2116.517126765057,0
2166.9,16.8,84.37,0.591,2705.4363942545942,0
721.4,14.37,24.87,0.454,3159.0111975692744,0
1285.0,17.56,15.42,0.577,2324.359785581796,0
889.2,11.48,82.66,0.735,2703.1825220096853,0
1067.2,15.58,31.04,0.39,2782.042637628198,1
1992.7,27.22,49.18,0.557,2419.001111433025,1
579.5,27.28,88.79,0.653,1943.2769258485985,0
713.7,9.61,15.05,0.653,3365.46456194431,1
2105.2,14.58,81.96,0.696,4317.701503762611,1
166.1,14.31,70.13,0.603,2684.950757857667,1
2120.3,12.39,39.45,0.904,2695.5613456036235,0
536.9,41.14,58.19,0.58,4184.030915781955,1
809.1,23.91,63.21,0.491,2668.59826778601,0
1282.0,16.87,58.16,0.345,2078.6528596487337,0
4761.1,25.03,61.71,0.322,2725.054037727716,1
607.5,19.63,35.32,0.797,2881.7677726431098,1
3497.2,21.34,61.69,0.735,3324.707120614524,1
669.7,38.19,67.15,0.824,3008.1892062223915,1
2396.7,16.78,64.7,0.446,2506.069427287431,0
1201.0,18.85,59.13,0.612,3901.078813872873,1
1409.8,20.34,44.91,0.313,3715.198520206808,0
2019.4,6.4,51.97,0.602,4154.295909149464,0
3722.3,9.44,44.7,0.591,4293.0199444055,0
837.2,5.72,52.21,0.466,2543.8373138976285,0
1519.9,24.4,22.65,0.606,2023.5529756799333,1
668.0,15.41,55.41,0.36,2266.7275057177094,0
1891.1,5.65,100.0,0.341,4038.188704852168,1
539.7,26.18,29.93,0.768,2424.012980673916,1
1320.5,26.92,57.79,0.859,2812.530339620057,1
1840.6,17.7,35.1,0.74,2323.589585568552,1
3930.4,10.18,69.78,0.766,2943.1063115607617,1
181.5,9.06,71.42,0.818,2968.6087116133767,0
2520.3,18.38,71.88,0.688,1717.4185649151582,0
268.8,13.0,44.14,0.675,2545.1149489842337,1
881.1,32.0,32.53,0.95,4102.724491756785,1
804.2,27.83,70.64,0.754,2289.230523100257,1
805.1,6.02,57.69,0.568,4548.624938538824,1
700.7,15.74,49.29,0.761,2185.959269384989,1
4467.7,23.33,41.29,0.504,2340.949799671736,1
449.5,22.41,23.16,0.671,5495.927451144326,0
2999.0,23.96,41.18,0.453,2484.0373080143777,1
507.3,21.55,75.88,0.507,2538.7151357949588,0
1429.4,15.29,95.15,0.711,2657.920902254563,1
1057.1,15.62,31.71,0.537,2714.503092382161,0
690.0,11.61,43.33,0.141,2657.661353866106,1
279.6,34.91,88.69,0.166,4412.517231580495,1
3399.0,19.43,55.38,0.488,2819.0574112766,0
320.5,15.45,31.31,0.857,3450.135419982442,1
2775.2,35.23,59.31,0.542,2419.001739940853,0
788.2,4.58,34.74,0.705,2486.963081587042,0
1171.6,17.88,53.4,0.53,2756.6910676292337,1
860.8,17.09,35.59,0.598,2441.3670813348367,0
775.9,12.69,86.64,0.696,4152.9596498723095,1
1713.4,11.46,78.03,0.768,2684.950757857667,1
1378.4,27.69,77.8,0.425,2207.7925362829915,1
351.6,23.23,44.61,0.812,1910.4735060295743,1
1933.9,21.7,85.28,0.631,3098.5187533081253,1
517.9,16.2,52.38,0.59,2993.09529129269,1
1108.8,15.4,100.0,0.503,2047.5200236642745,1
823.2,9.4,40.77,0.599,2345.8467131510665,0
1554.9,17.04,48.72,0.387,4694.900491408248,0
956.1,11.45,69.8,0.628,2810.996369041122,0
1552.1,19.33,76.46,0.51,2688.4640282492287,1
468.3,4.76,80.5,0.599,2366.1795466650537,1
3604.3,36.74,39.99,0.691,2547.0377928726657,0
79.3,8.55,34.33,0.448,2200.371657997509,1
1139.3,32.7,44.89,0.876,3435.3032447133955,1
1175.6,13.51,88.06,0.615,2639.025776374788,0
536.8,14.97,66.27,0.352,2180.743340147782,1
1445.7,39.22,58.69,0.359,1729.6218791470917,1
1339.8,7.1,76.58,0.597,2183.531884632368,1
238.6,18.14,42.62,0.599,2047.8651015705832,0
4448.3,25.62,36.56,0.04,2424.694816605357,1
545.1,17.59,46.92,0.642,2493.956655456556,1
1537.9,21.87,82.69,0.562,2441.8198506370845,0
1688.1,37.41,49.03,0.52,1890.1017898517184,1
934.0,38.42,73.84,0.669,2528.6727156238226,1
543.7,20.57,64.4,0.383,3434.379033017892,1
4488.0,41.17,39.84,0.95,4733.046092180463,0
439.6,10.24,81.28,0.558,2254.3530102564687,0
1996.6,27.74,73.87,0.696,3473.3220945926137,1
233.8,15.38,67.64,0.455,3039.6501405608024,0
2136.3,28.59,43.71,0.651,2198.6391037703456,0
1115.6,33.32,59.77,0.389,2764.190359384136,1
1560.5,12.04,72.08,0.168,2542.084437569287,1
309.4,24.99,40.94,0.357,2551.5903634168103,0
1559.3,11.08,10.46,0.552,3079.4081244672097,0
166.4,12.37,45.16,0.428,2684.950757857667,1
3493.5,26.82,49.11,0.629,2374.230011148049,1
596.1,44.09,65.3,0.392,4610.7497448670965,0
997.9,47.33,74.75,0.463,2287.7911774302243,1
475.2,23.18,53.94,0.617,2573.8178231435845,0
1611.0,16.72,49.42,0.755,2325.848818461741,0
1744.4,12.11,36.11,0.514,3082.5196546500856,1
2455.5,28.96,33.11,0.682,3046.4403146581885,0
713.7,0.55,77.28,0.272,2907.2970865849875,1
2404.2,18.71,75.22,0.464,4328.799136885937,1
426.1,7.4,16.18,0.497,3249.94595166953,1
1947.9,54.43,76.51,0.44,4461.644666809667,1
784.9,10.33,64.64,0.457,2847.584377952705,0
1568.4,33.46,89.39,0.305,2465.8308778105347,1
2300.2,26.53,69.88,0.623,1854.5765465108109,1
2377.1,10.72,48.66,0.527,2436.0936279460293,1
487.1,24.83,23.41,0.482,2380.325749128113,1
